solid Gmsh Surface 1
facet normal 0.239848 0.83244 -0.499516
  outer loop
    vertex 61.2557923746161 215.8110818609896 -110.3327007126498
    vertex 75.53079738667357 202.6431079274365 -125.4227629086626
    vertex 48.75024882627422 203.8725683602597 -136.2328488638756
  endloop
endfacet
facet normal 0.209107 0.845791 -0.490827
  outer loop
    vertex 48.75024882627422 203.8725683602597 -136.2328488638756
    vertex 39.633011397753 218.051032392795 -115.6847945063734
    vertex 61.2557923746161 215.8110818609896 -110.3327007126498
  endloop
endfacet
facet normal -0.14609 0.901014 -0.40845
  outer loop
    vertex -41.76087814064459 218.2680180599895 -114.5211829710396
    vertex -44.30708278086286 229.1182324565885 -89.6756264066132
    vertex -21.51916631975255 226.2569923961609 -104.1378839459802
  endloop
endfacet
facet normal -0.231195 0.723685 -0.650252
  outer loop
    vertex -55.52625932395994 170.7000983413929 -174.0066405391678
    vertex -72.74294121296117 178.545179929682 -159.1542749270818
    vertex -44.84767845020441 188.2801778751316 -158.2379864537458
  endloop
endfacet
facet normal 0.175973 0.142417 -0.974038
  outer loop
    vertex 46.57872927201692 19.20635030033197 -244.8704516423839
    vertex 37.71467405043309 50.94047586159665 -241.8319070765139
    vertex 60.18256815257462 36.92250463335299 -239.8224075063895
  endloop
endfacet
facet normal 0.152371 0.136288 -0.978881
  outer loop
    vertex 21.23837813219502 36.55000790818159 -246.4001384257439
    vertex 37.71467405043309 50.94047586159665 -241.8319070765139
    vertex 46.57872927201692 19.20635030033197 -244.8704516423839
  endloop
endfacet
facet normal -0.240058 0.746308 -0.620803
  outer loop
    vertex -44.84767845020441 188.2801778751316 -158.2379864537458
    vertex -72.74294121296117 178.545179929682 -159.1542749270818
    vertex -64.85168093041889 194.6701258084216 -142.8208724179783
  endloop
endfacet
facet normal 0.130128 0.825679 -0.548927
  outer loop
    vertex 48.75024882627422 203.8725683602597 -136.2328488638756
    vertex 20.87272354876525 200.8402038280458 -147.402652411569
    vertex 21.66747764825148 213.9718554382429 -127.4620158819019
  endloop
endfacet
facet normal 0.147195 0.843436 -0.516672
  outer loop
    vertex 21.66747764825148 213.9718554382429 -127.4620158819019
    vertex 39.633011397753 218.051032392795 -115.6847945063734
    vertex 48.75024882627422 203.8725683602597 -136.2328488638756
  endloop
endfacet
facet normal -0.132598 0.46003 -0.877946
  outer loop
    vertex -42.48452179953043 105.1019365566154 -222.8197664919215
    vertex -43.46036860243788 122.4408907722172 -213.5870422751489
    vertex -23.29120331225695 106.6522057157804 -224.9062623944161
  endloop
endfacet
facet normal -0.210106 0.238274 -0.948199
  outer loop
    vertex -36.77310600382229 60.77383503101484 -239.6962236883482
    vertex -63.25311709361044 47.67069992814069 -237.1213772444466
    vertex -62.83432659762661 70.49294200699775 -231.4791405898615
  endloop
endfacet
facet normal 0.14526 0.631988 -0.761243
  outer loop
    vertex 52.1540665743833 157.7881400992555 -186.7695269142494
    vertex 34.83488741004039 145.3613884702893 -200.3911109832955
    vertex 22.51731826901974 165.4273792893747 -186.0826498076084
  endloop
endfacet
facet normal 0.685024 -0.717589 -0.125728
  outer loop
    vertex 180.8192333177182 -171.2745747480433 -21.66621580409283
    vertex 162.4087899855978 -188.7697467146972 -22.12165592090757
    vertex 170.5322050988683 -176.642965683116 -47.07472462788274
  endloop
endfacet
facet normal 0.903389 0.427271 -0.0364443
  outer loop
    vertex 230.9698831278217 95.67085809127234 0
    vertex 225.7915579504064 104.5533720859221 -24.2232273611711
    vertex 220.4803160870888 117.8491842064993 0
  endloop
endfacet
facet normal -0.120048 0.472572 -0.873078
  outer loop
    vertex -23.29120331225695 106.6522057157804 -224.9062623944161
    vertex -43.46036860243788 122.4408907722172 -213.5870422751489
    vertex -21.36255049036052 129.0578072035341 -213.0439481336239
  endloop
endfacet
facet normal 0.650571 -0.744482 -0.150014
  outer loop
    vertex 170.5322050988683 -176.642965683116 -47.07472462788274
    vertex 162.4087899855978 -188.7697467146972 -22.12165592090757
    vertex 150.9160447021329 -194.5072768389927 -43.48869632609444
  endloop
endfacet
facet normal 0.0313995 -0.860584 -0.50834
  outer loop
    vertex 19.21702084086177 -208.9986506740506 -135.8317714175445
    vertex 9.467547472201012 -222.5716529896238 -113.4558276613772
    vertex -7.741611257899788 -214.8206429135197 -127.6407412754784
  endloop
endfacet
facet normal -0.188372 0.288562 -0.938748
  outer loop
    vertex -62.83432659762661 70.49294200699775 -231.4791405898615
    vertex -43.18417855752482 87.18064033013695 -230.2925588766148
    vertex -36.77310600382229 60.77383503101484 -239.6962236883482
  endloop
endfacet
facet normal 0.154688 0.665753 -0.729962
  outer loop
    vertex 22.51731826901974 165.4273792893747 -186.0826498076084
    vertex 43.14224402802886 177.3516428791345 -170.8365931183889
    vertex 52.1540665743833 157.7881400992555 -186.7695269142494
  endloop
endfacet
facet normal 0.503523 -0.805842 -0.311582
  outer loop
    vertex 126.6414850630008 -194.9830045308264 -91.88885789457535
    vertex 135.3214225540708 -199.6404756750485 -65.81635868219213
    vertex 112.5749600507568 -209.2856115753078 -77.62996301119746
  endloop
endfacet
facet normal -0.826215 0.149952 -0.543031
  outer loop
    vertex -201.8203199962346 51.38853662589742 -138.3032058199169
    vertex -198.8840277405917 33.19750325897282 -147.7940096453507
    vertex -214.0163883378451 29.19617208495551 -125.8752122477272
  endloop
endfacet
facet normal -0.120665 0.974117 -0.191143
  outer loop
    vertex -21.23837813222506 246.4001384257437 -36.55000790816577
    vertex -21.00272226278721 242.005572866592 -59.0947405364036
    vertex -44.53981252465506 241.7159220700656 -45.71234098234885
  endloop
endfacet
facet normal 0.235692 -0.455849 -0.858284
  outer loop
    vertex 62.53737189530418 -127.4721160884529 -205.7667046350318
    vertex 44.83330973752537 -108.1033436061357 -220.9154622002563
    vertex 73.80221697886536 -106.8327357810259 -213.6352015341713
  endloop
endfacet
facet normal -0.783097 0.587657 -0.203515
  outer loop
    vertex -195.7528928690677 141.8819487879569 -63.64210509971269
    vertex -202.2343295367105 141.3957695605655 -40.10626269315843
    vertex -190.5224934302944 156.2434369975133 -42.29855662203529
  endloop
endfacet
facet normal 0.184613 0.547242 -0.81636
  outer loop
    vertex 59.85258638713349 138.6749270440275 -199.215793831976
    vertex 43.6653649671186 124.8271931599267 -212.1591566492068
    vertex 34.83488741004039 145.3613884702893 -200.3911109832955
  endloop
endfacet
facet normal 0.0867406 -0.0165958 -0.996093
  outer loop
    vertex 21.20542256858416 12.10209431752915 -248.8048821201413
    vertex 37.62430591722797 -1.54119099460799 -247.147802609218
    vertex 15.51346954878179 -19.18974833516721 -248.7791908930326
  endloop
endfacet
facet normal -0.182743 0.893986 -0.409137
  outer loop
    vertex -41.76087814064459 218.2680180599895 -114.5211829710396
    vertex -58.94483280076559 219.6848771833657 -103.7499948097315
    vertex -44.30708278086286 229.1182324565885 -89.6756264066132
  endloop
endfacet
facet normal 0.882372 0.466381 -0.0625193
  outer loop
    vertex 220.4803160870888 117.8491842064993 0
    vertex 225.7915579504064 104.5533720859221 -24.2232273611711
    vertex 213.157413012081 128.7248720652202 -22.22216438130653
  endloop
endfacet
facet normal 0.0632784 -0.0123296 -0.99792
  outer loop
    vertex 21.20542256858416 12.10209431752915 -248.8048821201413
    vertex 15.51346954878179 -19.18974833516721 -248.7791908930326
    vertex -3.749151804555344e-30 1.530757942277972e-14 -250
  endloop
endfacet
facet normal -0.224096 -0.96189 -0.15668
  outer loop
    vertex -49.94705635713171 -243.6273691412477 -25.51463436092546
    vertex -70.26384904208267 -236.1152309683913 -42.57451376744817
    vertex -47.96762729701175 -239.7533832622198 -52.12889741606021
  endloop
endfacet
facet normal -0.110755 0.36848 -0.923015
  outer loop
    vertex -19.24264928674295 79.36181281743156 -236.2867391851654
    vertex -43.18417855752482 87.18064033013695 -230.2925588766148
    vertex -23.29120331225695 106.6522057157804 -224.9062623944161
  endloop
endfacet
facet normal -0.130451 0.385906 -0.913268
  outer loop
    vertex -23.29120331225695 106.6522057157804 -224.9062623944161
    vertex -43.18417855752482 87.18064033013695 -230.2925588766148
    vertex -42.48452179953043 105.1019365566154 -222.8197664919215
  endloop
endfacet
facet normal 0.967919 0.147137 -0.203674
  outer loop
    vertex 241.6160018025207 48.06041050631038 -42.56647289744874
    vertex 245.1239098536756 28.8389919601848 -39.78167116609777
    vertex 239.862228083358 30.74327213402445 -63.4110617903569
  endloop
endfacet
facet normal 0.517517 0.798314 -0.308009
  outer loop
    vertex 141.2897092295941 193.7677695921954 -70.64891742328864
    vertex 128.5029342209098 194.3213786977666 -90.69838850616746
    vertex 116.8757306418183 207.292085816643 -76.61628250396025
  endloop
endfacet
facet normal 0.019847 -0.844613 -0.53501
  outer loop
    vertex -7.741611257899788 -214.8206429135197 -127.6407412754784
    vertex -1.486775150909104 -203.9152954218811 -144.6248311759001
    vertex 19.21702084086177 -208.9986506740506 -135.8317714175445
  endloop
endfacet
facet normal 0.125948 0.0969419 -0.987289
  outer loop
    vertex 46.57872927201692 19.20635030033197 -244.8704516423839
    vertex 21.20542256858416 12.10209431752915 -248.8048821201413
    vertex 21.23837813219502 36.55000790818159 -246.4001384257439
  endloop
endfacet
facet normal -0.84096 0.175524 -0.511837
  outer loop
    vertex -214.0163883378451 29.19617208495551 -125.8752122477272
    vertex -213.4605845432129 54.99476393018931 -117.941319251281
    vertex -201.8203199962346 51.38853662589742 -138.3032058199169
  endloop
endfacet
facet normal 0.958723 0.173795 -0.225047
  outer loop
    vertex 239.862228083358 30.74327213402445 -63.4110617903569
    vertex 235.5095271193228 55.95860689604185 -62.48117276657975
    vertex 241.6160018025207 48.06041050631038 -42.56647289744874
  endloop
endfacet
facet normal -0.780892 0.0575293 -0.622011
  outer loop
    vertex -187.3476031372436 23.87198535214035 -163.801721340397
    vertex -192.303241667081 0.4394076594368031 -159.7475200597526
    vertex -204.1537937464805 13.78726754828405 -143.6354404472361
  endloop
endfacet
facet normal 0.194284 0.589044 -0.784398
  outer loop
    vertex 59.85258638713349 138.6749270440275 -199.215793831976
    vertex 34.83488741004039 145.3613884702893 -200.3911109832955
    vertex 52.1540665743833 157.7881400992555 -186.7695269142494
  endloop
endfacet
facet normal -0.119376 0.92119 -0.370348
  outer loop
    vertex -21.51916631975255 226.2569923961609 -104.1378839459802
    vertex -44.30708278086286 229.1182324565885 -89.6756264066132
    vertex -20.91521680473468 235.2808890096055 -81.8868547012319
  endloop
endfacet
facet normal 0.189144 0.979928 -0.0629728
  outer loop
    vertex 48.01955069006614 243.3203964846277 -31.45325747975469
    vertex 31.73249831346155 247.3724876207206 -17.31764762092631
    vertex 48.77258050403213 245.1963201008076 0
  endloop
endfacet
facet normal 0.238922 -0.9437 -0.228792
  outer loop
    vertex 44.6227143208931 -238.5481268308045 -60.0300304193692
    vertex 71.13704128127328 -230.3301331447232 -66.23859240111091
    vertex 61.05739060265329 -238.7765669552208 -41.92548301300751
  endloop
endfacet
facet normal -0.758261 0.611626 -0.225728
  outer loop
    vertex -195.7528928690677 141.8819487879569 -63.64210509971269
    vertex -190.5224934302944 156.2434369975133 -42.29855662203529
    vertex -179.9135930629211 161.9251169097412 -62.54083102227113
  endloop
endfacet
facet normal -0.316289 0.770284 -0.553735
  outer loop
    vertex -90.18622720598475 183.7982580127241 -143.4734985070016
    vertex -83.856540576542 199.1172328232554 -125.7792041449789
    vertex -64.85168093041889 194.6701258084216 -142.8208724179783
  endloop
endfacet
facet normal 0.23914 -0.410592 -0.879901
  outer loop
    vertex 44.83330973752537 -108.1033436061357 -220.9154622002563
    vertex 60.66070216097199 -87.92490466737759 -226.0298439422777
    vertex 73.80221697886536 -106.8327357810259 -213.6352015341713
  endloop
endfacet
facet normal 0.30384 -0.898058 -0.318078
  outer loop
    vertex 66.09296286504831 -223.225882394552 -91.11490376932296
    vertex 88.80092720846825 -217.8898810957537 -84.48902321008721
    vertex 71.13704128127328 -230.3301331447232 -66.23859240111091
  endloop
endfacet
facet normal 0.197182 0.978336 -0.0630703
  outer loop
    vertex 48.77258050403213 245.1963201008076 0
    vertex 64.30204791617437 240.8450822522653 -18.94447119044483
    vertex 48.01955069006614 243.3203964846277 -31.45325747975469
  endloop
endfacet
facet normal -0.808131 0.549839 -0.21119
  outer loop
    vertex -209.561832798879 127.016284681408 -49.50456200903279
    vertex -202.2343295367105 141.3957695605655 -40.10626269315843
    vertex -195.7528928690677 141.8819487879569 -63.64210509971269
  endloop
endfacet
facet normal -0.785359 0.0817547 -0.613619
  outer loop
    vertex -204.1537937464805 13.78726754828405 -143.6354404472361
    vertex -198.8840277405917 33.19750325897282 -147.7940096453507
    vertex -187.3476031372436 23.87198535214035 -163.801721340397
  endloop
endfacet
facet normal 0.516541 0.810175 -0.277131
  outer loop
    vertex 116.8757306418183 207.292085816643 -76.61628250396025
    vertex 126.5401858681284 208.3117070842997 -55.62206443565727
    vertex 141.2897092295941 193.7677695921954 -70.64891742328864
  endloop
endfacet
facet normal 0.230337 0.892093 -0.388736
  outer loop
    vertex 61.2557923746161 215.8110818609896 -110.3327007126498
    vertex 43.36422990845691 227.7698373228107 -93.49034586729724
    vertex 70.48168815695371 222.8564254182241 -88.69805682402217
  endloop
endfacet
facet normal -0.718385 0.51538 -0.467232
  outer loop
    vertex -171.4406956471325 128.155945317287 -129.1671070972012
    vertex -189.468788636648 119.3144220737712 -111.2009299320971
    vertex -177.8857530575561 139.5460364430625 -106.6937794446219
  endloop
endfacet
facet normal 0.225965 0.911236 -0.344368
  outer loop
    vertex 70.48168815695371 222.8564254182241 -88.69805682402217
    vertex 43.36422990845691 227.7698373228107 -93.49034586729724
    vertex 55.619016679109 232.8791631724208 -71.92927320473905
  endloop
endfacet
facet normal -0.335672 0.929799 -0.150992
  outer loop
    vertex -84.12206562464485 234.2733163178233 -23.22695280255361
    vertex -71.55019705506554 235.2680159335512 -45.05030499421272
    vertex -94.72303666558555 226.7759629638786 -45.82803668777139
  endloop
endfacet
facet normal 0.879915 -0.449754 -0.153205
  outer loop
    vertex 220.744238787121 -105.6175698333732 -51.15574244194909
    vertex 223.6176461138511 -109.0397838544903 -24.60637891820895
    vertex 212.7508372203733 -124.9128645082414 -40.42100372796246
  endloop
endfacet
facet normal 0.0577222 0.773146 -0.631596
  outer loop
    vertex 0 193.2526132978953 -158.5983210108419
    vertex 20.87272354876525 200.8402038280458 -147.402652411569
    vertex 20.10319672271425 184.3157383129396 -167.700835095368
  endloop
endfacet
facet normal 0.7242 0.660703 -0.197498
  outer loop
    vertex 177.621649720337 164.0880578963312 -63.44807961188578
    vertex 174.2889230638189 174.5712312164659 -40.59872570440375
    vertex 189.8639984256371 157.4376159887043 -40.80513660831154
  endloop
endfacet
facet normal -0.28713 0.950077 -0.122104
  outer loop
    vertex -84.12206562464485 234.2733163178233 -23.22695280255361
    vertex -60.21058220408251 241.6018733363779 -22.43257878618095
    vertex -71.55019705506554 235.2680159335512 -45.05030499421272
  endloop
endfacet
facet normal -0.427311 0.903473 -0.0337929
  outer loop
    vertex -95.67085809127238 230.9698831278217 0
    vertex -106.8109746247127 224.8292256811249 -23.30740181454699
    vertex -117.8491842064993 220.4803160870888 0
  endloop
endfacet
facet normal -0.344131 -0.936952 -0.060792
  outer loop
    vertex -89.37958126160892 -231.5665363577848 -29.80318259445104
    vertex -72.12269865288239 -238.5664263784718 -19.60552330417873
    vertex -86.82631321120476 -234.4380330367702 -2.871037867568821e-14
  endloop
endfacet
facet normal -0.194979 0.205577 -0.959021
  outer loop
    vertex -45.71599699990121 36.84945472905717 -243.0065128848941
    vertex -63.25311709361044 47.67069992814069 -237.1213772444466
    vertex -36.77310600382229 60.77383503101484 -239.6962236883482
  endloop
endfacet
facet normal 0.198338 -0.484905 -0.85178
  outer loop
    vertex 39.04636633489402 -132.4738584507972 -208.3891986241115
    vertex 44.83330973752537 -108.1033436061357 -220.9154622002563
    vertex 62.53737189530418 -127.4721160884529 -205.7667046350318
  endloop
endfacet
facet normal -0.233018 0.960496 -0.152151
  outer loop
    vertex -71.55019705506554 235.2680159335512 -45.05030499421272
    vertex -60.21058220408251 241.6018733363779 -22.43257878618095
    vertex -44.53981252465506 241.7159220700656 -45.71234098234885
  endloop
endfacet
facet normal 0.545937 -0.774281 -0.320065
  outer loop
    vertex 147.9085731067888 -183.5975166664617 -83.15651432943808
    vertex 135.3214225540708 -199.6404756750485 -65.81635868219213
    vertex 126.6414850630008 -194.9830045308264 -91.88885789457535
  endloop
endfacet
facet normal 0.144282 0.803093 -0.578121
  outer loop
    vertex 37.91829391360085 191.2013505700412 -156.5383228697497
    vertex 20.87272354876525 200.8402038280458 -147.402652411569
    vertex 48.75024882627422 203.8725683602597 -136.2328488638756
  endloop
endfacet
facet normal -0.363067 -0.929925 -0.0584928
  outer loop
    vertex -86.82631321120476 -234.4380330367702 -2.871037867568821e-14
    vertex -104.3459140092358 -226.4558255143818 -18.15734893031036
    vertex -89.37958126160892 -231.5665363577848 -29.80318259445104
  endloop
endfacet
facet normal 0.253524 0.268537 -0.929308
  outer loop
    vertex 73.66838836230902 55.99596346695964 -232.2443123770891
    vertex 54.10115296247233 56.3123556198908 -237.4910184673731
    vertex 60.23708467886834 81.47696153584484 -228.5453967339472
  endloop
endfacet
facet normal -0.206968 0.646142 -0.734619
  outer loop
    vertex -55.52625932395994 170.7000983413929 -174.0066405391678
    vertex -39.18071257471146 159.0251443233361 -188.8805845900525
    vertex -59.88949807034194 151.8946173938483 -189.317915759864
  endloop
endfacet
facet normal -0.142271 0.979991 -0.139197
  outer loop
    vertex -44.53981252465506 241.7159220700656 -45.71234098234885
    vertex -37.07668864628476 246.3888695438625 -20.44123587075785
    vertex -21.23837813222506 246.4001384257437 -36.55000790816577
  endloop
endfacet
facet normal 0.542405 -0.299312 -0.78499
  outer loop
    vertex 139.9153284970977 -85.93876748419844 -188.5158590008971
    vertex 123.4540088990631 -77.18634859360374 -203.2273979500224
    vertex 135.5940812267464 -61.39107990917076 -200.8615952437407
  endloop
endfacet
facet normal -0.138727 0.964871 -0.223111
  outer loop
    vertex -21.00272226278721 242.005572866592 -59.0947405364036
    vertex -38.61054876834712 237.2478502660409 -68.72178015701658
    vertex -44.53981252465506 241.7159220700656 -45.71234098234885
  endloop
endfacet
facet normal -0.137343 0.302533 -0.943192
  outer loop
    vertex -36.77310600382229 60.77383503101484 -239.6962236883482
    vertex -43.18417855752482 87.18064033013695 -230.2925588766148
    vertex -19.24264928674295 79.36181281743156 -236.2867391851654
  endloop
endfacet
facet normal -0.17941 0.66842 -0.721822
  outer loop
    vertex -55.52625932395994 170.7000983413929 -174.0066405391678
    vertex -36.36733460526665 175.0747565445365 -174.7176195882369
    vertex -39.18071257471146 159.0251443233361 -188.8805845900525
  endloop
endfacet
facet normal 0.562125 -0.290493 -0.774357
  outer loop
    vertex 135.5940812267464 -61.39107990917076 -200.8615952437407
    vertex 151.6133150510455 -66.03317072312936 -187.4913946384806
    vertex 139.9153284970977 -85.93876748419844 -188.5158590008971
  endloop
endfacet
facet normal 0.570026 -0.138539 -0.809862
  outer loop
    vertex 141.6708603137789 -19.2493279847766 -205.0824973275102
    vertex 152.6519602325875 -42.33128039319165 -193.4048648235652
    vertex 129.5764568118357 -38.63936521234786 -210.2782473202525
  endloop
endfacet
facet normal -0.511545 0.84656 -0.147169
  outer loop
    vertex -137.7940446199196 203.8816531317906 -44.10297930448506
    vertex -128.4653843415913 213.3010127726045 -22.34553593334578
    vertex -116.8927473118964 216.339928585048 -45.09014222303437
  endloop
endfacet
facet normal 0.949139 -0.178893 -0.259098
  outer loop
    vertex 233.614588533638 -43.4712779661541 -77.68186413989022
    vertex 240.937071769355 -34.1006384396802 -57.32777603583551
    vertex 235.8426704548893 -57.24695358816923 -60.00850854320984
  endloop
endfacet
facet normal -0.0435629 -0.991718 -0.12082
  outer loop
    vertex -6.771572344258009 -245.983223519035 -44.11801848645208
    vertex 0.4572399449701959 -249.1133315583771 -21.03185611207008
    vertex -23.10850125897812 -247.9432044543455 -22.13965976419716
  endloop
endfacet
facet normal 0.560433 -0.185814 -0.807086
  outer loop
    vertex 129.5764568118357 -38.63936521234786 -210.2782473202525
    vertex 152.6519602325875 -42.33128039319165 -193.4048648235652
    vertex 135.5940812267464 -61.39107990917076 -200.8615952437407
  endloop
endfacet
facet normal 0.229303 -0.937518 -0.261687
  outer loop
    vertex 44.6227143208931 -238.5481268308045 -60.0300304193692
    vertex 51.44591474710959 -231.7731675463855 -78.32315533319812
    vertex 71.13704128127328 -230.3301331447232 -66.23859240111091
  endloop
endfacet
facet normal 0.275351 0.2787 -0.920059
  outer loop
    vertex 81.90068689668323 73.45391179377681 -224.4923168574896
    vertex 73.66838836230902 55.99596346695964 -232.2443123770891
    vertex 60.23708467886834 81.47696153584484 -228.5453967339472
  endloop
endfacet
facet normal 0.493123 -0.825063 -0.275864
  outer loop
    vertex 135.3214225540708 -199.6404756750485 -65.81635868219213
    vertex 117.3903694790261 -212.956774236098 -58.04234196285778
    vertex 112.5749600507568 -209.2856115753078 -77.62996301119746
  endloop
endfacet
facet normal 0.154099 -0.929115 -0.336153
  outer loop
    vertex 42.57870989769592 -226.7093331658474 -96.38429186825338
    vertex 51.44591474710959 -231.7731675463855 -78.32315533319812
    vertex 25.77835220786488 -235.7774150911881 -79.02206711017404
  endloop
endfacet
facet normal 0.246039 0.960475 -0.130201
  outer loop
    vertex 48.01955069006614 243.3203964846277 -31.45325747975469
    vertex 64.30204791617437 240.8450822522653 -18.94447119044483
    vertex 61.32417930258055 237.902420844143 -46.27940351129458
  endloop
endfacet
facet normal 0.920413 0.387084 -0.0548203
  outer loop
    vertex 230.9698831278217 95.67085809127234 0
    vertex 234.9064326396665 84.05334569544225 -15.93747100101809
    vertex 225.7915579504064 104.5533720859221 -24.2232273611711
  endloop
endfacet
facet normal -0.102823 0.272448 -0.956661
  outer loop
    vertex -19.24264928674295 79.36181281743156 -236.2867391851654
    vertex -16.00779577899521 59.5721796192974 -242.27031574195
    vertex -36.77310600382229 60.77383503101484 -239.6962236883482
  endloop
endfacet
facet normal -0.178232 -0.971751 -0.154705
  outer loop
    vertex -47.96762729701175 -239.7533832622198 -52.12889741606021
    vertex -30.70106765381684 -244.6138985716172 -41.4907829585117
    vertex -49.94705635713171 -243.6273691412477 -25.51463436092546
  endloop
endfacet
facet normal -0.190854 0.973793 -0.123703
  outer loop
    vertex -60.21058220408251 241.6018733363779 -22.43257878618095
    vertex -37.07668864628476 246.3888695438625 -20.44123587075785
    vertex -44.53981252465506 241.7159220700656 -45.71234098234885
  endloop
endfacet
facet normal -0.839021 0.523793 -0.147255
  outer loop
    vertex -212.359013322149 129.7510996083901 -23.83907739944975
    vertex -202.2343295367105 141.3957695605655 -40.10626269315843
    vertex -209.561832798879 127.016284681408 -49.50456200903279
  endloop
endfacet
facet normal 0.263051 0.955772 -0.131548
  outer loop
    vertex 64.30204791617437 240.8450822522653 -18.94447119044483
    vertex 78.00667573421946 234.4050046843192 -38.33082727832324
    vertex 61.32417930258055 237.902420844143 -46.27940351129458
  endloop
endfacet
facet normal -0.85094 0.504421 -0.14649
  outer loop
    vertex -209.561832798879 127.016284681408 -49.50456200903279
    vertex -219.1143140135164 114.4548308778889 -37.26941216466911
    vertex -212.359013322149 129.7510996083901 -23.83907739944975
  endloop
endfacet
facet normal 0.959207 -0.186512 -0.212451
  outer loop
    vertex 235.8426704548893 -57.24695358816923 -60.00850854320984
    vertex 240.937071769355 -34.1006384396802 -57.32777603583551
    vertex 241.8904041656066 -48.72855640038323 -40.18158986070775
  endloop
endfacet
facet normal 0.822386 -0.35239 -0.446657
  outer loop
    vertex 197.0477300201667 -95.21789263602217 -120.854230442523
    vertex 212.463328074373 -76.0859025157924 -107.5651879648741
    vertex 207.9683740128878 -96.20750307587814 -99.96635315115041
  endloop
endfacet
facet normal 0.143044 0.976432 -0.161616
  outer loop
    vertex 21.23837813220378 246.400138425742 -36.55000790818957
    vertex 48.01955069006614 243.3203964846277 -31.45325747975469
    vertex 40.14729184042302 240.6524092616956 -54.54001168336194
  endloop
endfacet
facet normal -0.380877 0.916104 -0.125245
  outer loop
    vertex -94.72303666558555 226.7759629638786 -45.82803668777139
    vertex -106.8109746247127 224.8292256811249 -23.30740181454699
    vertex -84.12206562464485 234.2733163178233 -23.22695280255361
  endloop
endfacet
facet normal 0.896612 -0.416381 -0.150711
  outer loop
    vertex 220.744238787121 -105.6175698333732 -51.15574244194909
    vertex 229.2024758501019 -91.32439329585922 -40.32468540889918
    vertex 223.6176461138511 -109.0397838544903 -24.60637891820895
  endloop
endfacet
facet normal -0.827237 0.106393 -0.551688
  outer loop
    vertex -214.0163883378451 29.19617208495551 -125.8752122477272
    vertex -198.8840277405917 33.19750325897282 -147.7940096453507
    vertex -204.1537937464805 13.78726754828405 -143.6354404472361
  endloop
endfacet
facet normal 0.339783 -0.897043 -0.282598
  outer loop
    vertex 88.80092720846825 -217.8898810957537 -84.48902321008721
    vertex 97.86301873517525 -221.4996828844332 -62.13469277412001
    vertex 71.13704128127328 -230.3301331447232 -66.23859240111091
  endloop
endfacet
facet normal 0.0974746 0.770006 -0.630547
  outer loop
    vertex 20.10319672271425 184.3157383129396 -167.700835095368
    vertex 20.87272354876525 200.8402038280458 -147.402652411569
    vertex 37.91829391360085 191.2013505700412 -156.5383228697497
  endloop
endfacet
facet normal 0.741296 0.636166 -0.213948
  outer loop
    vertex 189.8639984256371 157.4376159887043 -40.80513660831154
    vertex 192.4490111111358 148.5450147088722 -58.29027987140647
    vertex 177.621649720337 164.0880578963312 -63.44807961188578
  endloop
endfacet
facet normal -0.554087 0.823893 -0.119116
  outer loop
    vertex -148.6301094035213 199.8815201577573 -21.36512293719221
    vertex -128.4653843415913 213.3010127726045 -22.34553593334578
    vertex -137.7940446199196 203.8816531317906 -44.10297930448506
  endloop
endfacet
facet normal -0.38342 0.921652 -0.0595609
  outer loop
    vertex -84.12206562464485 234.2733163178233 -23.22695280255361
    vertex -106.8109746247127 224.8292256811249 -23.30740181454699
    vertex -95.67085809127238 230.9698831278217 0
  endloop
endfacet
facet normal -0.305475 0.74727 -0.590147
  outer loop
    vertex -64.85168093041889 194.6701258084216 -142.8208724179783
    vertex -72.74294121296117 178.545179929682 -159.1542749270818
    vertex -90.18622720598475 183.7982580127241 -143.4734985070016
  endloop
endfacet
facet normal 0.132888 0.53522 -0.834194
  outer loop
    vertex 34.83488741004039 145.3613884702893 -200.3911109832955
    vertex 43.6653649671186 124.8271931599267 -212.1591566492068
    vertex 21.23837812228196 128.0610548889111 -213.6569622443282
  endloop
endfacet
facet normal -0.0720424 -0.9873 -0.141596
  outer loop
    vertex -23.10850125897812 -247.9432044543455 -22.13965976419716
    vertex -30.70106765381684 -244.6138985716172 -41.4907829585117
    vertex -6.771572344258009 -245.983223519035 -44.11801848645208
  endloop
endfacet
facet normal 0.817095 -0.330059 -0.47267
  outer loop
    vertex 203.0336168336965 -70.96904932364632 -127.4391795074246
    vertex 212.463328074373 -76.0859025157924 -107.5651879648741
    vertex 197.0477300201667 -95.21789263602217 -120.854230442523
  endloop
endfacet
facet normal 0.334311 0.921343 -0.198403
  outer loop
    vertex 80.04174034303088 228.5258715410325 -62.20326228800494
    vertex 78.00667573421946 234.4050046843192 -38.33082727832324
    vertex 94.28820495224346 227.6318621298913 -42.34937721102757
  endloop
endfacet
facet normal 0.0793036 -0.867252 -0.491512
  outer loop
    vertex 33.18675294529615 -218.9186130231285 -116.0744601580278
    vertex 9.467547472201012 -222.5716529896238 -113.4558276613772
    vertex 19.21702084086177 -208.9986506740506 -135.8317714175445
  endloop
endfacet
facet normal -0.205475 -0.779949 -0.591151
  outer loop
    vertex -52.76176370193927 -203.2472810703276 -135.6714377773745
    vertex -62.51066090352024 -187.197498873871 -153.4585080364467
    vertex -38.83874553862362 -192.2428417857251 -155.0298088340907
  endloop
endfacet
facet normal 0.462454 0.860649 -0.21312
  outer loop
    vertex 115.5903285715457 217.947027116261 -40.47183356244069
    vertex 126.5401858681284 208.3117070842997 -55.62206443565727
    vertex 105.1484756649979 218.6305279836973 -60.36961403634375
  endloop
endfacet
facet normal -0.0473046 0.282002 -0.958247
  outer loop
    vertex 0 72.57116940150476 -239.2350840481019
    vertex -16.00779577899521 59.5721796192974 -242.27031574195
    vertex -19.24264928674295 79.36181281743156 -236.2867391851654
  endloop
endfacet
facet normal -0.334072 0.0647433 -0.940321
  outer loop
    vertex -78.53147855358128 30.13604330636562 -235.4243525424362
    vertex -74.87879569228045 4.635342931889076 -238.4778387011621
    vertex -97.22518002024692 13.99201427949806 -229.894514737592
  endloop
endfacet
facet normal -0.471149 0.880083 -0.0589187
  outer loop
    vertex -106.8109746247127 224.8292256811249 -23.30740181454699
    vertex -128.4653843415913 213.3010127726045 -22.34553593334578
    vertex -117.8491842064993 220.4803160870888 0
  endloop
endfacet
facet normal -0.944233 -0.264101 -0.196658
  outer loop
    vertex -230.8476174665481 -75.82946830051213 -58.8155527669331
    vertex -235.6635442362616 -74.66111471280669 -37.26139916649264
    vertex -240.2473014290597 -52.58222841978088 -44.9037126579144
  endloop
endfacet
facet normal -0.594336 -0.791903 -0.140197
  outer loop
    vertex -144.7061275454124 -202.4807604705758 -23.69975295373663
    vertex -158.1190503325072 -189.9024595520102 -37.88696052790697
    vertex -144.6752431732552 -198.3354745572974 -47.24524891342086
  endloop
endfacet
facet normal -0.919874 0.38833 -0.0550662
  outer loop
    vertex -230.9698831278217 95.67085809127248 0
    vertex -224.4179080487026 108.4233593789127 -19.51864974928382
    vertex -234.2242907968244 85.19420217692192 -19.51741571423871
  endloop
endfacet
facet normal -0.619858 -0.777845 -0.103604
  outer loop
    vertex -164.5153955020105 -187.1230239573598 -20.48556925912547
    vertex -158.1190503325072 -189.9024595520102 -37.88696052790697
    vertex -144.7061275454124 -202.4807604705758 -23.69975295373663
  endloop
endfacet
facet normal 0.371434 0.900539 -0.225978
  outer loop
    vertex 94.28820495224346 227.6318621298913 -42.34937721102757
    vertex 105.1484756649979 218.6305279836973 -60.36961403634375
    vertex 80.04174034303088 228.5258715410325 -62.20326228800494
  endloop
endfacet
facet normal -0.61385 0.665147 -0.425169
  outer loop
    vertex -164.383254605939 158.6824952469563 -101.4791175925309
    vertex -149.5021750651937 175.6384951225105 -96.4376414159743
    vertex -146.6815614883968 164.1242912520722 -118.5231476983743
  endloop
endfacet
facet normal -0.725083 0.485006 -0.488901
  outer loop
    vertex -171.4406956471325 128.155945317287 -129.1671070972012
    vertex -183.8681113067114 109.5429249026752 -129.2008717008893
    vertex -189.468788636648 119.3144220737712 -111.2009299320971
  endloop
endfacet
facet normal -0.950891 0.246167 -0.187638
  outer loop
    vertex -241.6311324417918 49.22744132614304 -41.12243737156687
    vertex -235.6742087227173 73.4494869066727 -39.53277394855593
    vertex -234.4045568346547 62.25525480514448 -60.65300474251607
  endloop
endfacet
facet normal 0.465458 0.847412 -0.255424
  outer loop
    vertex 105.1484756649979 218.6305279836973 -60.36961403634375
    vertex 126.5401858681284 208.3117070842997 -55.62206443565727
    vertex 116.8757306418183 207.292085816643 -76.61628250396025
  endloop
endfacet
facet normal -0.251809 -0.959951 -0.122822
  outer loop
    vertex -49.94705635713171 -243.6273691412477 -25.51463436092546
    vertex -72.12269865288239 -238.5664263784718 -19.60552330417873
    vertex -70.26384904208267 -236.1152309683913 -42.57451376744817
  endloop
endfacet
facet normal -0.470618 0.873763 -0.12271
  outer loop
    vertex -116.8927473118964 216.339928585048 -45.09014222303437
    vertex -128.4653843415913 213.3010127726045 -22.34553593334578
    vertex -106.8109746247127 224.8292256811249 -23.30740181454699
  endloop
endfacet
facet normal 0.48005 -0.573521 -0.663796
  outer loop
    vertex 130.9928318215575 -144.313228993982 -156.571293501394
    vertex 108.4012317143283 -152.0095689554859 -166.2596280183012
    vertex 120.1742289038051 -132.0702085254375 -174.9731828807584
  endloop
endfacet
facet normal -0.262425 0.136203 -0.955292
  outer loop
    vertex -78.53147855358128 30.13604330636562 -235.4243525424362
    vertex -63.25311709361044 47.67069992814069 -237.1213772444466
    vertex -59.94515004296461 21.66542979241247 -241.7378500322953
  endloop
endfacet
facet normal -0.0582187 -0.00917429 -0.998262
  outer loop
    vertex -21.238378131919 12.22257262882975 -248.7961816681651
    vertex -11.7474539870825 -18.03707197365393 -249.0715988615294
    vertex -29.12476995486001 -8.748998714550988 -248.1435125014742
  endloop
endfacet
facet normal -0.280297 0.805127 -0.522689
  outer loop
    vertex -83.856540576542 199.1172328232554 -125.7792041449789
    vertex -61.68155333312314 209.493276774208 -121.6879327000757
    vertex -64.85168093041889 194.6701258084216 -142.8208724179783
  endloop
endfacet
facet normal 0.721064 -0.676665 -0.148966
  outer loop
    vertex 170.5322050988683 -176.642965683116 -47.07472462788274
    vertex 190.1540106004592 -157.2721810796533 -40.08632324133989
    vertex 180.8192333177182 -171.2745747480433 -21.66621580409283
  endloop
endfacet
facet normal -0.943253 -0.251912 -0.216364
  outer loop
    vertex -240.2473014290597 -52.58222841978088 -44.9037126579144
    vertex -234.4804729810009 -55.5731439765951 -66.56225250968248
    vertex -230.8476174665481 -75.82946830051213 -58.8155527669331
  endloop
endfacet
facet normal -0.717414 -0.667061 -0.200865
  outer loop
    vertex -177.0138856454016 -164.6140386285222 -63.78324682174861
    vertex -173.5516409677613 -175.2546575846933 -40.81216622857918
    vertex -187.7296189857948 -159.7880728908034 -41.53747605827284
  endloop
endfacet
facet normal -0.191396 -0.531863 -0.824918
  outer loop
    vertex -59.61531867432315 -124.7379561119121 -208.2941575858084
    vertex -34.51391536506956 -129.7064086297729 -210.9147628937794
    vertex -48.30706743370657 -144.8621403855643 -197.9428895385444
  endloop
endfacet
facet normal 0.826014 -0.148175 -0.543824
  outer loop
    vertex 211.5414217279776 -24.73774282961341 -130.9132192446653
    vertex 207.3859614244955 -50.07180761782922 -130.3222048843588
    vertex 198.5572978326364 -35.63490121096149 -147.6656808235642
  endloop
endfacet
facet normal -0.0592117 0.471059 -0.880112
  outer loop
    vertex 0 117.8491842314701 -220.4803161206652
    vertex -23.29120331225695 106.6522057157804 -224.9062623944161
    vertex -21.36255049036052 129.0578072035341 -213.0439481336239
  endloop
endfacet
facet normal 0.972675 0.102473 -0.208332
  outer loop
    vertex 239.862228083358 30.74327213402445 -63.4110617903569
    vertex 245.1239098536756 28.8389919601848 -39.78167116609777
    vertex 244.7875537401024 13.22508929814207 -49.03213789947002
  endloop
endfacet
facet normal -0.0626474 -0.0105659 -0.99798
  outer loop
    vertex -3.749151804555344e-30 1.530757942277972e-14 -250
    vertex -11.7474539870825 -18.03707197365393 -249.0715988615294
    vertex -21.238378131919 12.22257262882975 -248.7961816681651
  endloop
endfacet
facet normal 0.155186 -0.943845 -0.291675
  outer loop
    vertex 25.77835220786488 -235.7774150911881 -79.02206711017404
    vertex 51.44591474710959 -231.7731675463855 -78.32315533319812
    vertex 44.6227143208931 -238.5481268308045 -60.0300304193692
  endloop
endfacet
facet normal 0.00876296 -0.550593 -0.834728
  outer loop
    vertex -10.24090806825092 -132.8618702498539 -211.5250510829595
    vertex 15.59532595932851 -135.4008910732791 -209.5790650441602
    vertex 1.268628951393622 -148.788693617375 -200.8987686179749
  endloop
endfacet
facet normal -0.188762 0.596076 -0.780424
  outer loop
    vertex -59.88949807034194 151.8946173938483 -189.317915759864
    vertex -39.18071257471146 159.0251443233361 -188.8805845900525
    vertex -42.09218640825083 138.7983362744938 -203.6253169200863
  endloop
endfacet
facet normal -0.316381 -0.426097 -0.847552
  outer loop
    vertex -66.55287414976669 -103.0696617161334 -217.8241487441811
    vertex -81.49427699111716 -118.5178876487292 -204.4803000902
    vertex -89.36076457464372 -96.59248650016424 -212.5665667652152
  endloop
endfacet
facet normal -0.60009 0.200233 -0.774466
  outer loop
    vertex -157.3468416586393 59.51501045077084 -184.9322442168908
    vertex -138.0023521350933 53.63013065771975 -201.4426962955411
    vertex -155.3140662672723 36.30081063910306 -192.5091996930778
  endloop
endfacet
facet normal -0.216646 0.570812 -0.791984
  outer loop
    vertex -42.09218640825083 138.7983362744938 -203.6253169200863
    vertex -63.15111174854147 132.9505108197792 -202.0794367512019
    vertex -59.88949807034194 151.8946173938483 -189.317915759864
  endloop
endfacet
facet normal 0.875708 0.467665 -0.120106
  outer loop
    vertex 225.7915579504064 104.5533720859221 -24.2232273611711
    vertex 214.7999230405591 119.9460543862226 -44.42901190604238
    vertex 213.157413012081 128.7248720652202 -22.22216438130653
  endloop
endfacet
facet normal -0.772366 0.224963 -0.594006
  outer loop
    vertex -188.641820026755 69.80323523071753 -148.4647166444556
    vertex -187.9027321575621 46.99872127021357 -158.0622771147128
    vertex -201.8203199962346 51.38853662589742 -138.3032058199169
  endloop
endfacet
facet normal 0.878471 -0.276706 -0.389516
  outer loop
    vertex 220.31049924868 -79.41028425038303 -87.50594651834081
    vertex 212.463328074373 -76.0859025157924 -107.5651879648741
    vertex 223.6122336166783 -55.515875910412 -97.03379050031914
  endloop
endfacet
facet normal -0.353399 0.0140393 -0.935367
  outer loop
    vertex -97.22518002024692 13.99201427949806 -229.894514737592
    vertex -74.87879569228045 4.635342931889076 -238.4778387011621
    vertex -92.19557887394807 -10.15037572687402 -232.1571560574882
  endloop
endfacet
facet normal 0.125245 -0.923967 -0.361385
  outer loop
    vertex 25.77835220786488 -235.7774150911881 -79.02206711017404
    vertex 22.55733481788425 -227.9546349901324 -100.1391583369332
    vertex 42.57870989769592 -226.7093331658474 -96.38429186825338
  endloop
endfacet
facet normal -0.120126 0.767634 -0.62953
  outer loop
    vertex -21.20988326098866 200.2710527496238 -148.1271287867709
    vertex -20.55485343670086 184.8444144374269 -167.0629834867093
    vertex -44.84767845020441 188.2801778751316 -158.2379864537458
  endloop
endfacet
facet normal -0.867634 -0.440484 -0.23062
  outer loop
    vertex -215.8613198044333 -117.3496562876048 -46.18385845151084
    vertex -222.1845111341317 -97.77053588482801 -59.79101374688727
    vertex -212.5330786695206 -111.181087821485 -70.48727673904402
  endloop
endfacet
facet normal 0.639822 -0.742426 -0.198571
  outer loop
    vertex 150.9160447021329 -194.5072768389927 -43.48869632609444
    vertex 154.9201004436747 -185.8889430911174 -62.80973901385887
    vertex 170.5322050988683 -176.642965683116 -47.07472462788274
  endloop
endfacet
facet normal -0.0570693 0.630956 -0.773717
  outer loop
    vertex 0 158.598321010842 -193.2526132978953
    vertex -20.28937562391052 147.2330664999835 -201.0242904870039
    vertex -19.8234112139383 167.4707536737454 -184.5550840041824
  endloop
endfacet
facet normal -0.576228 0.162758 -0.800919
  outer loop
    vertex -138.0023521350933 53.63013065771975 -201.4426962955411
    vertex -137.3011371312666 29.86837789711695 -206.7759119052704
    vertex -155.3140662672723 36.30081063910306 -192.5091996930778
  endloop
endfacet
facet normal -0.824143 0.239032 -0.513471
  outer loop
    vertex -201.8203199962346 51.38853662589742 -138.3032058199169
    vertex -213.4605845432129 54.99476393018931 -117.941319251281
    vertex -201.5509100633584 72.64947186754883 -128.8382120723438
  endloop
endfacet
facet normal -0.437402 0.46817 -0.767786
  outer loop
    vertex -101.9278299656207 128.5142228752602 -188.6658739604687
    vertex -103.674160001326 107.4567433581242 -200.5111389795731
    vertex -121.7984651514058 114.1610089354172 -186.0978181645593
  endloop
endfacet
facet normal 0.293409 0.93376 -0.204947
  outer loop
    vertex 61.32417930258055 237.902420844143 -46.27940351129458
    vertex 78.00667573421946 234.4050046843192 -38.33082727832324
    vertex 80.04174034303088 228.5258715410325 -62.20326228800494
  endloop
endfacet
facet normal -0.18857 0.716733 -0.671368
  outer loop
    vertex -44.84767845020441 188.2801778751316 -158.2379864537458
    vertex -36.36733460526665 175.0747565445365 -174.7176195882369
    vertex -55.52625932395994 170.7000983413929 -174.0066405391678
  endloop
endfacet
facet normal 0.115811 0.700302 -0.70439
  outer loop
    vertex 22.51731826901974 165.4273792893747 -186.0826498076084
    vertex 20.10319672271425 184.3157383129396 -167.700835095368
    vertex 43.14224402802886 177.3516428791345 -170.8365931183889
  endloop
endfacet
facet normal -0.558248 -0.506985 -0.656754
  outer loop
    vertex -138.8973945659543 -115.3493034215555 -172.9220980180137
    vertex -129.3883172745244 -136.8987789624679 -164.3696677354201
    vertex -149.9800554661483 -127.2703737372956 -154.2991734622716
  endloop
endfacet
facet normal -0.237391 -0.546493 -0.803114
  outer loop
    vertex -71.92026541776653 -139.01206091946 -194.9438953677759
    vertex -59.61531867432315 -124.7379561119121 -208.2941575858084
    vertex -48.30706743370657 -144.8621403855643 -197.9428895385444
  endloop
endfacet
facet normal -0.924478 -0.331317 -0.1886
  outer loop
    vertex -227.884247224575 -94.38764322882801 -40.73993952617344
    vertex -235.6635442362616 -74.66111471280669 -37.26139916649264
    vertex -230.8476174665481 -75.82946830051213 -58.8155527669331
  endloop
endfacet
facet normal 0.987088 0.0653716 -0.146233
  outer loop
    vertex 244.7875537401024 13.22508929814207 -49.03213789947002
    vertex 245.1239098536756 28.8389919601848 -39.78167116609777
    vertex 248.4868936634786 13.30892981344504 -24.02365635568129
  endloop
endfacet
facet normal -0.306616 0.530139 -0.790531
  outer loop
    vertex -81.72253350210092 142.2920205661599 -188.6117928476306
    vertex -63.15111174854147 132.9505108197792 -202.0794367512019
    vertex -84.47282868394964 121.3360716384668 -201.5983604434246
  endloop
endfacet
facet normal 0.290363 -0.375236 -0.880277
  outer loop
    vertex 73.80221697886536 -106.8327357810259 -213.6352015341713
    vertex 60.66070216097199 -87.92490466737759 -226.0298439422777
    vertex 85.55886974013791 -87.47988692758791 -218.0067640967283
  endloop
endfacet
facet normal -0.95989 0.245011 -0.136308
  outer loop
    vertex -241.6338395388711 60.88736637238996 -20.1448803902497
    vertex -235.6742087227173 73.4494869066727 -39.53277394855593
    vertex -241.6311324417918 49.22744132614304 -41.12243737156687
  endloop
endfacet
facet normal 0.905371 -0.0130373 -0.424421
  outer loop
    vertex 231.9441072920591 -4.848852908998009 -93.15803625000186
    vertex 222.4292037235946 -14.94920528732115 -113.1449097050557
    vertex 224.1060500748556 10.10524941246897 -110.3374925134613
  endloop
endfacet
facet normal 0.0354439 -0.426596 -0.903747
  outer loop
    vertex -2.504725854900625 -100.0011189840653 -229.1146057114793
    vertex 21.83483520714843 -102.8562382619892 -226.8123326057681
    vertex 5.516879535059545 -118.4108669603421 -220.110042083263
  endloop
endfacet
facet normal -0.73532 0.24251 -0.632846
  outer loop
    vertex -173.9100354387547 64.98905852239402 -167.4267656202674
    vertex -187.9027321575621 46.99872127021357 -158.0622771147128
    vertex -188.641820026755 69.80323523071753 -148.4647166444556
  endloop
endfacet
facet normal -0.583151 0.250855 -0.772662
  outer loop
    vertex -140.5182771369828 76.23951347232496 -192.2034088562356
    vertex -138.0023521350933 53.63013065771975 -201.4426962955411
    vertex -157.3468416586393 59.51501045077084 -184.9322442168908
  endloop
endfacet
facet normal -0.0560792 0.773116 -0.631781
  outer loop
    vertex 0 193.2526132978953 -158.5983210108419
    vertex -20.55485343670086 184.8444144374269 -167.0629834867093
    vertex -21.20988326098866 200.2710527496238 -148.1271287867709
  endloop
endfacet
facet normal 0.6756 0.441175 -0.590703
  outer loop
    vertex 169.425463657614 121.092715324815 -138.3169062684163
    vertex 176.9809857002036 98.55439752388132 -146.5085711802866
    vertex 158.9431615494163 110.8955514256324 -157.9216516842484
  endloop
endfacet
facet normal -0.515067 -0.502791 -0.694196
  outer loop
    vertex -117.3734722885139 -124.309904568959 -182.4020713396473
    vertex -129.3883172745244 -136.8987789624679 -164.3696677354201
    vertex -138.8973945659543 -115.3493034215555 -172.9220980180137
  endloop
endfacet
facet normal -0.630452 -0.594644 -0.498927
  outer loop
    vertex -166.1494738163951 -148.4904853870903 -113.3354670879393
    vertex -159.1031803392005 -138.299334308857 -134.3855354406821
    vertex -147.2163501793268 -158.3616988293525 -125.4946954407208
  endloop
endfacet
facet normal -0.620961 0.75245 -0.219603
  outer loop
    vertex -163.2060165675558 179.0671621345572 -61.63398089712286
    vertex -156.947852330291 190.1507486668033 -41.35292529390595
    vertex -145.5324514721279 193.1602022577297 -63.32015344474214
  endloop
endfacet
facet normal -0.844476 -0.480059 -0.237493
  outer loop
    vertex -212.5330786695206 -111.181087821485 -70.48727673904402
    vertex -203.1617872039623 -131.0878552372864 -63.57092440243554
    vertex -215.8613198044333 -117.3496562876048 -46.18385845151084
  endloop
endfacet
facet normal 0.251587 0.808988 -0.531265
  outer loop
    vertex 75.53079738667357 202.6431079274365 -125.4227629086626
    vertex 69.76728437859353 193.3913585393454 -142.2403194341984
    vertex 48.75024882627422 203.8725683602597 -136.2328488638756
  endloop
endfacet
facet normal -0.912413 -0.350887 -0.21067
  outer loop
    vertex -230.8476174665481 -75.82946830051213 -58.8155527669331
    vertex -222.1845111341317 -97.77053588482801 -59.79101374688727
    vertex -227.884247224575 -94.38764322882801 -40.73993952617344
  endloop
endfacet
facet normal -0.481903 0.647709 -0.590121
  outer loop
    vertex -111.8820381279057 172.2612930221568 -142.5077417920882
    vertex -116.5302137744366 153.9641324412396 -158.7946951232961
    vertex -132.4836924397941 158.9952547663412 -140.24471540598
  endloop
endfacet
facet normal -0.667218 0.731958 -0.138053
  outer loop
    vertex -156.947852330291 190.1507486668033 -41.35292529390595
    vertex -174.7050560980621 173.9145954549055 -41.61558435886182
    vertex -167.7350647859145 184.2266581105326 -20.62732369189031
  endloop
endfacet
facet normal 0.10773 0.620196 -0.777014
  outer loop
    vertex 34.83488741004039 145.3613884702893 -200.3911109832955
    vertex 15.89799041990926 148.9401944503616 -200.1601168507277
    vertex 22.51731826901974 165.4273792893747 -186.0826498076084
  endloop
endfacet
facet normal 0.108365 0.974317 -0.19739
  outer loop
    vertex 40.14729184042302 240.6524092616956 -54.54001168336194
    vertex 19.97815065308016 241.4589768877532 -61.63145282079832
    vertex 21.23837813220378 246.400138425742 -36.55000790818957
  endloop
endfacet
facet normal -0.4653 0.418707 -0.779859
  outer loop
    vertex -121.7984651514058 114.1610089354172 -186.0978181645593
    vertex -103.674160001326 107.4567433581242 -200.5111389795731
    vertex -122.4928760304628 92.25347087287118 -197.4456695744274
  endloop
endfacet
facet normal 0.420943 -0.197138 -0.885406
  outer loop
    vertex 114.5986567945618 -57.83210022541275 -214.5287767279719
    vertex 92.30347207781432 -53.46518013370176 -226.1007376273925
    vertex 108.3813110305038 -35.28256756651496 -222.5053523967985
  endloop
endfacet
facet normal -0.285474 0.489954 -0.823681
  outer loop
    vertex -84.47282868394964 121.3360716384668 -201.5983604434246
    vertex -63.15111174854147 132.9505108197792 -202.0794367512019
    vertex -63.41736785322474 113.8999154106945 -213.3191194525362
  endloop
endfacet
facet normal -0.134873 0.120793 -0.983473
  outer loop
    vertex -39.61383156347358 17.49049009478678 -246.2210939483149
    vertex -45.71599699990121 36.84945472905717 -243.0065128848941
    vertex -21.23837813222288 36.55000790826861 -246.4001384257286
  endloop
endfacet
facet normal 0.195913 0.885746 -0.420798
  outer loop
    vertex 61.2557923746161 215.8110818609896 -110.3327007126498
    vertex 39.633011397753 218.051032392795 -115.6847945063734
    vertex 43.36422990845691 227.7698373228107 -93.49034586729724
  endloop
endfacet
facet normal 0.469357 0.487023 -0.736554
  outer loop
    vertex 126.1704105719475 110.7948637188637 -185.2175090795268
    vertex 105.4016246770947 121.0903407015804 -191.6445326749606
    vertex 119.0829551973659 132.6243247373193 -175.2998524512562
  endloop
endfacet
facet normal 0.684953 0.69492 -0.218921
  outer loop
    vertex 160.4221664239305 183.1331776973715 -56.80640585634457
    vertex 174.2889230638189 174.5712312164659 -40.59872570440375
    vertex 177.621649720337 164.0880578963312 -63.44807961188578
  endloop
endfacet
facet normal -0.998315 -0.0506288 -0.028362
  outer loop
    vertex -250 1.530808498934192e-14 0
    vertex -248.7471343859604 -12.61502690422901 -21.58064482304717
    vertex -248.7173308479738 -25.29208049685819 -3.097386542425458e-15
  endloop
endfacet
facet normal -0.597299 -0.465253 -0.653279
  outer loop
    vertex -158.261611846372 -105.3093558021288 -162.3674899612878
    vertex -138.8973945659543 -115.3493034215555 -172.9220980180137
    vertex -149.9800554661483 -127.2703737372956 -154.2991734622716
  endloop
endfacet
facet normal 0.988162 0.0460998 -0.146327
  outer loop
    vertex 248.4868936634786 13.30892981344504 -24.02365635568129
    vertex 247.2757949666614 -1.237603768716663 -36.78518126253145
    vertex 244.7875537401024 13.22508929814207 -49.03213789947002
  endloop
endfacet
facet normal -0.461042 -0.209575 -0.862275
  outer loop
    vertex -118.2924353044568 -64.98609982137403 -210.436942050932
    vertex -123.5957364019976 -41.45911522428968 -213.3195624129841
    vertex -103.1364766139564 -50.30835665273545 -222.1079387202537
  endloop
endfacet
facet normal -0.91682 0.387038 -0.0981926
  outer loop
    vertex -234.2242907968244 85.19420217692192 -19.51741571423871
    vertex -224.4179080487026 108.4233593789127 -19.51864974928382
    vertex -227.34916540535 96.79232099077817 -37.9947836776179
  endloop
endfacet
facet normal -0.424482 -0.252974 -0.869379
  outer loop
    vertex -118.2924353044568 -64.98609982137403 -210.436942050932
    vertex -103.1364766139564 -50.30835665273545 -222.1079387202537
    vertex -96.6416947039716 -73.62355374223829 -218.4947486305062
  endloop
endfacet
facet normal 0.850345 -0.151238 -0.504024
  outer loop
    vertex 219.2052608619898 -38.94590907046425 -113.7201379576288
    vertex 207.3859614244955 -50.07180761782922 -130.3222048843588
    vertex 211.5414217279776 -24.73774282961341 -130.9132192446653
  endloop
endfacet
facet normal -0.652576 0.366816 -0.663016
  outer loop
    vertex -173.5883008812518 87.42010341937031 -157.2413028288262
    vertex -157.0110493448933 104.3473366634859 -164.1924593726905
    vertex -158.1743756075927 82.41345910659093 -175.1824439241399
  endloop
endfacet
facet normal -0.792772 0.42987 -0.432116
  outer loop
    vertex -199.8347994324757 95.02900639895626 -116.3423434464397
    vertex -204.3926760436433 108.7096897325929 -94.37074407866896
    vertex -189.468788636648 119.3144220737712 -111.2009299320971
  endloop
endfacet
facet normal 0.478609 -0.610435 -0.631112
  outer loop
    vertex 118.6318880092856 -162.7902104680351 -148.0737063868031
    vertex 108.4012317143283 -152.0095689554859 -166.2596280183012
    vertex 130.9928318215575 -144.313228993982 -156.571293501394
  endloop
endfacet
facet normal -0.51462 0.605706 -0.606866
  outer loop
    vertex -132.4836924397941 158.9952547663412 -140.24471540598
    vertex -116.5302137744366 153.9641324412396 -158.7946951232961
    vertex -136.5077073310726 140.1722736906184 -155.6193417529344
  endloop
endfacet
facet normal -0.940243 0.201353 -0.27459
  outer loop
    vertex -239.0551802918331 37.96431289961295 -62.54064056035457
    vertex -234.4045568346547 62.25525480514448 -60.65300474251607
    vertex -230.5730278252327 50.63958950137086 -82.29040536196858
  endloop
endfacet
facet normal 0.869764 0.442271 -0.218877
  outer loop
    vertex 212.4842805000833 112.9434246308889 -67.78062682661343
    vertex 214.7999230405591 119.9460543862226 -44.42901190604238
    vertex 223.9500222681341 98.34201259476372 -51.72268443259289
  endloop
endfacet
facet normal -0.827437 -0.452393 -0.332697
  outer loop
    vertex -208.6175100957173 -102.4342271602103 -92.11928998615734
    vertex -199.2301448330927 -124.6979143850373 -85.19260260026586
    vertex -212.5330786695206 -111.181087821485 -70.48727673904402
  endloop
endfacet
facet normal 0.948126 0.301101 -0.101959
  outer loop
    vertex 233.190211759297 82.81671432034285 -35.54879700970119
    vertex 234.9064326396665 84.05334569544225 -15.93747100101809
    vertex 240.8670475252879 63.06186340446325 -22.50037333929163
  endloop
endfacet
facet normal -0.939835 0.152955 -0.305476
  outer loop
    vertex -239.0551802918331 37.96431289961295 -62.54064056035457
    vertex -230.5730278252327 50.63958950137086 -82.29040536196858
    vertex -234.054242702792 25.98453306564493 -83.92505891676764
  endloop
endfacet
facet normal 0.998323 -0.0506292 -0.0280544
  outer loop
    vertex 248.7173308479738 -25.29208049685802 -3.097386542425438e-15
    vertex 248.7569639668043 -12.61552540414986 -21.46675096038659
    vertex 250 1.530808498934192e-14 0
  endloop
endfacet
facet normal -0.954246 0.10285 -0.280777
  outer loop
    vertex -241.3810526150056 13.08565352650939 -63.74914203545061
    vertex -239.0551802918331 37.96431289961295 -62.54064056035457
    vertex -234.054242702792 25.98453306564493 -83.92505891676764
  endloop
endfacet
facet normal 0.889369 0.429542 -0.156579
  outer loop
    vertex 223.9500222681341 98.34201259476372 -51.72268443259289
    vertex 214.7999230405591 119.9460543862226 -44.42901190604238
    vertex 225.7915579504064 104.5533720859221 -24.2232273611711
  endloop
endfacet
facet normal 0.710675 0.438261 -0.550334
  outer loop
    vertex 186.3687068904333 108.5598631328828 -126.417804159689
    vertex 176.9809857002036 98.55439752388132 -146.5085711802866
    vertex 169.425463657614 121.092715324815 -138.3169062684163
  endloop
endfacet
facet normal -0.593813 0.1061 -0.797577
  outer loop
    vertex -137.3011371312666 29.86837789711695 -206.7759119052704
    vertex -151.6126064259753 13.14751231112026 -198.3450541171905
    vertex -155.3140662672723 36.30081063910306 -192.5091996930778
  endloop
endfacet
facet normal -0.67147 -0.553484 -0.492731
  outer loop
    vertex -177.0805085863108 -127.6111824307162 -121.8929021618896
    vertex -159.1031803392005 -138.299334308857 -134.3855354406821
    vertex -166.1494738163951 -148.4904853870903 -113.3354670879393
  endloop
endfacet
facet normal -0.921279 0.250401 -0.297563
  outer loop
    vertex -234.4045568346547 62.25525480514448 -60.65300474251607
    vertex -224.828490878191 74.65949831506384 -79.86306405828779
    vertex -230.5730278252327 50.63958950137086 -82.29040536196858
  endloop
endfacet
facet normal -0.887476 -0.419389 -0.191046
  outer loop
    vertex -227.884247224575 -94.38764322882801 -40.73993952617344
    vertex -222.1845111341317 -97.77053588482801 -59.79101374688727
    vertex -215.8613198044333 -117.3496562876048 -46.18385845151084
  endloop
endfacet
facet normal -0.917172 0.297542 -0.265076
  outer loop
    vertex -234.4045568346547 62.25525480514448 -60.65300474251607
    vertex -227.4579126701673 85.97011770020372 -58.06924165462875
    vertex -224.828490878191 74.65949831506384 -79.86306405828779
  endloop
endfacet
facet normal -0.132761 0.184372 -0.973849
  outer loop
    vertex -45.71599699990121 36.84945472905717 -243.0065128848941
    vertex -36.77310600382229 60.77383503101484 -239.6962236883482
    vertex -21.23837813222288 36.55000790826861 -246.4001384257286
  endloop
endfacet
facet normal -0.670657 0.400363 -0.624443
  outer loop
    vertex -173.5883008812518 87.42010341937031 -157.2413028288262
    vertex -171.9050110596124 108.3791215434915 -145.6112399028853
    vertex -157.0110493448933 104.3473366634859 -164.1924593726905
  endloop
endfacet
facet normal 0.974174 -0.199117 -0.10648
  outer loop
    vertex 241.1409291262649 -62.31408149514574 -21.63348209461476
    vertex 241.8904041656066 -48.72855640038323 -40.18158986070775
    vertex 246.2677197923497 -37.6766383359904 -20.80098824516973
  endloop
endfacet
facet normal 0.103524 0.285458 -0.952784
  outer loop
    vertex 21.23837811379603 83.91799210222128 -234.5350760475434
    vertex 39.60845958081444 71.70457458375607 -236.1982724606544
    vertex 17.95418697428689 60.58819183434706 -241.8816201788319
  endloop
endfacet
facet normal -0.885201 0.389463 -0.254437
  outer loop
    vertex -227.4579126701673 85.97011770020372 -58.06924165462875
    vertex -218.3765447783595 108.3923310502084 -55.34245441039967
    vertex -216.7930485272373 97.87695993242409 -76.94722103268957
  endloop
endfacet
facet normal 0.837373 -0.41757 -0.352764
  outer loop
    vertex 202.8141435177068 -117.2064304553973 -87.34458110886544
    vertex 207.9683740128878 -96.20750307587814 -99.96635315115041
    vertex 215.8956908955672 -100.617274450383 -75.92901115451191
  endloop
endfacet
facet normal 0.899279 -0.167638 -0.403974
  outer loop
    vertex 223.6122336166783 -55.515875910412 -97.03379050031914
    vertex 219.2052608619898 -38.94590907046425 -113.7201379576288
    vertex 229.1780019047252 -29.5776399124613 -95.40758177506925
  endloop
endfacet
facet normal -0.0547142 0.979949 -0.19159
  outer loop
    vertex 0 245.1963198262603 -48.77258050384027
    vertex -21.00272226278721 242.005572866592 -59.0947405364036
    vertex -21.23837813222506 246.4001384257437 -36.55000790816577
  endloop
endfacet
facet normal -0.993131 -0.101481 -0.0582411
  outer loop
    vertex -248.7471343859604 -12.61502690422901 -21.58064482304717
    vertex -246.1576310618195 -37.87941151716916 -21.71568219389123
    vertex -248.7173308479738 -25.29208049685819 -3.097386542425458e-15
  endloop
endfacet
facet normal -0.898325 0.38873 -0.204699
  outer loop
    vertex -227.4579126701673 85.97011770020372 -58.06924165462875
    vertex -227.34916540535 96.79232099077817 -37.9947836776179
    vertex -218.3765447783595 108.3923310502084 -55.34245441039967
  endloop
endfacet
facet normal -0.433375 0.658127 -0.615674
  outer loop
    vertex -111.8820381279057 172.2612930221568 -142.5077417920882
    vertex -95.66711470877995 166.5069107401619 -160.0726455052983
    vertex -116.5302137744366 153.9641324412396 -158.7946951232961
  endloop
endfacet
facet normal 0.74374 -0.566011 -0.355643
  outer loop
    vertex 177.0582078397535 -153.2950988294976 -87.47001607081826
    vertex 186.8438682451425 -132.2645924173371 -100.4760991075365
    vertex 193.6967580852294 -138.1889956250937 -76.71614820492474
  endloop
endfacet
facet normal -0.845553 0.475996 -0.241802
  outer loop
    vertex -218.3765447783595 108.3923310502084 -55.34245441039967
    vertex -209.561832798879 127.016284681408 -49.50456200903279
    vertex -206.68011173959 120.066892623666 -73.26167283790102
  endloop
endfacet
facet normal -0.893533 0.345292 -0.287005
  outer loop
    vertex -227.4579126701673 85.97011770020372 -58.06924165462875
    vertex -216.7930485272373 97.87695993242409 -76.94722103268957
    vertex -224.828490878191 74.65949831506384 -79.86306405828779
  endloop
endfacet
facet normal 0.429665 0.528201 -0.732388
  outer loop
    vertex 105.4016246770947 121.0903407015804 -191.6445326749606
    vertex 97.73127111790731 142.0133630029322 -181.0546971892072
    vertex 119.0829551973659 132.6243247373193 -175.2998524512562
  endloop
endfacet
facet normal -0.688183 -0.0869134 -0.720313
  outer loop
    vertex -178.4971689420363 -10.9847434471092 -174.6942932413058
    vertex -161.9430806767435 -21.51716982055866 -189.2391344934736
    vertex -175.3592873646712 -33.91450875056123 -174.9254882261667
  endloop
endfacet
facet normal 0.564344 0.68219 -0.464901
  outer loop
    vertex 139.9845113894407 178.475467099126 -105.1229956517999
    vertex 150.6196248731469 160.8916305936463 -118.0153032788128
    vertex 131.5207312457745 171.2571581680469 -125.9892179068563
  endloop
endfacet
facet normal -0.850151 0.0589267 -0.523231
  outer loop
    vertex -214.0163883378451 29.19617208495551 -125.8752122477272
    vertex -204.1537937464805 13.78726754828405 -143.6354404472361
    vertex -216.9962135183205 1.641214600418896 -124.1368186049039
  endloop
endfacet
facet normal 0.558541 -0.803657 -0.205346
  outer loop
    vertex 130.4123806102155 -209.0240690606569 -42.44466441028881
    vertex 135.3214225540708 -199.6404756750485 -65.81635868219213
    vertex 150.9160447021329 -194.5072768389927 -43.48869632609444
  endloop
endfacet
facet normal 0.596771 -0.677409 -0.430095
  outer loop
    vertex 138.4651227527663 -178.6736121691106 -106.7855331751618
    vertex 149.4640309335653 -161.1387207632837 -119.1419998483436
    vertex 158.7525286111198 -166.8312632691379 -97.28804785583469
  endloop
endfacet
facet normal 0.715045 -0.329786 -0.616402
  outer loop
    vertex 170.2373905843792 -93.47503955989909 -157.4218784867491
    vertex 177.626272661418 -70.13268225939018 -161.3391277387944
    vertex 187.5368692627105 -83.28756591142103 -142.8044258126888
  endloop
endfacet
facet normal -0.856789 0.436166 -0.275086
  outer loop
    vertex -218.3765447783595 108.3923310502084 -55.34245441039967
    vertex -206.68011173959 120.066892623666 -73.26167283790102
    vertex -216.7930485272373 97.87695993242409 -76.94722103268957
  endloop
endfacet
facet normal -0.246581 -0.830972 -0.498681
  outer loop
    vertex -75.87522539361879 -203.7192036825502 -123.456211761155
    vertex -52.76176370193927 -203.2472810703276 -135.6714377773745
    vertex -56.66965092504064 -215.6198621639692 -113.1221715864089
  endloop
endfacet
facet normal -0.279934 -0.845928 -0.453919
  outer loop
    vertex -79.74379152454694 -213.0695048506508 -103.6451340680694
    vertex -75.87522539361879 -203.7192036825502 -123.456211761155
    vertex -56.66965092504064 -215.6198621639692 -113.1221715864089
  endloop
endfacet
facet normal -0.171423 -0.0473972 -0.984057
  outer loop
    vertex -52.33701396550383 -1.343645399102415 -244.4566047097442
    vertex -29.12476995486001 -8.748998714550988 -248.1435125014742
    vertex -46.87500159836411 -25.39258240676872 -244.2497717171273
  endloop
endfacet
facet normal 0.289888 -0.934932 -0.204617
  outer loop
    vertex 61.05739060265329 -238.7765669552208 -41.92548301300751
    vertex 71.13704128127328 -230.3301331447232 -66.23859240111091
    vertex 85.47833668718941 -230.9343135319111 -43.16012964225757
  endloop
endfacet
facet normal 0.473514 -0.688192 -0.549706
  outer loop
    vertex 106.7744756852711 -180.0436792401374 -136.6875448159413
    vertex 118.6318880092856 -162.7902104680351 -148.0737063868031
    vertex 128.8696505113188 -171.7861633495857 -127.99268439532
  endloop
endfacet
facet normal 0.0412405 -0.947138 -0.318166
  outer loop
    vertex -0.8193301870536478 -240.2031926583076 -69.29469629632958
    vertex 3.678140074394992 -232.1233766229336 -92.76426742426662
    vertex 25.77835220786488 -235.7774150911881 -79.02206711017404
  endloop
endfacet
facet normal -0.988301 -0.100685 -0.114559
  outer loop
    vertex -245.0106323713284 -24.93064275363439 -42.99131397029414
    vertex -246.1576310618195 -37.87941151716916 -21.71568219389123
    vertex -248.7471343859604 -12.61502690422901 -21.58064482304717
  endloop
endfacet
facet normal -0.283976 -0.275659 -0.918352
  outer loop
    vertex -80.73109416814465 -58.06494318521646 -229.370775835353
    vertex -57.63398871566465 -65.45868825867726 -234.2935839415496
    vertex -74.49945828204586 -81.96907034806098 -224.1225160976834
  endloop
endfacet
facet normal 0.779005 -0.517689 -0.353765
  outer loop
    vertex 186.8438682451425 -132.2645924173371 -100.4760991075365
    vertex 202.8141435177068 -117.2064304553973 -87.34458110886544
    vertex 193.6967580852294 -138.1889956250937 -76.71614820492474
  endloop
endfacet
facet normal -0.195005 -0.623361 -0.757228
  outer loop
    vertex -61.22019667166348 -158.3470649037169 -183.5164694403772
    vertex -48.30706743370657 -144.8621403855643 -197.9428895385444
    vertex -36.82040738275678 -162.5017685560803 -186.379807962971
  endloop
endfacet
facet normal -0.270444 -0.220946 -0.937039
  outer loop
    vertex -80.73109416814465 -58.06494318521646 -229.370775835353
    vertex -64.13081375466639 -41.89048140842383 -237.9756842505864
    vertex -57.63398871566465 -65.45868825867726 -234.2935839415496
  endloop
endfacet
facet normal -0.349089 -0.336396 -0.874629
  outer loop
    vertex -96.6416947039716 -73.62355374223829 -218.4947486305062
    vertex -74.49945828204586 -81.96907034806098 -224.1225160976834
    vertex -89.36076457464372 -96.59248650016424 -212.5665667652152
  endloop
endfacet
facet normal -0.335519 -0.284629 -0.898005
  outer loop
    vertex -96.6416947039716 -73.62355374223829 -218.4947486305062
    vertex -80.73109416814465 -58.06494318521646 -229.370775835353
    vertex -74.49945828204586 -81.96907034806098 -224.1225160976834
  endloop
endfacet
facet normal 0.0504767 -0.132231 -0.989933
  outer loop
    vertex -0.9005829109118669 -37.47338014523059 -247.1738957311463
    vertex 15.51346954878179 -19.18974833516721 -248.7791908930326
    vertex 23.18843115744755 -42.32547599885287 -245.2974739819529
  endloop
endfacet
facet normal 0.642593 -0.369755 -0.671085
  outer loop
    vertex 151.2534915357761 -102.6450052719855 -170.5473077798385
    vertex 160.4220949128641 -79.89255743627795 -174.3041328542128
    vertex 170.2373905843792 -93.47503955989909 -157.4218784867491
  endloop
endfacet
facet normal -0.242887 -0.112379 -0.963523
  outer loop
    vertex -71.24446498784408 -18.30395303536941 -238.9334457791015
    vertex -46.87500159836411 -25.39258240676872 -244.2497717171273
    vertex -64.13081375466639 -41.89048140842383 -237.9756842505864
  endloop
endfacet
facet normal -0.484718 -0.310734 -0.817614
  outer loop
    vertex -132.9416800288849 -79.24959892168724 -196.3313800232894
    vertex -118.2924353044568 -64.98609982137403 -210.436942050932
    vertex -111.7007257539867 -88.40883559790528 -205.4429985525309
  endloop
endfacet
facet normal -0.728417 -0.0928378 -0.678815
  outer loop
    vertex -191.1987718770862 -22.35576888753975 -159.5094016982725
    vertex -178.4971689420363 -10.9847434471092 -174.6942932413058
    vertex -175.3592873646712 -33.91450875056123 -174.9254882261667
  endloop
endfacet
facet normal -0.397597 -0.34543 -0.850056
  outer loop
    vertex -111.7007257539867 -88.40883559790528 -205.4429985525309
    vertex -96.6416947039716 -73.62355374223829 -218.4947486305062
    vertex -89.36076457464372 -96.59248650016424 -212.5665667652152
  endloop
endfacet
facet normal 0.424142 -0.754637 -0.500625
  outer loop
    vertex 94.11082537378947 -196.3951211789347 -122.7685176442873
    vertex 106.7744756852711 -180.0436792401374 -136.6875448159413
    vertex 116.7646614450566 -188.4620687554154 -115.533815301194
  endloop
endfacet
facet normal -0.600965 -0.226881 -0.766398
  outer loop
    vertex -157.7732856500504 -45.02623510837181 -188.6272209601606
    vertex -138.9750964694006 -55.66451203446633 -200.2183424696288
    vertex -152.8717018414889 -69.20546206796226 -185.3128349468724
  endloop
endfacet
facet normal 0.00272623 -0.640344 -0.768084
  outer loop
    vertex -12.05652025594047 -164.960636981984 -187.4636726563741
    vertex 1.268628951393622 -148.788693617375 -200.8987686179749
    vertex 12.8299257138103 -165.7000447861754 -186.75890384139
  endloop
endfacet
facet normal 0.331636 -0.782852 -0.52646
  outer loop
    vertex 70.52897567430659 -202.2937598382003 -128.8522344426267
    vertex 83.79937168483345 -187.1461035611548 -143.0174857389985
    vertex 94.11082537378947 -196.3951211789347 -122.7685176442873
  endloop
endfacet
facet normal 0.0067276 -0.093453 -0.995601
  outer loop
    vertex -0.9005829109118669 -37.47338014523059 -247.1738957311463
    vertex -11.7474539870825 -18.03707197365393 -249.0715988615294
    vertex 15.51346954878179 -19.18974833516721 -248.7791908930326
  endloop
endfacet
facet normal 0.859597 -0.370845 -0.351521
  outer loop
    vertex 207.9683740128878 -96.20750307587814 -99.96635315115041
    vertex 220.31049924868 -79.41028425038303 -87.50594651834081
    vertex 215.8956908955672 -100.617274450383 -75.92901115451191
  endloop
endfacet
facet normal -0.740672 -0.138004 -0.657541
  outer loop
    vertex -191.1987718770862 -22.35576888753975 -159.5094016982725
    vertex -175.3592873646712 -33.91450875056123 -174.9254882261667
    vertex -188.0100749435342 -47.05977273021253 -157.9164003842139
  endloop
endfacet
facet normal 0.20029 -0.63246 -0.74825
  outer loop
    vertex 37.59664556584462 -164.7124875396226 -184.2723220961464
    vertex 50.37059561149354 -146.8243076149045 -195.9730231209063
    vertex 62.00216375304983 -162.0063436764799 -180.0268766004628
  endloop
endfacet
facet normal -0.800397 -0.0912592 -0.592483
  outer loop
    vertex -205.1267463617419 -10.46356214933732 -142.5255478649094
    vertex -191.1987718770862 -22.35576888753975 -159.5094016982725
    vertex -203.0231729477951 -35.3526003771418 -141.5336881904227
  endloop
endfacet
facet normal -0.673671 -0.183404 -0.715913
  outer loop
    vertex -175.3592873646712 -33.91450875056123 -174.9254882261667
    vertex -157.7732856500504 -45.02623510837181 -188.6272209601606
    vertex -171.2697672467939 -58.38305718171273 -172.5053200957753
  endloop
endfacet
facet normal 0.250239 -0.557808 -0.791347
  outer loop
    vertex 50.37059561149354 -146.8243076149045 -195.9730231209063
    vertex 62.53737189530418 -127.4721160884529 -205.7667046350318
    vertex 74.46150819451087 -143.3552840838069 -190.8002786230927
  endloop
endfacet
facet normal -0.949078 0.0534699 -0.31047
  outer loop
    vertex -241.3810526150056 13.08565352650939 -63.74914203545061
    vertex -234.054242702792 25.98453306564493 -83.92505891676764
    vertex -235.1775702400666 0.9823618259338045 -84.79708380139918
  endloop
endfacet
facet normal 0.014554 -0.295528 -0.955223
  outer loop
    vertex -9.96113272468693 -77.92696893782741 -237.3355501120809
    vertex 6.695714649652563 -60.44520146919154 -242.4902988259103
    vertex 14.16743781108143 -82.89457489744525 -235.4310369480646
  endloop
endfacet
facet normal 0.0387277 -0.187314 -0.981536
  outer loop
    vertex 6.695714649652563 -60.44520146919154 -242.4902988259103
    vertex -0.9005829109118669 -37.47338014523059 -247.1738957311463
    vertex 23.18843115744755 -42.32547599885287 -245.2974739819529
  endloop
endfacet
facet normal -0.494675 -0.36053 -0.790769
  outer loop
    vertex -132.9416800288849 -79.24959892168724 -196.3313800232894
    vertex -111.7007257539867 -88.40883559790528 -205.4429985525309
    vertex -125.7382299085302 -102.29093729607 -190.3325029693065
  endloop
endfacet
facet normal -0.589686 0.782679 -0.199209
  outer loop
    vertex -145.5324514721279 193.1602022577297 -63.32015344474214
    vertex -156.947852330291 190.1507486668033 -41.35292529390595
    vertex -137.7940446199196 203.8816531317906 -44.10297930448506
  endloop
endfacet
facet normal 0.637196 -0.635307 -0.43631
  outer loop
    vertex 149.4640309335653 -161.1387207632837 -119.1419998483436
    vertex 168.7091162706737 -148.147544889998 -109.9524398557593
    vertex 158.7525286111198 -166.8312632691379 -97.28804785583469
  endloop
endfacet
facet normal -0.878125 0.0650585 -0.473987
  outer loop
    vertex -226.6769249128533 13.83016940658871 -104.5289343973128
    vertex -214.0163883378451 29.19617208495551 -125.8752122477272
    vertex -216.9962135183205 1.641214600418896 -124.1368186049039
  endloop
endfacet
facet normal -0.852053 -0.0429773 -0.521688
  outer loop
    vertex -216.9962135183205 1.641214600418896 -124.1368186049039
    vertex -205.1267463617419 -10.46356214933732 -142.5255478649094
    vertex -215.8411258450134 -23.35649236493023 -123.9640377624254
  endloop
endfacet
facet normal 0.644521 -0.417083 -0.640808
  outer loop
    vertex 151.2534915357761 -102.6450052719855 -170.5473077798385
    vertex 170.2373905843792 -93.47503955989909 -157.4218784867491
    vertex 161.214376204699 -115.9897359112166 -151.8430310161648
  endloop
endfacet
facet normal -0.229514 -0.0604822 -0.971424
  outer loop
    vertex -71.24446498784408 -18.30395303536941 -238.9334457791015
    vertex -52.33701396550383 -1.343645399102415 -244.4566047097442
    vertex -46.87500159836411 -25.39258240676872 -244.2497717171273
  endloop
endfacet
facet normal -0.816587 0.51975 -0.251088
  outer loop
    vertex -209.561832798879 127.016284681408 -49.50456200903279
    vertex -195.7528928690677 141.8819487879569 -63.64210509971269
    vertex -206.68011173959 120.066892623666 -73.26167283790102
  endloop
endfacet
facet normal -0.045197 -0.616069 -0.786395
  outer loop
    vertex -12.05652025594047 -164.960636981984 -187.4636726563741
    vertex -23.61887885115074 -147.7960288701945 -200.2460546727832
    vertex 1.268628951393622 -148.788693617375 -200.8987686179749
  endloop
endfacet
facet normal 0.988128 -0.151376 -0.0262396
  outer loop
    vertex 244.8824853131237 -50.32463002216494 -6.162989707491909e-15
    vertex 246.2677197923497 -37.6766383359904 -20.80098824516973
    vertex 248.7173308479738 -25.29208049685802 -3.097386542425438e-15
  endloop
endfacet
facet normal -0.577324 -0.322787 -0.750004
  outer loop
    vertex -152.8717018414889 -69.20546206796226 -185.3128349468724
    vertex -132.9416800288849 -79.24959892168724 -196.3313800232894
    vertex -146.699355195896 -92.80187387560416 -179.9086195552754
  endloop
endfacet
facet normal 0.565405 -0.451327 -0.690378
  outer loop
    vertex 130.7610785326768 -110.7220228991819 -182.0499216865643
    vertex 151.2534915357761 -102.6450052719855 -170.5473077798385
    vertex 141.3423101171921 -124.5682639597086 -164.3322822357185
  endloop
endfacet
facet normal -0.407326 -0.395258 -0.82332
  outer loop
    vertex -111.7007257539867 -88.40883559790528 -205.4429985525309
    vertex -89.36076457464372 -96.59248650016424 -212.5665667652152
    vertex -103.9175248345096 -110.9523567809624 -198.4709614956785
  endloop
endfacet
facet normal 0.611845 -0.788796 -0.058714
  outer loop
    vertex 142.3248558272691 -204.3699116716418 -21.83058902257135
    vertex 162.4087899855978 -188.7697467146972 -22.12165592090757
    vertex 153.0264956369158 -197.6939342344245 -2.421052437710354e-14
  endloop
endfacet
facet normal 0.345075 -0.540903 -0.767038
  outer loop
    vertex 74.46150819451087 -143.3552840838069 -190.8002786230927
    vertex 86.09572467312832 -123.2724504043331 -199.7283884787541
    vertex 97.82160701898883 -138.3595517794817 -183.8139484141599
  endloop
endfacet
facet normal -0.264941 -0.872652 -0.410225
  outer loop
    vertex -79.74379152454694 -213.0695048506508 -103.6451340680694
    vertex -56.66965092504064 -215.6198621639692 -113.1221715864089
    vertex -61.82648504708484 -224.7233215323082 -90.42629322387053
  endloop
endfacet
facet normal 0.897213 -0.440104 -0.0362962
  outer loop
    vertex 218.5866540361456 -121.3254906327701 -1.485808737584041e-14
    vertex 223.6176461138511 -109.0397838544903 -24.60637891820895
    vertex 229.7394529050577 -98.58896377832951 -1.207366589223856e-14
  endloop
endfacet
facet normal 0.389798 -0.458989 -0.798365
  outer loop
    vertex 86.09572467312832 -123.2724504043331 -199.7283884787541
    vertex 97.10954760753484 -102.29750905336 -206.4096785641063
    vertex 108.9664948393158 -117.6323646255843 -191.8044050459398
  endloop
endfacet
facet normal -0.973613 0.0016106 -0.228201
  outer loop
    vertex -246.2985701246903 0.1042520442135205 -42.86027865103432
    vertex -241.3810526150056 13.08565352650939 -63.74914203545061
    vertex -241.3050224101784 -11.98995680106672 -64.25050268699742
  endloop
endfacet
facet normal -0.872885 -0.484451 -0.0581185
  outer loop
    vertex -223.5652235850575 -109.7361437426544 -21.83047319356085
    vertex -211.4672257056334 -131.4979820560544 -22.13353039052513
    vertex -218.5866540361455 -121.3254906327704 -1.485808737584044e-14
  endloop
endfacet
facet normal -0.623948 -0.634043 -0.456814
  outer loop
    vertex -166.1494738163951 -148.4904853870903 -113.3354670879393
    vertex -147.2163501793268 -158.3616988293525 -125.4946954407208
    vertex -153.4722391295397 -167.8972897877286 -103.7148586196831
  endloop
endfacet
facet normal 0.469834 -0.721281 -0.508929
  outer loop
    vertex 106.7744756852711 -180.0436792401374 -136.6875448159413
    vertex 128.8696505113188 -171.7861633495857 -127.99268439532
    vertex 116.7646614450566 -188.4620687554154 -115.533815301194
  endloop
endfacet
facet normal 0.0535649 -0.618717 -0.783786
  outer loop
    vertex 1.268628951393622 -148.788693617375 -200.8987686179749
    vertex 26.44755968021853 -149.380797264205 -198.7106036316929
    vertex 12.8299257138103 -165.7000447861754 -186.75890384139
  endloop
endfacet
facet normal 0.479171 -0.435789 -0.761894
  outer loop
    vertex 108.9664948393158 -117.6323646255843 -191.8044050459398
    vertex 119.1306229404679 -96.81764717669245 -197.3176065965365
    vertex 130.7610785326768 -110.7220228991819 -182.0499216865643
  endloop
endfacet
facet normal -0.694048 -0.71789 -0.0541392
  outer loop
    vertex -181.1860281131961 -170.9634402759272 -21.05054169335314
    vertex -164.5153955020105 -187.1230239573598 -20.48556925912547
    vertex -172.2417297689215 -181.1981968072801 -2.219037917313077e-14
  endloop
endfacet
facet normal -0.150652 -0.986542 -0.0635457
  outer loop
    vertex -49.94705635713171 -243.6273691412477 -25.51463436092546
    vertex -23.10850125897812 -247.9432044543455 -22.13965976419716
    vertex -37.85694437614386 -247.1170810820279 -3.026311423617424e-14
  endloop
endfacet
facet normal 0.080959 -0.224149 -0.971186
  outer loop
    vertex 6.695714649652563 -60.44520146919154 -242.4902988259103
    vertex 23.18843115744755 -42.32547599885287 -245.2974739819529
    vertex 30.73923224023924 -65.05599925192907 -239.4218381071653
  endloop
endfacet
facet normal -0.569045 -0.708307 -0.41772
  outer loop
    vertex -153.4722391295397 -167.8972897877286 -103.7148586196831
    vertex -133.4171686528825 -176.8075940865577 -115.9264153761831
    vertex -139.1705468679795 -185.6306975639996 -93.12788522440761
  endloop
endfacet
facet normal 0.9374 -0.347175 -0.0274056
  outer loop
    vertex 229.7394529050577 -98.58896377832951 -1.207366589223856e-14
    vertex 234.0009157429061 -85.41079076784887 -21.17942992368141
    vertex 238.5348141000123 -74.84078074333935 -9.16535225830194e-15
  endloop
endfacet
facet normal 0.524861 -0.391112 -0.756011
  outer loop
    vertex 119.1306229404679 -96.81764717669245 -197.3176065965365
    vertex 139.9153284970977 -85.93876748419844 -188.5158590008971
    vertex 130.7610785326768 -110.7220228991819 -182.0499216865643
  endloop
endfacet
facet normal -0.508877 -0.775498 -0.373693
  outer loop
    vertex -139.1705468679795 -185.6306975639996 -93.12788522440761
    vertex -118.4549447346575 -193.5050832773006 -104.9962323788535
    vertex -123.3835679311852 -201.5068053638701 -81.67926638148725
  endloop
endfacet
facet normal 0.827369 0.459532 -0.322941
  outer loop
    vertex 208.0402554231209 104.8012936886494 -90.7520851808268
    vertex 198.9038406421637 126.4332117281945 -83.37808554944324
    vertex 212.4842805000833 112.9434246308889 -67.78062682661343
  endloop
endfacet
facet normal -0.561983 0.591994 -0.577683
  outer loop
    vertex -151.8007768150196 144.1261065929269 -136.6901223816882
    vertex -132.4836924397941 158.9952547663412 -140.24471540598
    vertex -136.5077073310726 140.1722736906184 -155.6193417529344
  endloop
endfacet
facet normal 0.977798 -0.201529 -0.0574232
  outer loop
    vertex 244.8824853131237 -50.32463002216494 -6.162989707491909e-15
    vertex 241.1409291262649 -62.31408149514574 -21.63348209461476
    vertex 246.2677197923497 -37.6766383359904 -20.80098824516973
  endloop
endfacet
facet normal -0.744575 0.604022 -0.284191
  outer loop
    vertex -195.7528928690677 141.8819487879569 -63.64210509971269
    vertex -179.9135930629211 161.9251169097412 -62.54083102227113
    vertex -180.3197513954121 150.8270618451034 -85.06459117558936
  endloop
endfacet
facet normal -0.243911 -0.589917 -0.769744
  outer loop
    vertex -61.22019667166348 -158.3470649037169 -183.5164694403772
    vertex -71.92026541776653 -139.01206091946 -194.9438953677759
    vertex -48.30706743370657 -144.8621403855643 -197.9428895385444
  endloop
endfacet
facet normal -0.225685 0.414876 -0.881445
  outer loop
    vertex -63.41736785322474 113.8999154106945 -213.3191194525362
    vertex -42.48452179953043 105.1019365566154 -222.8197664919215
    vertex -63.07257419402532 91.65342932158728 -223.8783135503124
  endloop
endfacet
facet normal 0.834301 0.377531 -0.401761
  outer loop
    vertex 201.5404673127282 95.76568277141003 -112.7402946540979
    vertex 208.0402554231209 104.8012936886494 -90.7520851808268
    vertex 215.1302122082506 82.13334316585745 -97.32988100081364
  endloop
endfacet
facet normal -0.189754 -0.301731 -0.934319
  outer loop
    vertex -57.63398871566465 -65.45868825867726 -234.2935839415496
    vertex -33.96947648321949 -72.09678767615496 -236.9559618879327
    vertex -50.46930620787836 -88.37082761272261 -228.3493944768365
  endloop
endfacet
facet normal -0.35562 -0.858442 -0.369609
  outer loop
    vertex -102.0690424307824 -208.3693424319266 -93.0812962509099
    vertex -79.74379152454694 -213.0695048506508 -103.6451340680694
    vertex -84.60565803900202 -221.1864705119735 -80.11509152614977
  endloop
endfacet
facet normal 0.724496 -0.688685 -0.0286105
  outer loop
    vertex 172.2417297689218 -181.1981968072799 -2.219037917313075e-14
    vertex 180.8192333177182 -171.2745747480433 -21.66621580409283
    vertex 189.6895306731978 -162.8431206805554 -1.994253065046084e-14
  endloop
endfacet
facet normal -0.153414 0.0110662 -0.9881
  outer loop
    vertex -52.33701396550383 -1.343645399102415 -244.4566047097442
    vertex -39.61383156347358 17.49049009478678 -246.2210939483149
    vertex -29.12476995486001 -8.748998714550988 -248.1435125014742
  endloop
endfacet
facet normal -0.513871 0.407359 -0.75498
  outer loop
    vertex -140.4787699831595 98.62087285685229 -181.7680902165481
    vertex -121.7984651514058 114.1610089354172 -186.0978181645593
    vertex -122.4928760304628 92.25347087287118 -197.4456695744274
  endloop
endfacet
facet normal -0.280745 0.407996 -0.868747
  outer loop
    vertex -83.72071888191243 99.9609298512097 -213.3041343555659
    vertex -63.41736785322474 113.8999154106945 -213.3191194525362
    vertex -63.07257419402532 91.65342932158728 -223.8783135503124
  endloop
endfacet
facet normal -0.777775 -0.139906 -0.612774
  outer loop
    vertex -191.1987718770862 -22.35576888753975 -159.5094016982725
    vertex -188.0100749435342 -47.05977273021253 -157.9164003842139
    vertex -203.0231729477951 -35.3526003771418 -141.5336881904227
  endloop
endfacet
facet normal -0.833331 -0.092152 -0.545038
  outer loop
    vertex -205.1267463617419 -10.46356214933732 -142.5255478649094
    vertex -203.0231729477951 -35.3526003771418 -141.5336881904227
    vertex -215.8411258450134 -23.35649236493023 -123.9640377624254
  endloop
endfacet
facet normal -0.508917 0.492842 -0.705769
  outer loop
    vertex -139.2521001558281 120.1801742579044 -169.309120597595
    vertex -119.8282398773477 134.9567204659519 -172.9967529434345
    vertex -121.7984651514058 114.1610089354172 -186.0978181645593
  endloop
endfacet
facet normal 0.833734 0.334594 -0.439244
  outer loop
    vertex 207.6058565327895 72.65499167947546 -118.8320685561864
    vertex 201.5404673127282 95.76568277141003 -112.7402946540979
    vertex 215.1302122082506 82.13334316585745 -97.32988100081364
  endloop
endfacet
facet normal -0.71405 -0.186097 -0.674908
  outer loop
    vertex -175.3592873646712 -33.91450875056123 -174.9254882261667
    vertex -171.2697672467939 -58.38305718171273 -172.5053200957753
    vertex -188.0100749435342 -47.05977273021253 -157.9164003842139
  endloop
endfacet
facet normal 0.81998 0.496822 -0.284256
  outer loop
    vertex 198.9038406421637 126.4332117281945 -83.37808554944324
    vertex 202.5153518699528 133.3506631097293 -60.86980290082028
    vertex 212.4842805000833 112.9434246308889 -67.78062682661343
  endloop
endfacet
facet normal 0.249501 -0.603927 -0.756981
  outer loop
    vertex 50.37059561149354 -146.8243076149045 -195.9730231209063
    vertex 74.46150819451087 -143.3552840838069 -190.8002786230927
    vertex 62.00216375304983 -162.0063436764799 -180.0268766004628
  endloop
endfacet
facet normal 0.178769 -0.0484223 -0.982699
  outer loop
    vertex 39.36465785982187 -23.73936859371818 -245.7373925359158
    vertex 37.62430591722797 -1.54119099460799 -247.147802609218
    vertex 55.07378293715603 -4.86140525730341 -243.8098545422545
  endloop
endfacet
facet normal 0.910039 0.387061 -0.148368
  outer loop
    vertex 223.9500222681341 98.34201259476372 -51.72268443259289
    vertex 225.7915579504064 104.5533720859221 -24.2232273611711
    vertex 233.190211759297 82.81671432034285 -35.54879700970119
  endloop
endfacet
facet normal -0.34661 0.60468 -0.717094
  outer loop
    vertex -99.42067345007882 148.6492593058522 -174.6966725457422
    vertex -78.10467448720986 160.9510172462767 -174.6265440035842
    vertex -81.72253350210092 142.2920205661599 -188.6117928476306
  endloop
endfacet
facet normal -0.428941 0.55037 -0.716312
  outer loop
    vertex -119.8282398773477 134.9567204659519 -172.9967529434345
    vertex -99.42067345007882 148.6492593058522 -174.6966725457422
    vertex -101.9278299656207 128.5142228752602 -188.6658739604687
  endloop
endfacet
facet normal 0.299237 -0.953739 -0.0289755
  outer loop
    vertex 62.66313306468042 -242.019279716551 -2.963881362368221e-14
    vertex 74.51524604191857 -237.6380868413771 -21.8086631796277
    vertex 86.82631321120535 -234.43803303677 -2.871037867568818e-14
  endloop
endfacet
facet normal -0.787547 0.345369 -0.510382
  outer loop
    vertex -201.5509100633584 72.64947186754883 -128.8382120723438
    vertex -199.8347994324757 95.02900639895626 -116.3423434464397
    vertex -187.6575618401681 91.35027867235104 -137.6218226542844
  endloop
endfacet
facet normal -0.258886 0.645269 -0.718753
  outer loop
    vertex -78.10467448720986 160.9510172462767 -174.6265440035842
    vertex -55.52625932395994 170.7000983413929 -174.0066405391678
    vertex -59.88949807034194 151.8946173938483 -189.317915759864
  endloop
endfacet
facet normal 0.790703 0.00834238 -0.612143
  outer loop
    vertex 188.6274509635499 3.00843082693967 -164.0446100515134
    vertex 202.1221521805375 13.95866567308364 -146.4643002596015
    vertex 201.3148187862298 -10.70970325847333 -147.8433156865163
  endloop
endfacet
facet normal 0.790575 -0.611951 -0.0225276
  outer loop
    vertex 189.6895306731978 -162.8431206805554 -1.994253065046084e-14
    vertex 197.2657703996118 -152.338599489602 -19.47220927872046
    vertex 205.1908603018192 -142.8170537736979 -1.749004477676146e-14
  endloop
endfacet
facet normal -0.201149 -0.978801 -0.0385592
  outer loop
    vertex -62.66313306467994 -242.0192797165511 -2.963881362368223e-14
    vertex -49.94705635713171 -243.6273691412477 -25.51463436092546
    vertex -37.85694437614386 -247.1170810820279 -3.026311423617424e-14
  endloop
endfacet
facet normal 0.571027 -0.820417 -0.0290345
  outer loop
    vertex 132.2410025817408 -212.1610643736877 -2.598223683889321e-14
    vertex 142.3248558272691 -204.3699116716418 -21.83058902257135
    vertex 153.0264956369158 -197.6939342344245 -2.421052437710354e-14
  endloop
endfacet
facet normal -0.724528 -0.688716 -0.0270035
  outer loop
    vertex -189.6895306731976 -162.8431206805556 -1.994253065046086e-14
    vertex -181.1860281131961 -170.9634402759272 -21.05054169335314
    vertex -172.2417297689215 -181.1981968072801 -2.219037917313077e-14
  endloop
endfacet
facet normal -0.96774 -0.250565 -0.0263781
  outer loop
    vertex -244.8824853131236 -50.32463002216506 -6.162989707491924e-15
    vertex -241.1672746551311 -62.47849824886666 -20.85144819869662
    vertex -238.5348141000122 -74.84078074333962 -9.165352258301973e-15
  endloop
endfacet
facet normal -0.897426 -0.440208 -0.0290342
  outer loop
    vertex -229.7394529050576 -98.58896377832987 -1.20736658922386e-14
    vertex -223.5652235850575 -109.7361437426544 -21.83047319356085
    vertex -218.5866540361455 -121.3254906327704 -1.485808737584044e-14
  endloop
endfacet
facet normal 0.394187 -0.918564 -0.0292799
  outer loop
    vertex 86.82631321120535 -234.43803303677 -2.871037867568818e-14
    vertex 98.20918647463202 -228.8544671355198 -21.92233026181891
    vertex 110.0985378894087 -224.4511348926853 -2.748733639113179e-14
  endloop
endfacet
facet normal 0.101136 -0.994556 -0.0250955
  outer loop
    vertex 12.66229220967848 -249.6791267927632 -3.057687434406636e-14
    vertex 25.20921235749044 -247.8888022262278 -20.3871857587323
    vertex 37.85694437614447 -247.1170810820278 -3.026311423617423e-14
  endloop
endfacet
facet normal -0.485146 -0.874066 -0.0253392
  outer loop
    vertex -132.2410025817404 -212.1610643736879 -2.598223683889324e-14
    vertex -122.153141469974 -217.1687579710708 -20.40442575322811
    vertex -110.0985378894084 -224.4511348926855 -2.748733639113181e-14
  endloop
endfacet
facet normal 0.783794 -0.0910905 -0.614304
  outer loop
    vertex 186.8518363178275 -21.65103249435491 -164.6742968911183
    vertex 201.3148187862298 -10.70970325847333 -147.8433156865163
    vertex 198.5572978326364 -35.63490121096149 -147.6656808235642
  endloop
endfacet
facet normal -0.0974364 -0.915593 -0.390123
  outer loop
    vertex -38.4605982421619 -226.0912838178494 -99.51639947491901
    vertex -14.72590210792459 -225.1253747025593 -107.7112504436751
    vertex -19.76472693380728 -234.3194866599495 -84.87481216856865
  endloop
endfacet
facet normal -0.643632 -0.230514 -0.729796
  outer loop
    vertex -157.7732856500504 -45.02623510837181 -188.6272209601606
    vertex -152.8717018414889 -69.20546206796226 -185.3128349468724
    vertex -171.2697672467939 -58.38305718171273 -172.5053200957753
  endloop
endfacet
facet normal 0.717236 -0.377941 -0.585434
  outer loop
    vertex 170.2373905843792 -93.47503955989909 -157.4218784867491
    vertex 187.5368692627105 -83.28756591142103 -142.8044258126888
    vertex 179.264243217605 -106.2313528298241 -138.1275887705449
  endloop
endfacet
facet normal -0.30693 0.359034 -0.881413
  outer loop
    vertex -83.72071888191243 99.9609298512097 -213.3041343555659
    vertex -63.07257419402532 91.65342932158728 -223.8783135503124
    vertex -83.01976706102303 77.2263870347259 -222.8088943976344
  endloop
endfacet
facet normal -0.430306 0.195202 -0.881324
  outer loop
    vertex -120.2054119582258 46.00572867719534 -214.3224950042191
    vertex -102.1220500234067 61.95895380713337 -219.6182481993296
    vertex -99.87303836759135 38.20878492146693 -225.9766911919252
  endloop
endfacet
facet normal -0.291801 0.609235 -0.73735
  outer loop
    vertex -78.10467448720986 160.9510172462767 -174.6265440035842
    vertex -59.88949807034194 151.8946173938483 -189.317915759864
    vertex -81.72253350210092 142.2920205661599 -188.6117928476306
  endloop
endfacet
facet normal 0.79012 0.106883 -0.603561
  outer loop
    vertex 188.4896178434558 27.62308252767518 -161.8907942932434
    vertex 201.0167641208217 38.46133714129015 -143.5722329968366
    vertex 202.1221521805375 13.95866567308364 -146.4643002596015
  endloop
endfacet
facet normal -0.295492 -0.127566 -0.94679
  outer loop
    vertex -86.8375955935939 -34.25764137562737 -231.9173257842164
    vertex -71.24446498784408 -18.30395303536941 -238.9334457791015
    vertex -64.13081375466639 -41.89048140842383 -237.9756842505864
  endloop
endfacet
facet normal 0.307315 0.42898 -0.849431
  outer loop
    vertex 73.36968106626847 95.25978583410902 -219.1859099099979
    vertex 67.01409022493127 117.3357228129398 -210.3364919914985
    vertex 89.72191234940401 108.6274867945111 -206.5188794204399
  endloop
endfacet
facet normal 0.391139 -0.506535 -0.768396
  outer loop
    vertex 86.09572467312832 -123.2724504043331 -199.7283884787541
    vertex 108.9664948393158 -117.6323646255843 -191.8044050459398
    vertex 97.82160701898883 -138.3595517794817 -183.8139484141599
  endloop
endfacet
facet normal -0.202837 -0.15551 -0.966785
  outer loop
    vertex -46.87500159836411 -25.39258240676872 -244.2497717171273
    vertex -40.85981963879497 -49.17543765417756 -241.686266615638
    vertex -64.13081375466639 -41.89048140842383 -237.9756842505864
  endloop
endfacet
facet normal 0.805657 0.424905 -0.412761
  outer loop
    vertex 201.5404673127282 95.76568277141003 -112.7402946540979
    vertex 193.6576637297714 117.8776772906568 -105.3639524471559
    vertex 208.0402554231209 104.8012936886494 -90.7520851808268
  endloop
endfacet
facet normal -0.895246 0.0056943 -0.445536
  outer loop
    vertex -226.6769249128533 13.83016940658871 -104.5289343973128
    vertex -216.9962135183205 1.641214600418896 -124.1368186049039
    vertex -226.6347450025789 -11.20769889503037 -104.9336926020159
  endloop
endfacet
facet normal 0.781904 0.204288 -0.588976
  outer loop
    vertex 186.444520824108 51.95290819025121 -158.2382254237075
    vertex 198.0153182497692 62.56185342347663 -139.1975151885336
    vertex 201.0167641208217 38.46133714129015 -143.5722329968366
  endloop
endfacet
facet normal -0.536381 0.444957 -0.717153
  outer loop
    vertex -140.4787699831595 98.62087285685229 -181.7680902165481
    vertex -139.2521001558281 120.1801742579044 -169.309120597595
    vertex -121.7984651514058 114.1610089354172 -186.0978181645593
  endloop
endfacet
facet normal 0.0583905 -0.959167 -0.276746
  outer loop
    vertex -0.8193301870536478 -240.2031926583076 -69.29469629632958
    vertex 25.77835220786488 -235.7774150911881 -79.02206711017404
    vertex 17.9477321778308 -243.3149806240893 -54.5499689603203
  endloop
endfacet
facet normal -0.360617 0.350283 -0.86444
  outer loop
    vertex -103.278770127062 85.10860611473633 -211.1634930717148
    vertex -83.72071888191243 99.9609298512097 -213.3041343555659
    vertex -83.01976706102303 77.2263870347259 -222.8088943976344
  endloop
endfacet
facet normal 0.856142 0.412138 -0.311709
  outer loop
    vertex 208.0402554231209 104.8012936886494 -90.7520851808268
    vertex 212.4842805000833 112.9434246308889 -67.78062682661343
    vertex 220.5870320609796 90.72806571837884 -74.89846044832893
  endloop
endfacet
facet normal 0.74675 -0.284477 -0.601197
  outer loop
    vertex 177.626272661418 -70.13268225939018 -161.3391277387944
    vertex 193.9889278230097 -59.57577290506363 -146.0103529371921
    vertex 187.5368692627105 -83.28756591142103 -142.8044258126888
  endloop
endfacet
facet normal 0.768582 -0.188921 -0.611221
  outer loop
    vertex 183.1740191154406 -46.11253036401043 -163.7709170290148
    vertex 198.5572978326364 -35.63490121096149 -147.6656808235642
    vertex 193.9889278230097 -59.57577290506363 -146.0103529371921
  endloop
endfacet
facet normal -0.379118 0.558876 -0.737514
  outer loop
    vertex -99.42067345007882 148.6492593058522 -174.6966725457422
    vertex -81.72253350210092 142.2920205661599 -188.6117928476306
    vertex -101.9278299656207 128.5142228752602 -188.6658739604687
  endloop
endfacet
facet normal -0.527949 0.527982 -0.66521
  outer loop
    vertex -139.2521001558281 120.1801742579044 -169.309120597595
    vertex -136.5077073310726 140.1722736906184 -155.6193417529344
    vertex -119.8282398773477 134.9567204659519 -172.9967529434345
  endloop
endfacet
facet normal 0.279591 0.515838 -0.809777
  outer loop
    vertex 67.01409022493127 117.3357228129398 -210.3364919914985
    vertex 59.85258638713349 138.6749270440275 -199.215793831976
    vertex 82.9724107899178 130.1436171036592 -196.667785808671
  endloop
endfacet
facet normal 0.295909 -0.94422 -0.144522
  outer loop
    vertex 74.51524604191857 -237.6380868413771 -21.8086631796277
    vertex 61.05739060265329 -238.7765669552208 -41.92548301300751
    vertex 85.47833668718941 -230.9343135319111 -43.16012964225757
  endloop
endfacet
facet normal -0.692535 0.686677 -0.221064
  outer loop
    vertex -179.9135930629211 161.9251169097412 -62.54083102227113
    vertex -174.7050560980621 173.9145954549055 -41.61558435886182
    vertex -163.2060165675558 179.0671621345572 -61.63398089712286
  endloop
endfacet
facet normal 0.0688894 -0.278322 -0.958014
  outer loop
    vertex 6.695714649652563 -60.44520146919154 -242.4902988259103
    vertex 30.73923224023924 -65.05599925192907 -239.4218381071653
    vertex 14.16743781108143 -82.89457489744525 -235.4310369480646
  endloop
endfacet
facet normal -0.5444 0.663968 -0.512616
  outer loop
    vertex -146.6815614883968 164.1242912520722 -118.5231476983743
    vertex -127.0838292508791 176.2880555718484 -123.5808310606071
    vertex -132.4836924397941 158.9952547663412 -140.24471540598
  endloop
endfacet
facet normal -0.197675 -0.663779 -0.721333
  outer loop
    vertex -61.22019667166348 -158.3470649037169 -183.5164694403772
    vertex -36.82040738275678 -162.5017685560803 -186.379807962971
    vertex -49.96534380319305 -176.1596669649476 -170.2093891459207
  endloop
endfacet
facet normal -0.341035 -0.82267 -0.454873
  outer loop
    vertex -79.74379152454694 -213.0695048506508 -103.6451340680694
    vertex -97.39526052724243 -199.5108116215987 -114.9330208117821
    vertex -75.87522539361879 -203.7192036825502 -123.456211761155
  endloop
endfacet
facet normal 0.773585 0.0595355 -0.630889
  outer loop
    vertex 188.6274509635499 3.00843082693967 -164.0446100515134
    vertex 188.4896178434558 27.62308252767518 -161.8907942932434
    vertex 202.1221521805375 13.95866567308364 -146.4643002596015
  endloop
endfacet
facet normal 0.397963 0.392215 -0.829333
  outer loop
    vertex 95.68648380362775 86.03944497631275 -214.3392421500695
    vertex 89.72191234940401 108.6274867945111 -206.5188794204399
    vertex 112.0143385371058 99.19925328193142 -200.2805435143461
  endloop
endfacet
facet normal -0.458831 0.504324 -0.731526
  outer loop
    vertex -119.8282398773477 134.9567204659519 -172.9967529434345
    vertex -101.9278299656207 128.5142228752602 -188.6658739604687
    vertex -121.7984651514058 114.1610089354172 -186.0978181645593
  endloop
endfacet
facet normal 0.877424 0.403271 -0.259808
  outer loop
    vertex 212.4842805000833 112.9434246308889 -67.78062682661343
    vertex 223.9500222681341 98.34201259476372 -51.72268443259289
    vertex 220.5870320609796 90.72806571837884 -74.89846044832893
  endloop
endfacet
facet normal 0.759445 -0.137665 -0.635839
  outer loop
    vertex 183.1740191154406 -46.11253036401043 -163.7709170290148
    vertex 186.8518363178275 -21.65103249435491 -164.6742968911183
    vertex 198.5572978326364 -35.63490121096149 -147.6656808235642
  endloop
endfacet
facet normal -0.958769 0.00277475 -0.284174
  outer loop
    vertex -241.3810526150056 13.08565352650939 -63.74914203545061
    vertex -235.1775702400666 0.9823618259338045 -84.79708380139918
    vertex -241.3050224101784 -11.98995680106672 -64.25050268699742
  endloop
endfacet
facet normal -0.385202 0.299542 -0.872865
  outer loop
    vertex -103.278770127062 85.10860611473633 -211.1634930717148
    vertex -83.01976706102303 77.2263870347259 -222.8088943976344
    vertex -102.1220500234067 61.95895380713337 -219.6182481993296
  endloop
endfacet
facet normal 0.770321 -0.0392153 -0.636449
  outer loop
    vertex 186.8518363178275 -21.65103249435491 -164.6742968911183
    vertex 188.6274509635499 3.00843082693967 -164.0446100515134
    vertex 201.3148187862298 -10.70970325847333 -147.8433156865163
  endloop
endfacet
facet normal 0.254717 0.422095 -0.870032
  outer loop
    vertex 73.36968106626847 95.25978583410902 -219.1859099099979
    vertex 50.3341438958542 103.4626351302895 -221.9503482542166
    vertex 67.01409022493127 117.3357228129398 -210.3364919914985
  endloop
endfacet
facet normal -0.577664 0.624926 -0.52514
  outer loop
    vertex -151.8007768150196 144.1261065929269 -136.6901223816882
    vertex -146.6815614883968 164.1242912520722 -118.5231476983743
    vertex -132.4836924397941 158.9952547663412 -140.24471540598
  endloop
endfacet
facet normal -0.880773 -0.0439574 -0.471494
  outer loop
    vertex -216.9962135183205 1.641214600418896 -124.1368186049039
    vertex -215.8411258450134 -23.35649236493023 -123.9640377624254
    vertex -226.6347450025789 -11.20769889503037 -104.9336926020159
  endloop
endfacet
facet normal -0.681522 0.678723 -0.273611
  outer loop
    vertex -179.9135930629211 161.9251169097412 -62.54083102227113
    vertex -163.2060165675558 179.0671621345572 -61.63398089712286
    vertex -165.4363907878132 168.9922362696522 -81.07049206514056
  endloop
endfacet
facet normal -0.294262 -0.64382 -0.706333
  outer loop
    vertex -85.01551574478508 -152.5395207497845 -178.8967766396987
    vertex -61.22019667166348 -158.3470649037169 -183.5164694403772
    vertex -74.09309132078438 -171.1772556634247 -166.4588867019975
  endloop
endfacet
facet normal 0.250776 0.597158 -0.761915
  outer loop
    vertex 59.85258638713349 138.6749270440275 -199.215793831976
    vertex 52.1540665743833 157.7881400992555 -186.7695269142494
    vertex 75.51865036113097 150.3921091326216 -184.8760313244388
  endloop
endfacet
facet normal -0.541973 -0.366353 -0.756341
  outer loop
    vertex -132.9416800288849 -79.24959892168724 -196.3313800232894
    vertex -125.7382299085302 -102.29093729607 -190.3325029693065
    vertex -146.699355195896 -92.80187387560416 -179.9086195552754
  endloop
endfacet
facet normal 0.593948 0.444889 -0.670298
  outer loop
    vertex 146.427194534221 100.0805764875171 -176.1901101389168
    vertex 139.4797604114463 122.2438233017655 -167.6360465417038
    vertex 158.9431615494163 110.8955514256324 -157.9216516842484
  endloop
endfacet
facet normal 0.757289 0.253945 -0.601686
  outer loop
    vertex 186.444520824108 51.95290819025121 -158.2382254237075
    vertex 182.617495821767 75.76510300656739 -153.0048998764129
    vertex 198.0153182497692 62.56185342347663 -139.1975151885336
  endloop
endfacet
facet normal 0.769192 0.157626 -0.619272
  outer loop
    vertex 188.4896178434558 27.62308252767518 -161.8907942932434
    vertex 186.444520824108 51.95290819025121 -158.2382254237075
    vertex 201.0167641208217 38.46133714129015 -143.5722329968366
  endloop
endfacet
facet normal 0.60063 0.487996 -0.633328
  outer loop
    vertex 139.4797604114463 122.2438233017655 -167.6360465417038
    vertex 151.1567735944531 132.3826718247793 -148.7496487291585
    vertex 158.9431615494163 110.8955514256324 -157.9216516842484
  endloop
endfacet
facet normal 0.562865 0.531259 -0.633204
  outer loop
    vertex 139.4797604114463 122.2438233017655 -167.6360465417038
    vertex 130.8974871714529 143.0029417221859 -157.8480488032729
    vertex 151.1567735944531 132.3826718247793 -148.7496487291585
  endloop
endfacet
facet normal 0.14641 -0.150568 -0.977698
  outer loop
    vertex 23.18843115744755 -42.32547599885287 -245.2974739819529
    vertex 39.36465785982187 -23.73936859371818 -245.7373925359158
    vertex 47.07791302817582 -46.67077027329545 -241.0508438213996
  endloop
endfacet
facet normal -0.438076 0.288994 -0.851218
  outer loop
    vertex -122.2640870629428 69.86092985828623 -206.5694640889615
    vertex -103.278770127062 85.10860611473633 -211.1634930717148
    vertex -102.1220500234067 61.95895380713337 -219.6182481993296
  endloop
endfacet
facet normal 0.228125 0.509074 -0.829941
  outer loop
    vertex 67.01409022493127 117.3357228129398 -210.3364919914985
    vertex 43.6653649671186 124.8271931599267 -212.1591566492068
    vertex 59.85258638713349 138.6749270440275 -199.215793831976
  endloop
endfacet
facet normal -0.367537 0.10923 -0.923572
  outer loop
    vertex -99.87303836759135 38.20878492146693 -225.9766911919252
    vertex -78.53147855358128 30.13604330636562 -235.4243525424362
    vertex -97.22518002024692 13.99201427949806 -229.894514737592
  endloop
endfacet
facet normal -0.460583 0.717478 -0.522579
  outer loop
    vertex -127.0838292508791 176.2880555718484 -123.5808310606071
    vertex -105.9068874619639 188.6969409744119 -125.2086085499644
    vertex -111.8820381279057 172.2612930221568 -142.5077417920882
  endloop
endfacet
facet normal 0.320125 0.475565 -0.819364
  outer loop
    vertex 67.01409022493127 117.3357228129398 -210.3364919914985
    vertex 82.9724107899178 130.1436171036592 -196.667785808671
    vertex 89.72191234940401 108.6274867945111 -206.5188794204399
  endloop
endfacet
facet normal -0.0942041 -0.326699 -0.940422
  outer loop
    vertex -33.96947648321949 -72.09678767615496 -236.9559618879327
    vertex -9.96113272468693 -77.92696893782741 -237.3355501120809
    vertex -26.60226996219487 -94.59947664772612 -229.8766152761843
  endloop
endfacet
facet normal 0.566301 0.571518 -0.593861
  outer loop
    vertex 130.8974871714529 143.0029417221859 -157.8480488032729
    vertex 141.9854091541747 152.5669989170261 -138.0704690684209
    vertex 151.1567735944531 132.3826718247793 -148.7496487291585
  endloop
endfacet
facet normal 0.628531 0.399689 -0.667232
  outer loop
    vertex 146.427194534221 100.0805764875171 -176.1901101389168
    vertex 158.9431615494163 110.8955514256324 -157.9216516842484
    vertex 165.2646968052838 88.31168834806378 -165.4950926492144
  endloop
endfacet
facet normal 0.775728 0.386958 -0.498507
  outer loop
    vertex 193.0229796865189 85.89035856691764 -133.6599252513035
    vertex 186.3687068904333 108.5598631328828 -126.417804159689
    vertex 201.5404673127282 95.76568277141003 -112.7402946540979
  endloop
endfacet
facet normal 0.740935 -0.234826 -0.629184
  outer loop
    vertex 177.626272661418 -70.13268225939018 -161.3391277387944
    vertex 183.1740191154406 -46.11253036401043 -163.7709170290148
    vertex 193.9889278230097 -59.57577290506363 -146.0103529371921
  endloop
endfacet
facet normal 0.787424 0.542316 -0.293014
  outer loop
    vertex 198.9038406421637 126.4332117281945 -83.37808554944324
    vertex 188.1756170771439 145.8914573142054 -76.19461805385907
    vertex 202.5153518699528 133.3506631097293 -60.86980290082028
  endloop
endfacet
facet normal -0.0991414 -0.677026 -0.729251
  outer loop
    vertex -36.82040738275678 -162.5017685560803 -186.379807962971
    vertex -12.05652025594047 -164.960636981984 -187.4636726563741
    vertex -25.35318818589045 -179.4653245016403 -172.1900495102193
  endloop
endfacet
facet normal 0.858607 0.285021 -0.426096
  outer loop
    vertex 207.6058565327895 72.65499167947546 -118.8320685561864
    vertex 215.1302122082506 82.13334316585745 -97.32988100081364
    vertex 220.1725206944659 58.62925651963808 -102.8915516988614
  endloop
endfacet
facet normal -0.703026 0.642875 -0.304084
  outer loop
    vertex -179.9135930629211 161.9251169097412 -62.54083102227113
    vertex -165.4363907878132 168.9922362696522 -81.07049206514056
    vertex -180.3197513954121 150.8270618451034 -85.06459117558936
  endloop
endfacet
facet normal -0.431516 0.780649 -0.452085
  outer loop
    vertex -119.5712532403301 192.2589344761567 -106.0151758600142
    vertex -98.76337328348914 203.4651085170078 -106.5257983487024
    vertex -105.9068874619639 188.6969409744119 -125.2086085499644
  endloop
endfacet
facet normal -0.419748 0.100049 -0.902109
  outer loop
    vertex -117.4284093291428 22.03831546725075 -219.6016423749905
    vertex -99.87303836759135 38.20878492146693 -225.9766911919252
    vertex -97.22518002024692 13.99201427949806 -229.894514737592
  endloop
endfacet
facet normal 0.513453 0.487535 -0.70617
  outer loop
    vertex 126.1704105719475 110.7948637188637 -185.2175090795268
    vertex 119.0829551973659 132.6243247373193 -175.2998524512562
    vertex 139.4797604114463 122.2438233017655 -167.6360465417038
  endloop
endfacet
facet normal -0.472002 0.74334 -0.473984
  outer loop
    vertex -127.0838292508791 176.2880555718484 -123.5808310606071
    vertex -119.5712532403301 192.2589344761567 -106.0151758600142
    vertex -105.9068874619639 188.6969409744119 -125.2086085499644
  endloop
endfacet
facet normal 0.480674 -0.481348 -0.732977
  outer loop
    vertex 108.9664948393158 -117.6323646255843 -191.8044050459398
    vertex 130.7610785326768 -110.7220228991819 -182.0499216865643
    vertex 120.1742289038051 -132.0702085254375 -174.9731828807584
  endloop
endfacet
facet normal 0.52607 0.611757 -0.590765
  outer loop
    vertex 130.8974871714529 143.0029417221859 -157.8480488032729
    vertex 121.1296854072854 162.5537297380915 -146.300663912942
    vertex 141.9854091541747 152.5669989170261 -138.0704690684209
  endloop
endfacet
facet normal -0.455908 -0.402851 -0.793636
  outer loop
    vertex -111.7007257539867 -88.40883559790528 -205.4429985525309
    vertex -103.9175248345096 -110.9523567809624 -198.4709614956785
    vertex -125.7382299085302 -102.29093729607 -190.3325029693065
  endloop
endfacet
facet normal 0.345609 0.387197 -0.854771
  outer loop
    vertex 95.68648380362775 86.03944497631275 -214.3392421500695
    vertex 73.36968106626847 95.25978583410902 -219.1859099099979
    vertex 89.72191234940401 108.6274867945111 -206.5188794204399
  endloop
endfacet
facet normal -0.442418 0.803326 -0.398666
  outer loop
    vertex -119.5712532403301 192.2589344761567 -106.0151758600142
    vertex -112.9054495839256 205.496586802727 -86.73818228831486
    vertex -98.76337328348914 203.4651085170078 -106.5257983487024
  endloop
endfacet
facet normal 0.290878 0.332144 -0.897257
  outer loop
    vertex 81.90068689668323 73.45391179377681 -224.4923168574896
    vertex 60.23708467886834 81.47696153584484 -228.5453967339472
    vertex 73.36968106626847 95.25978583410902 -219.1859099099979
  endloop
endfacet
facet normal 0.482316 0.3514 -0.802427
  outer loop
    vertex 117.06264273977 75.89084737733204 -207.4534091287282
    vertex 112.0143385371058 99.19925328193142 -200.2805435143461
    vertex 132.424744337344 88.37201337016859 -192.7539217242851
  endloop
endfacet
facet normal 0.291889 0.559287 -0.775886
  outer loop
    vertex 59.85258638713349 138.6749270440275 -199.215793831976
    vertex 75.51865036113097 150.3921091326216 -184.8760313244388
    vertex 82.9724107899178 130.1436171036592 -196.667785808671
  endloop
endfacet
facet normal -0.411307 0.727515 -0.549135
  outer loop
    vertex -105.9068874619639 188.6969409744119 -125.2086085499644
    vertex -90.18622720598475 183.7982580127241 -143.4734985070016
    vertex -111.8820381279057 172.2612930221568 -142.5077417920882
  endloop
endfacet
facet normal -0.403983 0.834634 -0.374411
  outer loop
    vertex -112.9054495839256 205.496586802727 -86.73818228831486
    vertex -90.69399813967506 215.9785312854781 -87.33769361053896
    vertex -98.76337328348914 203.4651085170078 -106.5257983487024
  endloop
endfacet
facet normal 0.527223 0.649415 -0.547993
  outer loop
    vertex 121.1296854072854 162.5537297380915 -146.300663912942
    vertex 131.5207312457745 171.2571581680469 -125.9892179068563
    vertex 141.9854091541747 152.5669989170261 -138.0704690684209
  endloop
endfacet
facet normal 0.214444 0.674289 -0.706645
  outer loop
    vertex 52.1540665743833 157.7881400992555 -186.7695269142494
    vertex 43.14224402802886 177.3516428791345 -170.8365931183889
    vertex 67.4335008354973 169.1818706063488 -171.2606715600685
  endloop
endfacet
facet normal -0.0577281 -0.166882 -0.984285
  outer loop
    vertex -17.38979377090628 -55.33087895947123 -243.1791292569691
    vertex -24.94006798345752 -32.15078924511925 -246.6664139275885
    vertex -0.9005829109118669 -37.47338014523059 -247.1738957311463
  endloop
endfacet
facet normal -0.496077 0.677819 -0.542649
  outer loop
    vertex -127.0838292508791 176.2880555718484 -123.5808310606071
    vertex -111.8820381279057 172.2612930221568 -142.5077417920882
    vertex -132.4836924397941 158.9952547663412 -140.24471540598
  endloop
endfacet
facet normal 0.566869 -0.811041 -0.144469
  outer loop
    vertex 130.4123806102155 -209.0240690606569 -42.44466441028881
    vertex 150.9160447021329 -194.5072768389927 -43.48869632609444
    vertex 142.3248558272691 -204.3699116716418 -21.83058902257135
  endloop
endfacet
facet normal 0.716688 0.628047 -0.303174
  outer loop
    vertex 172.4115328722709 158.0023297491953 -88.37152893585362
    vertex 177.621649720337 164.0880578963312 -63.44807961188578
    vertex 188.1756170771439 145.8914573142054 -76.19461805385907
  endloop
endfacet
facet normal 0.716805 0.0165303 -0.697077
  outer loop
    vertex 174.0985777145267 -7.862810879342263 -179.2424655120951
    vertex 174.5842219864973 16.71041638770727 -178.1603531022513
    vertex 188.6274509635499 3.00843082693967 -164.0446100515134
  endloop
endfacet
facet normal -0.450738 0.141895 -0.881306
  outer loop
    vertex -117.4284093291428 22.03831546725075 -219.6016423749905
    vertex -120.2054119582258 46.00572867719534 -214.3224950042191
    vertex -99.87303836759135 38.20878492146693 -225.9766911919252
  endloop
endfacet
facet normal 0.484267 0.686793 -0.542034
  outer loop
    vertex 121.1296854072854 162.5537297380915 -146.300663912942
    vertex 110.0135743937019 180.338369943365 -133.6977403522268
    vertex 131.5207312457745 171.2571581680469 -125.9892179068563
  endloop
endfacet
facet normal 0.344627 -0.586932 -0.732627
  outer loop
    vertex 74.46150819451087 -143.3552840838069 -190.8002786230927
    vertex 97.82160701898883 -138.3595517794817 -183.8139484141599
    vertex 85.75289622248582 -157.7619437552704 -173.9471468349351
  endloop
endfacet
facet normal 0.441257 0.649658 -0.619062
  outer loop
    vertex 110.0978007084957 152.7156384195032 -164.4883219601803
    vertex 100.2818700968184 171.3548445784321 -151.9245331386153
    vertex 121.1296854072854 162.5537297380915 -146.300663912942
  endloop
endfacet
facet normal 0.00227373 -0.348331 -0.937369
  outer loop
    vertex -9.96113272468693 -77.92696893782741 -237.3355501120809
    vertex 14.16743781108143 -82.89457489744525 -235.4310369480646
    vertex -2.504725854900625 -100.0011189840653 -229.1146057114793
  endloop
endfacet
facet normal 0.667828 0.695533 -0.265026
  outer loop
    vertex 159.1009342063274 176.1209810528307 -78.53847953495348
    vertex 160.4221664239305 183.1331776973715 -56.80640585634457
    vertex 177.621649720337 164.0880578963312 -63.44807961188578
  endloop
endfacet
facet normal -0.189608 -0.846568 -0.497364
  outer loop
    vertex -52.76176370193927 -203.2472810703276 -135.6714377773745
    vertex -33.37037302130732 -216.143985218272 -121.1123274418513
    vertex -56.66965092504064 -215.6198621639692 -113.1221715864089
  endloop
endfacet
facet normal 0.619243 0.354467 -0.700636
  outer loop
    vertex 151.9843649362282 77.0306540910761 -182.9399659594163
    vertex 146.427194534221 100.0805764875171 -176.1901101389168
    vertex 165.2646968052838 88.31168834806378 -165.4950926492144
  endloop
endfacet
facet normal 0.237665 0.0930066 -0.966884
  outer loop
    vertex 69.62799840111241 14.1588172588026 -239.6903622019178
    vertex 46.57872927201692 19.20635030033197 -244.8704516423839
    vertex 60.18256815257462 36.92250463335299 -239.8224075063895
  endloop
endfacet
facet normal 0.321431 0.0211629 -0.946696
  outer loop
    vertex 78.30724202202316 -8.792051362522656 -237.2565608781832
    vertex 69.62799840111241 14.1588172588026 -239.6903622019178
    vertex 92.74069068719146 10.48477640621136 -231.9250606436795
  endloop
endfacet
facet normal -0.245108 -0.314559 -0.917047
  outer loop
    vertex -57.63398871566465 -65.45868825867726 -234.2935839415496
    vertex -50.46930620787836 -88.37082761272261 -228.3493944768365
    vertex -74.49945828204586 -81.96907034806098 -224.1225160976834
  endloop
endfacet
facet normal -0.459333 -0.805858 -0.373639
  outer loop
    vertex -118.4549447346575 -193.5050832773006 -104.9962323788535
    vertex -102.0690424307824 -208.3693424319266 -93.0812962509099
    vertex -123.3835679311852 -201.5068053638701 -81.67926638148725
  endloop
endfacet
facet normal 0.26056 0.637502 -0.725052
  outer loop
    vertex 52.1540665743833 157.7881400992555 -186.7695269142494
    vertex 67.4335008354973 169.1818706063488 -171.2606715600685
    vertex 75.51865036113097 150.3921091326216 -184.8760313244388
  endloop
endfacet
facet normal 0.131051 -0.845718 -0.517288
  outer loop
    vertex 33.18675294529615 -218.9186130231285 -116.0744601580278
    vertex 19.21702084086177 -208.9986506740506 -135.8317714175445
    vertex 46.30815861499111 -206.073966546884 -133.7500458217588
  endloop
endfacet
facet normal 0.328724 0.078797 -0.941133
  outer loop
    vertex 69.62799840111241 14.1588172588026 -239.6903622019178
    vertex 85.02019005960497 33.58785872391365 -232.6873933597845
    vertex 92.74069068719146 10.48477640621136 -231.9250606436795
  endloop
endfacet
facet normal 0.288424 0.114162 -0.950673
  outer loop
    vertex 69.62799840111241 14.1588172588026 -239.6903622019178
    vertex 60.18256815257462 36.92250463335299 -239.8224075063895
    vertex 85.02019005960497 33.58785872391365 -232.6873933597845
  endloop
endfacet
facet normal -0.929438 0.054487 -0.364932
  outer loop
    vertex -234.054242702792 25.98453306564493 -83.92505891676764
    vertex -226.6769249128533 13.83016940658871 -104.5289343973128
    vertex -235.1775702400666 0.9823618259338045 -84.79708380139918
  endloop
endfacet
facet normal -0.411163 0.852856 -0.321841
  outer loop
    vertex -112.9054495839256 205.496586802727 -86.73818228831486
    vertex -104.2775008508855 217.1393288497778 -66.90825571602976
    vertex -90.69399813967506 215.9785312854781 -87.33769361053896
  endloop
endfacet
facet normal 0.482644 0.720986 -0.497226
  outer loop
    vertex 110.0135743937019 180.338369943365 -133.6977403522268
    vertex 119.8648100060428 188.2764240189735 -112.6251103477504
    vertex 131.5207312457745 171.2571581680469 -125.9892179068563
  endloop
endfacet
facet normal -0.763367 0.564349 -0.314295
  outer loop
    vertex -195.7528928690677 141.8819487879569 -63.64210509971269
    vertex -180.3197513954121 150.8270618451034 -85.06459117558936
    vertex -193.4179476543416 130.4340919098011 -89.86904468640978
  endloop
endfacet
facet normal 0.696073 -0.180778 -0.694839
  outer loop
    vertex 167.2516283157562 -56.44696882130622 -177.0328572232133
    vertex 172.2048517995366 -32.57489267536395 -178.2817023249671
    vertex 183.1740191154406 -46.11253036401043 -163.7709170290148
  endloop
endfacet
facet normal 0.000367944 -0.683432 -0.730014
  outer loop
    vertex -12.05652025594047 -164.960636981984 -187.4636726563741
    vertex 12.8299257138103 -165.7000447861754 -186.75890384139
    vertex -0.4975980302852618 -181.0641878014063 -172.3818792449408
  endloop
endfacet
facet normal 0.691859 0.30571 -0.654119
  outer loop
    vertex 170.050666938131 64.85165075452221 -171.3972988944409
    vertex 165.2646968052838 88.31168834806378 -165.4950926492144
    vertex 182.617495821767 75.76510300656739 -153.0048998764129
  endloop
endfacet
facet normal -0.460529 0.238167 -0.855097
  outer loop
    vertex -120.2054119582258 46.00572867719534 -214.3224950042191
    vertex -122.2640870629428 69.86092985828623 -206.5694640889615
    vertex -102.1220500234067 61.95895380713337 -219.6182481993296
  endloop
endfacet
facet normal 0.65541 -0.174434 -0.734854
  outer loop
    vertex 167.2516283157562 -56.44696882130622 -177.0328572232133
    vertex 152.6519602325875 -42.33128039319165 -193.4048648235652
    vertex 172.2048517995366 -32.57489267536395 -178.2817023249671
  endloop
endfacet
facet normal 0.597226 0.76635 -0.236704
  outer loop
    vertex 141.2897092295941 193.7677695921954 -70.64891742328864
    vertex 145.0255529919224 198.060267066768 -47.32567578838823
    vertex 160.4221664239305 183.1331776973715 -56.80640585634457
  endloop
endfacet
facet normal 0.437631 0.754647 -0.488863
  outer loop
    vertex 110.0135743937019 180.338369943365 -133.6977403522268
    vertex 97.81138909116137 196.4612250096687 -119.7326990915922
    vertex 119.8648100060428 188.2764240189735 -112.6251103477504
  endloop
endfacet
facet normal 0.292868 0.166981 -0.941459
  outer loop
    vertex 60.18256815257462 36.92250463335299 -239.8224075063895
    vertex 73.66838836230902 55.99596346695964 -232.2443123770891
    vertex 85.02019005960497 33.58785872391365 -232.6873933597845
  endloop
endfacet
facet normal -0.952571 -0.298936 -0.0569711
  outer loop
    vertex -241.1672746551311 -62.47849824886666 -20.85144819869662
    vertex -233.6170115957322 -86.54779184810302 -20.79835616814361
    vertex -238.5348141000122 -74.84078074333962 -9.165352258301973e-15
  endloop
endfacet
facet normal 0.439676 -0.896254 -0.0584315
  outer loop
    vertex 98.20918647463202 -228.8544671355198 -21.92233026181891
    vertex 120.916134220741 -217.7200727301727 -21.84624488281788
    vertex 110.0985378894087 -224.4511348926853 -2.748733639113179e-14
  endloop
endfacet
facet normal 0.681003 0.665774 -0.304927
  outer loop
    vertex 172.4115328722709 158.0023297491953 -88.37152893585362
    vertex 159.1009342063274 176.1209810528307 -78.53847953495348
    vertex 177.621649720337 164.0880578963312 -63.44807961188578
  endloop
endfacet
facet normal 0.433496 0.349502 -0.83062
  outer loop
    vertex 117.06264273977 75.89084737733204 -207.4534091287282
    vertex 95.68648380362775 86.03944497631275 -214.3392421500695
    vertex 112.0143385371058 99.19925328193142 -200.2805435143461
  endloop
endfacet
facet normal -0.36937 0.880997 -0.295652
  outer loop
    vertex -104.2775008508855 217.1393288497778 -66.90825571602976
    vertex -81.60599562661189 226.5691453372278 -67.1333289726314
    vertex -90.69399813967506 215.9785312854781 -87.33769361053896
  endloop
endfacet
facet normal -0.890188 -0.431308 -0.146762
  outer loop
    vertex -227.884247224575 -94.38764322882801 -40.73993952617344
    vertex -215.8613198044333 -117.3496562876048 -46.18385845151084
    vertex -223.5652235850575 -109.7361437426544 -21.83047319356085
  endloop
endfacet
facet normal 0.198402 -0.67616 -0.709538
  outer loop
    vertex 37.59664556584462 -164.7124875396226 -184.2723220961464
    vertex 62.00216375304983 -162.0063436764799 -180.0268766004628
    vertex 48.98804684299956 -179.3150885208099 -167.1713800124955
  endloop
endfacet
facet normal 0.188223 0.738919 -0.64697
  outer loop
    vertex 43.14224402802886 177.3516428791345 -170.8365931183889
    vertex 37.91829391360085 191.2013505700412 -156.5383228697497
    vertex 57.85520800095954 186.5568493086819 -156.0426764804534
  endloop
endfacet
facet normal 0.917032 -0.394161 -0.0607396
  outer loop
    vertex 229.7394529050577 -98.58896377832951 -1.207366589223856e-14
    vertex 223.6176461138511 -109.0397838544903 -24.60637891820895
    vertex 234.0009157429061 -85.41079076784887 -21.17942992368141
  endloop
endfacet
facet normal -0.302357 -0.880097 -0.366074
  outer loop
    vertex -79.74379152454694 -213.0695048506508 -103.6451340680694
    vertex -61.82648504708484 -224.7233215323082 -90.42629322387053
    vertex -84.60565803900202 -221.1864705119735 -80.11509152614977
  endloop
endfacet
facet normal 0.433777 0.785531 -0.441337
  outer loop
    vertex 97.81138909116137 196.4612250096687 -119.7326990915922
    vertex 107.1316851446584 203.4646643804826 -98.10673976136066
    vertex 119.8648100060428 188.2764240189735 -112.6251103477504
  endloop
endfacet
facet normal -0.209536 -0.890142 -0.404651
  outer loop
    vertex -56.66965092504064 -215.6198621639692 -113.1221715864089
    vertex -38.4605982421619 -226.0912838178494 -99.51639947491901
    vertex -61.82648504708484 -224.7233215323082 -90.42629322387053
  endloop
endfacet
facet normal 0.804202 0.339632 -0.48776
  outer loop
    vertex 207.6058565327895 72.65499167947546 -118.8320685561864
    vertex 193.0229796865189 85.89035856691764 -133.6599252513035
    vertex 201.5404673127282 95.76568277141003 -112.7402946540979
  endloop
endfacet
facet normal 0.386675 0.815449 -0.430727
  outer loop
    vertex 97.81138909116137 196.4612250096687 -119.7326990915922
    vertex 84.59167158158084 210.6786296352566 -104.6841158631258
    vertex 107.1316851446584 203.4646643804826 -98.10673976136066
  endloop
endfacet
facet normal -0.309423 -0.179258 -0.933876
  outer loop
    vertex -80.73109416814465 -58.06494318521646 -229.370775835353
    vertex -86.8375955935939 -34.25764137562737 -231.9173257842164
    vertex -64.13081375466639 -41.89048140842383 -237.9756842505864
  endloop
endfacet
facet normal -0.404023 0.00156047 -0.914748
  outer loop
    vertex -113.5867962359645 -2.175017316051921 -222.695552314195
    vertex -97.22518002024692 13.99201427949806 -229.894514737592
    vertex -92.19557887394807 -10.15037572687402 -232.1571560574882
  endloop
endfacet
facet normal 0.605825 0.569313 -0.55575
  outer loop
    vertex 141.9854091541747 152.5669989170261 -138.0704690684209
    vertex 160.9400891799895 141.5395994305643 -128.7044268382888
    vertex 151.1567735944531 132.3826718247793 -148.7496487291585
  endloop
endfacet
facet normal -0.374887 0.8956 -0.239501
  outer loop
    vertex -104.2775008508855 217.1393288497778 -66.90825571602976
    vertex -94.72303666558555 226.7759629638786 -45.82803668777139
    vertex -81.60599562661189 226.5691453372278 -67.1333289726314
  endloop
endfacet
facet normal 0.331897 0.868346 -0.368538
  outer loop
    vertex 84.59167158158084 210.6786296352566 -104.6841158631258
    vertex 70.48168815695371 222.8564254182241 -88.69805682402217
    vertex 93.44444727208102 216.6781213457328 -82.57558358315821
  endloop
endfacet
facet normal -0.357222 0.843959 -0.400157
  outer loop
    vertex -90.69399813967506 215.9785312854781 -87.33769361053896
    vertex -77.14567190763161 212.8075150721612 -106.1202470536699
    vertex -98.76337328348914 203.4651085170078 -106.5257983487024
  endloop
endfacet
facet normal 0.380838 0.842449 -0.381108
  outer loop
    vertex 84.59167158158084 210.6786296352566 -104.6841158631258
    vertex 93.44444727208102 216.6781213457328 -82.57558358315821
    vertex 107.1316851446584 203.4646643804826 -98.10673976136066
  endloop
endfacet
facet normal 0.611872 0.741116 -0.276333
  outer loop
    vertex 159.1009342063274 176.1209810528307 -78.53847953495348
    vertex 141.2897092295941 193.7677695921954 -70.64891742328864
    vertex 160.4221664239305 183.1331776973715 -56.80640585634457
  endloop
endfacet
facet normal 0.226967 0.709475 -0.667181
  outer loop
    vertex 43.14224402802886 177.3516428791345 -170.8365931183889
    vertex 57.85520800095954 186.5568493086819 -156.0426764804534
    vertex 67.4335008354973 169.1818706063488 -171.2606715600685
  endloop
endfacet
facet normal 0.322905 0.894909 -0.308009
  outer loop
    vertex 70.48168815695371 222.8564254182241 -88.69805682402217
    vertex 80.04174034303088 228.5258715410325 -62.20326228800494
    vertex 93.44444727208102 216.6781213457328 -82.57558358315821
  endloop
endfacet
facet normal 0.550269 0.445145 -0.706435
  outer loop
    vertex 146.427194534221 100.0805764875171 -176.1901101389168
    vertex 126.1704105719475 110.7948637188637 -185.2175090795268
    vertex 139.4797604114463 122.2438233017655 -167.6360465417038
  endloop
endfacet
facet normal -0.329977 0.919855 -0.212087
  outer loop
    vertex -94.72303666558555 226.7759629638786 -45.82803668777139
    vertex -71.55019705506554 235.2680159335512 -45.05030499421272
    vertex -81.60599562661189 226.5691453372278 -67.1333289726314
  endloop
endfacet
facet normal 0.280833 0.912761 -0.296648
  outer loop
    vertex 70.48168815695371 222.8564254182241 -88.69805682402217
    vertex 55.619016679109 232.8791631724208 -71.92927320473905
    vertex 80.04174034303088 228.5258715410325 -62.20326228800494
  endloop
endfacet
facet normal 0.210304 -0.0754785 -0.974718
  outer loop
    vertex 39.36465785982187 -23.73936859371818 -245.7373925359158
    vertex 55.07378293715603 -4.86140525730341 -243.8098545422545
    vertex 63.0351018438741 -27.9096044261718 -240.3073655057352
  endloop
endfacet
facet normal -0.42513 0.892441 -0.151043
  outer loop
    vertex -116.8927473118964 216.339928585048 -45.09014222303437
    vertex -106.8109746247127 224.8292256811249 -23.30740181454699
    vertex -94.72303666558555 226.7759629638786 -45.82803668777139
  endloop
endfacet
facet normal 0.134875 -0.205743 -0.969267
  outer loop
    vertex 23.18843115744755 -42.32547599885287 -245.2974739819529
    vertex 47.07791302817582 -46.67077027329545 -241.0508438213996
    vertex 30.73923224023924 -65.05599925192907 -239.4218381071653
  endloop
endfacet
facet normal 0.485113 0.611542 -0.625046
  outer loop
    vertex 130.8974871714529 143.0029417221859 -157.8480488032729
    vertex 110.0978007084957 152.7156384195032 -164.4883219601803
    vertex 121.1296854072854 162.5537297380915 -146.300663912942
  endloop
endfacet
facet normal 0.397506 0.753911 -0.523074
  outer loop
    vertex 110.0135743937019 180.338369943365 -133.6977403522268
    vertex 88.55153885138169 187.8644711797674 -139.1602149876127
    vertex 97.81138909116137 196.4612250096687 -119.7326990915922
  endloop
endfacet
facet normal 0.262646 0.934214 -0.241375
  outer loop
    vertex 55.619016679109 232.8791631724208 -71.92927320473905
    vertex 61.32417930258055 237.902420844143 -46.27940351129458
    vertex 80.04174034303088 228.5258715410325 -62.20326228800494
  endloop
endfacet
facet normal -0.336106 -0.0840339 -0.938068
  outer loop
    vertex -86.8375955935939 -34.25764137562737 -231.9173257842164
    vertex -92.19557887394807 -10.15037572687402 -232.1571560574882
    vertex -71.24446498784408 -18.30395303536941 -238.9334457791015
  endloop
endfacet
facet normal 0.575387 0.354553 -0.737036
  outer loop
    vertex 151.9843649362282 77.0306540910761 -182.9399659594163
    vertex 132.424744337344 88.37201337016859 -192.7539217242851
    vertex 146.427194534221 100.0805764875171 -176.1901101389168
  endloop
endfacet
facet normal 0.521574 0.718508 -0.460117
  outer loop
    vertex 119.8648100060428 188.2764240189735 -112.6251103477504
    vertex 139.9845113894407 178.475467099126 -105.1229956517999
    vertex 131.5207312457745 171.2571581680469 -125.9892179068563
  endloop
endfacet
facet normal 0.725801 0.59132 -0.351501
  outer loop
    vertex 183.8293334187016 138.5376218101654 -97.54026613670591
    vertex 172.4115328722709 158.0023297491953 -88.37152893585362
    vertex 188.1756170771439 145.8914573142054 -76.19461805385907
  endloop
endfacet
facet normal 0.099883 -0.682934 -0.723619
  outer loop
    vertex 12.8299257138103 -165.7000447861754 -186.75890384139
    vertex 37.59664556584462 -164.7124875396226 -184.2723220961464
    vertex 24.35926814006821 -180.9410955265022 -170.7833305839579
  endloop
endfacet
facet normal 0.196722 0.781222 -0.592447
  outer loop
    vertex 37.91829391360085 191.2013505700412 -156.5383228697497
    vertex 48.75024882627422 203.8725683602597 -136.2328488638756
    vertex 57.85520800095954 186.5568493086819 -156.0426764804534
  endloop
endfacet
facet normal -0.490542 0.788198 -0.371636
  outer loop
    vertex -119.5712532403301 192.2589344761567 -106.0151758600142
    vertex -134.5975218641455 191.8246044449234 -87.10240087150022
    vertex -112.9054495839256 205.496586802727 -86.73818228831486
  endloop
endfacet
facet normal 0.36503 -0.0158615 -0.930861
  outer loop
    vertex 78.30724202202316 -8.792051362522656 -237.2565608781832
    vertex 92.74069068719146 10.48477640621136 -231.9250606436795
    vertex 101.895752946023 -12.66379944880254 -227.9405267061642
  endloop
endfacet
facet normal 0.288907 0.86719 -0.405603
  outer loop
    vertex 84.59167158158084 210.6786296352566 -104.6841158631258
    vertex 61.2557923746161 215.8110818609896 -110.3327007126498
    vertex 70.48168815695371 222.8564254182241 -88.69805682402217
  endloop
endfacet
facet normal 0.423038 0.839375 -0.341303
  outer loop
    vertex 93.44444727208102 216.6781213457328 -82.57558358315821
    vertex 116.8757306418183 207.292085816643 -76.61628250396025
    vertex 107.1316851446584 203.4646643804826 -98.10673976136066
  endloop
endfacet
facet normal 0.420036 -0.786386 -0.452953
  outer loop
    vertex 94.11082537378947 -196.3951211789347 -122.7685176442873
    vertex 116.7646614450566 -188.4620687554154 -115.533815301194
    vertex 103.6178109479418 -203.946758131325 -100.8418023543778
  endloop
endfacet
facet normal -0.231943 0.950278 -0.207784
  outer loop
    vertex -71.55019705506554 235.2680159335512 -45.05030499421272
    vertex -44.53981252465506 241.7159220700656 -45.71234098234885
    vertex -58.93684583403418 233.5946471348674 -66.78314931981009
  endloop
endfacet
facet normal 0.214213 0.948493 -0.233398
  outer loop
    vertex 55.619016679109 232.8791631724208 -71.92927320473905
    vertex 40.14729184042302 240.6524092616956 -54.54001168336194
    vertex 61.32417930258055 237.902420844143 -46.27940351129458
  endloop
endfacet
facet normal -0.42201 0.881525 -0.211708
  outer loop
    vertex -104.2775008508855 217.1393288497778 -66.90825571602976
    vertex -116.8927473118964 216.339928585048 -45.09014222303437
    vertex -94.72303666558555 226.7759629638786 -45.82803668777139
  endloop
endfacet
facet normal 0.740593 -0.599118 -0.304268
  outer loop
    vertex 177.0582078397535 -153.2950988294976 -87.47001607081826
    vertex 193.6967580852294 -138.1889956250937 -76.71614820492474
    vertex 183.5854687787522 -157.233986977096 -63.82671065135824
  endloop
endfacet
facet normal -0.284289 0.929103 -0.236534
  outer loop
    vertex -71.55019705506554 235.2680159335512 -45.05030499421272
    vertex -58.93684583403418 233.5946471348674 -66.78314931981009
    vertex -81.60599562661189 226.5691453372278 -67.1333289726314
  endloop
endfacet
facet normal 0.592973 -0.707532 -0.384423
  outer loop
    vertex 138.4651227527663 -178.6736121691106 -106.7855331751618
    vertex 158.7525286111198 -166.8312632691379 -97.28804785583469
    vertex 147.9085731067888 -183.5975166664617 -83.15651432943808
  endloop
endfacet
facet normal -0.281089 0.321618 -0.904185
  outer loop
    vertex -63.07257419402532 91.65342932158728 -223.8783135503124
    vertex -62.83432659762661 70.49294200699775 -231.4791405898615
    vertex -83.01976706102303 77.2263870347259 -222.8088943976344
  endloop
endfacet
facet normal -0.0154667 -0.204659 -0.978711
  outer loop
    vertex 6.695714649652563 -60.44520146919154 -242.4902988259103
    vertex -17.38979377090628 -55.33087895947123 -243.1791292569691
    vertex -0.9005829109118669 -37.47338014523059 -247.1738957311463
  endloop
endfacet
facet normal 0.508377 -0.75192 -0.419725
  outer loop
    vertex 116.7646614450566 -188.4620687554154 -115.533815301194
    vertex 138.4651227527663 -178.6736121691106 -106.7855331751618
    vertex 126.6414850630008 -194.9830045308264 -91.88885789457535
  endloop
endfacet
facet normal 0.650793 0.307424 -0.694233
  outer loop
    vertex 170.050666938131 64.85165075452221 -171.3972988944409
    vertex 151.9843649362282 77.0306540910761 -182.9399659594163
    vertex 165.2646968052838 88.31168834806378 -165.4950926492144
  endloop
endfacet
facet normal 0.824304 0.245803 -0.510003
  outer loop
    vertex 198.0153182497692 62.56185342347663 -139.1975151885336
    vertex 207.6058565327895 72.65499167947546 -118.8320685561864
    vertex 211.6028079534405 48.83440226868409 -123.8525446701831
  endloop
endfacet
facet normal 0.706812 -0.23094 -0.668643
  outer loop
    vertex 177.626272661418 -70.13268225939018 -161.3391277387944
    vertex 167.2516283157562 -56.44696882130622 -177.0328572232133
    vertex 183.1740191154406 -46.11253036401043 -163.7709170290148
  endloop
endfacet
facet normal -0.639737 0.672237 -0.372603
  outer loop
    vertex -165.4363907878132 168.9922362696522 -81.07049206514056
    vertex -149.5021750651937 175.6384951225105 -96.4376414159743
    vertex -164.383254605939 158.6824952469563 -101.4791175925309
  endloop
endfacet
facet normal 0.194636 0.964619 -0.177843
  outer loop
    vertex 40.14729184042302 240.6524092616956 -54.54001168336194
    vertex 48.01955069006614 243.3203964846277 -31.45325747975469
    vertex 61.32417930258055 237.902420844143 -46.27940351129458
  endloop
endfacet
facet normal -0.356287 0.525532 -0.772577
  outer loop
    vertex -81.72253350210092 142.2920205661599 -188.6117928476306
    vertex -84.47282868394964 121.3360716384668 -201.5983604434246
    vertex -101.9278299656207 128.5142228752602 -188.6658739604687
  endloop
endfacet
facet normal 0.734986 -0.0356319 -0.677145
  outer loop
    vertex 186.8518363178275 -21.65103249435491 -164.6742968911183
    vertex 174.0985777145267 -7.862810879342263 -179.2424655120951
    vertex 188.6274509635499 3.00843082693967 -164.0446100515134
  endloop
endfacet
facet normal 0.670718 -0.656004 -0.346115
  outer loop
    vertex 158.7525286111198 -166.8312632691379 -97.28804785583469
    vertex 177.0582078397535 -153.2950988294976 -87.47001607081826
    vertex 166.5302035234238 -171.0656048950886 -74.19063375065927
  endloop
endfacet
facet normal 0.332768 0.343865 -0.878079
  outer loop
    vertex 95.68648380362775 86.03944497631275 -214.3392421500695
    vertex 81.90068689668323 73.45391179377681 -224.4923168574896
    vertex 73.36968106626847 95.25978583410902 -219.1859099099979
  endloop
endfacet
facet normal -0.998352 -0.00098591 -0.0573831
  outer loop
    vertex -250 1.530808498934192e-14 0
    vertex -248.7845269239827 12.25247344743043 -21.35734200761273
    vertex -248.7471343859604 -12.61502690422901 -21.58064482304717
  endloop
endfacet
facet normal 0.719903 0.257366 -0.644595
  outer loop
    vertex 186.444520824108 51.95290819025121 -158.2382254237075
    vertex 170.050666938131 64.85165075452221 -171.3972988944409
    vertex 182.617495821767 75.76510300656739 -153.0048998764129
  endloop
endfacet
facet normal 0.118481 -0.958996 -0.257465
  outer loop
    vertex 25.77835220786488 -235.7774150911881 -79.02206711017404
    vertex 44.6227143208931 -238.5481268308045 -60.0300304193692
    vertex 17.9477321778308 -243.3149806240893 -54.5499689603203
  endloop
endfacet
facet normal 0.733107 0.16083 -0.660823
  outer loop
    vertex 188.4896178434558 27.62308252767518 -161.8907942932434
    vertex 173.5233400926417 40.96382786123138 -175.2472974115402
    vertex 186.444520824108 51.95290819025121 -158.2382254237075
  endloop
endfacet
facet normal 0.303793 -0.0913474 -0.948349
  outer loop
    vertex 63.0351018438741 -27.9096044261718 -240.3073655057352
    vertex 78.30724202202316 -8.792051362522656 -237.2565608781832
    vertex 86.13283768841316 -31.69564177335149 -232.5435885254996
  endloop
endfacet
facet normal 0.455056 0.254883 -0.853205
  outer loop
    vertex 121.3053048017743 52.08786105637132 -212.3013842571941
    vertex 101.4157209456717 63.01971569547356 -219.6437273830767
    vertex 117.06264273977 75.89084737733204 -207.4534091287282
  endloop
endfacet
facet normal 0.859729 0.37082 -0.351225
  outer loop
    vertex 208.0402554231209 104.8012936886494 -90.7520851808268
    vertex 220.5870320609796 90.72806571837884 -74.89846044832893
    vertex 215.1302122082506 82.13334316585745 -97.32988100081364
  endloop
endfacet
facet normal 0.199623 -0.131307 -0.971035
  outer loop
    vertex 39.36465785982187 -23.73936859371818 -245.7373925359158
    vertex 63.0351018438741 -27.9096044261718 -240.3073655057352
    vertex 47.07791302817582 -46.67077027329545 -241.0508438213996
  endloop
endfacet
facet normal -0.592208 0.546092 -0.592514
  outer loop
    vertex -155.1230535694992 124.597830057398 -151.3678268201735
    vertex -151.8007768150196 144.1261065929269 -136.6901223816882
    vertex -136.5077073310726 140.1722736906184 -155.6193417529344
  endloop
endfacet
facet normal -0.439214 0.0449644 -0.897256
  outer loop
    vertex -113.5867962359645 -2.175017316051921 -222.695552314195
    vertex -117.4284093291428 22.03831546725075 -219.6016423749905
    vertex -97.22518002024692 13.99201427949806 -229.894514737592
  endloop
endfacet
facet normal -0.733877 0.331799 -0.592734
  outer loop
    vertex -188.641820026755 69.80323523071753 -148.4647166444556
    vertex -187.6575618401681 91.35027867235104 -137.6218226542844
    vertex -173.5883008812518 87.42010341937031 -157.2413028288262
  endloop
endfacet
facet normal -0.358814 0.261696 -0.895973
  outer loop
    vertex -83.01976706102303 77.2263870347259 -222.8088943976344
    vertex -82.76612658119939 55.02832552342506 -229.3940968744245
    vertex -102.1220500234067 61.95895380713337 -219.6182481993296
  endloop
endfacet
facet normal -0.0283634 0.988779 -0.146671
  outer loop
    vertex 0 245.1963198262603 -48.77258050384027
    vertex -21.23837813222506 246.4001384257437 -36.55000790816577
    vertex 0 248.7961812346479 -24.5042850600455
  endloop
endfacet
facet normal 0.0283634 0.988779 -0.146671
  outer loop
    vertex 0 248.7961812346479 -24.5042850600455
    vertex 21.23837813220378 246.400138425742 -36.55000790818957
    vertex 0 245.1963198262603 -48.77258050384027
  endloop
endfacet
facet normal -0.3367 0.941013 -0.0335775
  outer loop
    vertex -72.5711693136155 239.2350839330522 0
    vertex -84.12206562464485 234.2733163178233 -23.22695280255361
    vertex -95.67085809127238 230.9698831278217 0
  endloop
endfacet
facet normal -0.0279443 0.941176 -0.336758
  outer loop
    vertex 0 230.9698833099736 -95.67085819312797
    vertex -20.91521680473468 235.2808890096055 -81.8868547012319
    vertex 0 239.2350840481018 -72.57116940150475
  endloop
endfacet
facet normal 0.336764 0.941192 -0.0273578
  outer loop
    vertex 95.67085809127255 230.9698831278216 0
    vertex 84.52720966329278 234.351101740336 -20.84974675214117
    vertex 72.57116931361568 239.2350839330522 0
  endloop
endfacet
facet normal 0.0283634 0.941165 -0.336754
  outer loop
    vertex 0 239.2350840481018 -72.57116940150475
    vertex 21.23837811379635 234.5350760475434 -83.91799210222126
    vertex 0 230.9698833099736 -95.67085819312797
  endloop
endfacet
facet normal 0.76281 0.547552 -0.343958
  outer loop
    vertex 198.9038406421637 126.4332117281945 -83.37808554944324
    vertex 183.8293334187016 138.5376218101654 -97.54026613670591
    vertex 188.1756170771439 145.8914573142054 -76.19461805385907
  endloop
endfacet
facet normal -0.397624 0.697884 -0.595695
  outer loop
    vertex -90.18622720598475 183.7982580127241 -143.4734985070016
    vertex -95.66711470877995 166.5069107401619 -160.0726455052983
    vertex -111.8820381279057 172.2612930221568 -142.5077417920882
  endloop
endfacet
facet normal -0.148306 -0.340637 -0.928425
  outer loop
    vertex -33.96947648321949 -72.09678767615496 -236.9559618879327
    vertex -26.60226996219487 -94.59947664772612 -229.8766152761843
    vertex -50.46930620787836 -88.37082761272261 -228.3493944768365
  endloop
endfacet
facet normal -0.595454 0.802876 -0.0287111
  outer loop
    vertex -138.8925582549005 207.8674030756364 0
    vertex -148.6301094035213 199.8815201577573 -21.36512293719221
    vertex -158.5983210409113 193.2526133406843 0
  endloop
endfacet
facet normal 0.595338 0.802721 -0.0347996
  outer loop
    vertex 158.5983210409114 193.2526133406842 0
    vertex 147.6102209142405 200.3750876140585 -23.68642956014057
    vertex 138.8925582549006 207.8674030756362 0
  endloop
endfacet
facet normal -0.0283718 0.857383 -0.513896
  outer loop
    vertex 0 207.8674030144876 -138.8925582180983
    vertex -21.24065456817866 213.737984607131 -127.9254022061182
    vertex 0 220.4803161206654 -117.8491842314701
  endloop
endfacet
facet normal -0.242859 0.969549 -0.0315241
  outer loop
    vertex -48.77258050403199 245.1963201008076 0
    vertex -60.21058220408251 241.6018733363779 -22.43257878618095
    vertex -72.5711693136155 239.2350839330522 0
  endloop
endfacet
facet normal 0.029548 0.857354 -0.513878
  outer loop
    vertex 0 220.4803161206654 -117.8491842314701
    vertex 21.66747764825148 213.9718554382429 -127.4620158819019
    vertex 0 207.8674030144876 -138.8925582180983
  endloop
endfacet
facet normal 0.513918 0.85742 -0.0268205
  outer loop
    vertex 138.8925582549006 207.8674030756362 0
    vertex 126.9861173786002 214.3592645285151 -20.60659369965025
    vertex 117.8491842064995 220.4803160870887 0
  endloop
endfacet
facet normal -0.464066 0.330168 -0.821968
  outer loop
    vertex -122.2640870629428 69.86092985828623 -206.5694640889615
    vertex -122.4928760304628 92.25347087287118 -197.4456695744274
    vertex -103.278770127062 85.10860611473633 -211.1634930717148
  endloop
endfacet
facet normal -0.647479 0.184631 -0.73938
  outer loop
    vertex -157.3468416586393 59.51501045077084 -184.9322442168908
    vertex -155.3140662672723 36.30081063910306 -192.5091996930778
    vertex -172.2262027586677 41.78690961293322 -176.3292070767938
  endloop
endfacet
facet normal -0.671319 0.740686 -0.0267476
  outer loop
    vertex -158.5983210409113 193.2526133406843 0
    vertex -167.7350647859145 184.2266581105326 -20.62732369189031
    vertex -176.7766952966368 176.776695296637 0
  endloop
endfacet
facet normal 0.838568 -0.453003 -0.302642
  outer loop
    vertex 202.8141435177068 -117.2064304553973 -87.34458110886544
    vertex 215.8956908955672 -100.617274450383 -75.92901115451191
    vertex 208.664463345465 -121.6965768299486 -64.4133908797039
  endloop
endfacet
facet normal 0.815497 0.200136 -0.543057
  outer loop
    vertex 198.0153182497692 62.56185342347663 -139.1975151885336
    vertex 211.6028079534405 48.83440226868409 -123.8525446701831
    vertex 201.0167641208217 38.46133714129015 -143.5722329968366
  endloop
endfacet
facet normal 0.427387 0.903633 -0.028065
  outer loop
    vertex 117.8491842064995 220.4803160870887 0
    vertex 106.6545986807095 225.1188295492614 -21.12603045125609
    vertex 95.67085809127255 230.9698831278216 0
  endloop
endfacet
facet normal 0.757018 -0.650936 -0.0566152
  outer loop
    vertex 189.6895306731978 -162.8431206805554 -1.994253065046084e-14
    vertex 180.8192333177182 -171.2745747480433 -21.66621580409283
    vertex 197.2657703996118 -152.338599489602 -19.47220927872046
  endloop
endfacet
facet normal 0.294878 0.840518 -0.454507
  outer loop
    vertex 84.59167158158084 210.6786296352566 -104.6841158631258
    vertex 75.53079738667357 202.6431079274365 -125.4227629086626
    vertex 61.2557923746161 215.8110818609896 -110.3327007126498
  endloop
endfacet
facet normal 0.327344 -0.814306 -0.479325
  outer loop
    vertex 70.52897567430659 -202.2937598382003 -128.8522344426267
    vertex 94.11082537378947 -196.3951211789347 -122.7685176442873
    vertex 80.5195146359476 -210.9208123754649 -107.3732679472192
  endloop
endfacet
facet normal -0.34636 0.821146 -0.453602
  outer loop
    vertex -77.14567190763161 212.8075150721612 -106.1202470536699
    vertex -83.856540576542 199.1172328232554 -125.7792041449789
    vertex -98.76337328348914 203.4651085170078 -106.5257983487024
  endloop
endfacet
facet normal -0.903991 0.251162 -0.346003
  outer loop
    vertex -224.828490878191 74.65949831506384 -79.86306405828779
    vertex -220.7922167205913 62.66156092724685 -99.11773715016076
    vertex -230.5730278252327 50.63958950137086 -82.29040536196858
  endloop
endfacet
facet normal -0.0245133 0.671357 -0.740728
  outer loop
    vertex 0 158.598321010842 -193.2526132978953
    vertex -19.8234112139383 167.4707536737454 -184.5550840041824
    vertex 0 176.7766952833549 -176.7766952833547
  endloop
endfacet
facet normal -0.74067 0.671304 -0.0275577
  outer loop
    vertex -176.7766952966368 176.776695296637 0
    vertex -184.8829888962971 166.973523468879 -20.93138497948437
    vertex -193.2526133406842 158.5983210409115 0
  endloop
endfacet
facet normal -0.278809 0.91428 -0.293866
  outer loop
    vertex -58.93684583403418 233.5946471348674 -66.78314931981009
    vertex -68.76899570220544 224.2983661564454 -86.37747489744748
    vertex -81.60599562661189 226.5691453372278 -67.1333289726314
  endloop
endfacet
facet normal 0.0322463 0.67121 -0.740566
  outer loop
    vertex 0 176.7766952833549 -176.7766952833547
    vertex 22.51731826901974 165.4273792893747 -186.0826498076084
    vertex 0 158.598321010842 -193.2526132978953
  endloop
endfacet
facet normal -0.247455 -0.675361 -0.694733
  outer loop
    vertex -61.22019667166348 -158.3470649037169 -183.5164694403772
    vertex -49.96534380319305 -176.1596669649476 -170.2093891459207
    vertex -74.09309132078438 -171.1772556634247 -166.4588867019975
  endloop
endfacet
facet normal -0.0282971 0.802886 -0.595461
  outer loop
    vertex 0 193.2526132978953 -158.5983210108419
    vertex -21.20988326098866 200.2710527496238 -148.1271287867709
    vertex 0 207.8674030144876 -138.8925582180983
  endloop
endfacet
facet normal -0.621448 -0.325746 -0.712525
  outer loop
    vertex -152.8717018414889 -69.20546206796226 -185.3128349468724
    vertex -146.699355195896 -92.80187387560416 -179.9086195552754
    vertex -165.6990878032693 -82.29239150526465 -168.1421261953967
  endloop
endfacet
facet normal -0.857188 0.513779 -0.0355103
  outer loop
    vertex -207.8674030756362 138.8925582549006 0
    vertex -212.359013322149 129.7510996083901 -23.83907739944975
    vertex -220.4803160870887 117.8491842064995 0
  endloop
endfacet
facet normal 0.346757 -0.936136 -0.0583831
  outer loop
    vertex 86.82631321120535 -234.43803303677 -2.871037867568818e-14
    vertex 74.51524604191857 -237.6380868413771 -21.8086631796277
    vertex 98.20918647463202 -228.8544671355198 -21.92233026181891
  endloop
endfacet
facet normal 0.516528 0.306076 -0.799697
  outer loop
    vertex 137.2854628079726 64.92177025892528 -198.589691192791
    vertex 117.06264273977 75.89084737733204 -207.4534091287282
    vertex 132.424744337344 88.37201337016859 -192.7539217242851
  endloop
endfacet
facet normal -0.507966 0.835665 -0.20889
  outer loop
    vertex -125.7877110111649 205.6518988106432 -66.21743179970551
    vertex -137.7940446199196 203.8816531317906 -44.10297930448506
    vertex -116.8927473118964 216.339928585048 -45.09014222303437
  endloop
endfacet
facet normal 0.914763 -0.173412 -0.364879
  outer loop
    vertex 233.614588533638 -43.4712779661541 -77.68186413989022
    vertex 223.6122336166783 -55.515875910412 -97.03379050031914
    vertex 229.1780019047252 -29.5776399124613 -95.40758177506925
  endloop
endfacet
facet normal 0.740663 0.671298 -0.0278701
  outer loop
    vertex 193.2526133406843 158.5983210409113 0
    vertex 184.6662200498945 167.1978596997791 -21.05380925858542
    vertex 176.7766952966369 176.7766952966368 0
  endloop
endfacet
facet normal -0.95323 -0.0929657 -0.287593
  outer loop
    vertex -241.3050224101784 -11.98995680106672 -64.25050268699742
    vertex -233.9262042153612 -23.08396426560708 -85.12145190947638
    vertex -238.8558486753796 -35.24567914701088 -64.8507953307445
  endloop
endfacet
facet normal -0.792403 0.530046 -0.301907
  outer loop
    vertex -195.7528928690677 141.8819487879569 -63.64210509971269
    vertex -193.4179476543416 130.4340919098011 -89.86904468640978
    vertex -206.68011173959 120.066892623666 -73.26167283790102
  endloop
endfacet
facet normal -0.919522 0.00480426 -0.39301
  outer loop
    vertex -226.6769249128533 13.83016940658871 -104.5289343973128
    vertex -226.6347450025789 -11.20769889503037 -104.9336926020159
    vertex -235.1775702400666 0.9823618259338045 -84.79708380139918
  endloop
endfacet
facet normal -0.682395 0.637683 -0.357349
  outer loop
    vertex -165.4363907878132 168.9922362696522 -81.07049206514056
    vertex -164.383254605939 158.6824952469563 -101.4791175925309
    vertex -180.3197513954121 150.8270618451034 -85.06459117558936
  endloop
endfacet
facet normal -0.149772 -0.691979 -0.706211
  outer loop
    vertex -36.82040738275678 -162.5017685560803 -186.379807962971
    vertex -25.35318818589045 -179.4653245016403 -172.1900495102193
    vertex -49.96534380319305 -176.1596669649476 -170.2093891459207
  endloop
endfacet
facet normal 0.88755 -0.385939 -0.251607
  outer loop
    vertex 215.8956908955672 -100.617274450383 -75.92901115451191
    vertex 227.2279691430804 -82.56979288894053 -63.63709092493766
    vertex 220.744238787121 -105.6175698333732 -51.15574244194909
  endloop
endfacet
facet normal 0.514867 0.157624 -0.842655
  outer loop
    vertex 140.9087512019642 40.82334987150004 -202.4306744047751
    vertex 123.8380379107977 26.34554666825451 -215.5691363278952
    vertex 121.3053048017743 52.08786105637132 -212.3013842571941
  endloop
endfacet
facet normal -0.538876 0.356753 -0.763112
  outer loop
    vertex -140.5182771369828 76.23951347232496 -192.2034088562356
    vertex -140.4787699831595 98.62087285685229 -181.7680902165481
    vertex -122.4928760304628 92.25347087287118 -197.4456695744274
  endloop
endfacet
facet normal -0.770757 0.634821 -0.0541864
  outer loop
    vertex -184.8829888962971 166.973523468879 -20.93138497948437
    vertex -199.3055433674755 149.4620667221196 -20.93778866423159
    vertex -193.2526133406842 158.5983210409115 0
  endloop
endfacet
facet normal 0.544035 0.11303 -0.831414
  outer loop
    vertex 140.9087512019642 40.82334987150004 -202.4306744047751
    vertex 143.7259605745777 16.59654557430131 -203.8808547458909
    vertex 123.8380379107977 26.34554666825451 -215.5691363278952
  endloop
endfacet
facet normal 0.857316 0.513855 -0.031028
  outer loop
    vertex 220.4803160870888 117.8491842064993 0
    vertex 213.157413012081 128.7248720652202 -22.22216438130653
    vertex 207.8674030756364 138.8925582549005 0
  endloop
endfacet
facet normal -0.736864 0.561855 -0.375966
  outer loop
    vertex -180.3197513954121 150.8270618451034 -85.06459117558936
    vertex -177.8857530575561 139.5460364430625 -106.6937794446219
    vertex -193.4179476543416 130.4340919098011 -89.86904468640978
  endloop
endfacet
facet normal 0.0283634 0.513896 -0.857384
  outer loop
    vertex 0 138.8925582180984 -207.8674030144875
    vertex 21.23837812228196 128.0610548889111 -213.6569622443282
    vertex 0 117.8491842314701 -220.4803161206652
  endloop
endfacet
facet normal -0.0288236 0.513889 -0.857372
  outer loop
    vertex 0 117.8491842314701 -220.4803161206652
    vertex -21.36255049036052 129.0578072035341 -213.0439481336239
    vertex 0 138.8925582180984 -207.8674030144875
  endloop
endfacet
facet normal 0.356483 -0.069915 -0.931682
  outer loop
    vertex 78.30724202202316 -8.792051362522656 -237.2565608781832
    vertex 101.895752946023 -12.66379944880254 -227.9405267061642
    vertex 86.13283768841316 -31.69564177335149 -232.5435885254996
  endloop
endfacet
facet normal 0.606293 -0.45833 -0.649879
  outer loop
    vertex 151.2534915357761 -102.6450052719855 -170.5473077798385
    vertex 161.214376204699 -115.9897359112166 -151.8430310161648
    vertex 141.3423101171921 -124.5682639597086 -164.3322822357185
  endloop
endfacet
facet normal -0.642025 0.527442 -0.556425
  outer loop
    vertex -155.1230535694992 124.597830057398 -151.3678268201735
    vertex -171.4406956471325 128.155945317287 -129.1671070972012
    vertex -151.8007768150196 144.1261065929269 -136.6901223816882
  endloop
endfacet
facet normal 0.853898 0.240549 -0.461514
  outer loop
    vertex 207.6058565327895 72.65499167947546 -118.8320685561864
    vertex 220.1725206944659 58.62925651963808 -102.8915516988614
    vertex 211.6028079534405 48.83440226868409 -123.8525446701831
  endloop
endfacet
facet normal -0.0506289 -0.701815 -0.710558
  outer loop
    vertex -12.05652025594047 -164.960636981984 -187.4636726563741
    vertex -0.4975980302852618 -181.0641878014063 -172.3818792449408
    vertex -25.35318818589045 -179.4653245016403 -172.1900495102193
  endloop
endfacet
facet normal -0.0521778 -0.363961 -0.929951
  outer loop
    vertex -9.96113272468693 -77.92696893782741 -237.3355501120809
    vertex -2.504725854900625 -100.0011189840653 -229.1146057114793
    vertex -26.60226996219487 -94.59947664772612 -229.8766152761843
  endloop
endfacet
facet normal -0.885968 -0.311491 -0.343559
  outer loop
    vertex -220.7639950671757 -88.53788902504181 -76.96947894438028
    vertex -226.890233496682 -65.67501023115759 -81.9000303721462
    vertex -215.5433509602459 -79.83372160294412 -98.32416158733245
  endloop
endfacet
facet normal -0.656696 -0.63255 -0.410648
  outer loop
    vertex -166.1494738163951 -148.4904853870903 -113.3354670879393
    vertex -153.4722391295397 -167.8972897877286 -103.7148586196831
    vertex -172.00572590583 -157.2583679908459 -90.46455633265543
  endloop
endfacet
facet normal 0.563172 0.307596 -0.766956
  outer loop
    vertex 151.9843649362282 77.0306540910761 -182.9399659594163
    vertex 137.2854628079726 64.92177025892528 -198.589691192791
    vertex 132.424744337344 88.37201337016859 -192.7539217242851
  endloop
endfacet
facet normal 0.707212 0.704808 -0.055651
  outer loop
    vertex 184.6662200498945 167.1978596997791 -21.05380925858542
    vertex 167.7245793482794 184.2186468968518 -20.78354199687213
    vertex 176.7766952966369 176.7766952966368 0
  endloop
endfacet
facet normal 0.592544 0.116614 -0.797052
  outer loop
    vertex 140.9087512019642 40.82334987150004 -202.4306744047751
    vertex 159.1909964265278 29.25268178712107 -190.532168583131
    vertex 143.7259605745777 16.59654557430131 -203.8808547458909
  endloop
endfacet
facet normal -0.602516 -0.706997 -0.370311
  outer loop
    vertex -153.4722391295397 -167.8972897877286 -103.7148586196831
    vertex -139.1705468679795 -185.6306975639996 -93.12788522440761
    vertex -158.4935601596262 -175.8182332935883 -80.42226202643344
  endloop
endfacet
facet normal 0.523893 -0.490621 -0.696295
  outer loop
    vertex 130.7610785326768 -110.7220228991819 -182.0499216865643
    vertex 141.3423101171921 -124.5682639597086 -164.3322822357185
    vertex 120.1742289038051 -132.0702085254375 -174.9731828807584
  endloop
endfacet
facet normal -0.542465 -0.774341 -0.325773
  outer loop
    vertex -139.1705468679795 -185.6306975639996 -93.12788522440761
    vertex -123.3835679311852 -201.5068053638701 -81.67926638148725
    vertex -143.4836426717683 -192.6726952394892 -69.20749088640071
  endloop
endfacet
facet normal -0.637392 -0.465856 -0.613767
  outer loop
    vertex -158.261611846372 -105.3093558021288 -162.3674899612878
    vertex -149.9800554661483 -127.2703737372956 -154.2991734622716
    vertex -168.7052044420295 -117.053640945996 -142.6078508899804
  endloop
endfacet
facet normal 0.823875 0.00471936 -0.566753
  outer loop
    vertex 202.1221521805375 13.95866567308364 -146.4643002596015
    vertex 213.6447592931501 0.006904514782076261 -129.8303384379
    vertex 201.3148187862298 -10.70970325847333 -147.8433156865163
  endloop
endfacet
facet normal -0.67552 0.312866 -0.667673
  outer loop
    vertex -173.9100354387547 64.98905852239402 -167.4267656202674
    vertex -173.5883008812518 87.42010341937031 -157.2413028288262
    vertex -158.1743756075927 82.41345910659093 -175.1824439241399
  endloop
endfacet
facet normal 0.525118 -0.101113 -0.845001
  outer loop
    vertex 122.9060789734256 -16.43200608909757 -217.0808257936797
    vertex 141.6708603137789 -19.2493279847766 -205.0824973275102
    vertex 129.5764568118357 -38.63936521234786 -210.2782473202525
  endloop
endfacet
facet normal -0.684071 -0.695712 -0.219162
  outer loop
    vertex -160.3455434213375 -183.1246879299602 -57.04958698773065
    vertex -173.5516409677613 -175.2546575846933 -40.81216622857918
    vertex -177.0138856454016 -164.6140386285222 -63.78324682174861
  endloop
endfacet
facet normal -0.703864 -0.551821 -0.447291
  outer loop
    vertex -177.0805085863108 -127.6111824307162 -121.8929021618896
    vertex -166.1494738163951 -148.4904853870903 -113.3354670879393
    vertex -183.7940672298161 -137.056986245529 -99.67508902636958
  endloop
endfacet
facet normal -0.39175 -0.861243 -0.323716
  outer loop
    vertex -102.0690424307824 -208.3693424319266 -93.0812962509099
    vertex -84.60565803900202 -221.1864705119735 -80.11509152614977
    vertex -106.4694848108687 -215.3847924099568 -69.0915335090199
  endloop
endfacet
facet normal -0.420024 -0.0516888 -0.90604
  outer loop
    vertex -108.7151789587969 -26.38680052741577 -223.5726875579464
    vertex -113.5867962359645 -2.175017316051921 -222.695552314195
    vertex -92.19557887394807 -10.15037572687402 -232.1571560574882
  endloop
endfacet
facet normal 0.501683 0.257612 -0.825803
  outer loop
    vertex 137.2854628079726 64.92177025892528 -198.589691192791
    vertex 121.3053048017743 52.08786105637132 -212.3013842571941
    vertex 117.06264273977 75.89084737733204 -207.4534091287282
  endloop
endfacet
facet normal -0.422389 -0.491035 -0.761887
  outer loop
    vertex -103.9175248345096 -110.9523567809624 -198.4709614956785
    vertex -94.98860309189023 -132.3970955469514 -189.6000379044866
    vertex -117.3734722885139 -124.309904568959 -182.4020713396473
  endloop
endfacet
facet normal 0.0490047 -0.704775 -0.707737
  outer loop
    vertex 12.8299257138103 -165.7000447861754 -186.75890384139
    vertex 24.35926814006821 -180.9410955265022 -170.7833305839579
    vertex -0.4975980302852618 -181.0641878014063 -172.3818792449408
  endloop
endfacet
facet normal 0.436662 -0.518268 -0.73534
  outer loop
    vertex 108.9664948393158 -117.6323646255843 -191.8044050459398
    vertex 120.1742289038051 -132.0702085254375 -174.9731828807584
    vertex 97.82160701898883 -138.3595517794817 -183.8139484141599
  endloop
endfacet
facet normal 0.296777 -0.618519 -0.727569
  outer loop
    vertex 74.46150819451087 -143.3552840838069 -190.8002786230927
    vertex 85.75289622248582 -157.7619437552704 -173.9471468349351
    vertex 62.00216375304983 -162.0063436764799 -180.0268766004628
  endloop
endfacet
facet normal -0.843165 -0.141057 -0.518821
  outer loop
    vertex -203.0231729477951 -35.3526003771418 -141.5336881904227
    vertex -212.6941017762711 -47.33031891095116 -122.5604339963468
    vertex -215.8411258450134 -23.35649236493023 -123.9640377624254
  endloop
endfacet
facet normal 0.918455 0.344855 -0.19369
  outer loop
    vertex 223.9500222681341 98.34201259476372 -51.72268443259289
    vertex 233.190211759297 82.81671432034285 -35.54879700970119
    vertex 230.5247475758921 76.96553954181077 -58.60585702904796
  endloop
endfacet
facet normal 0.344784 -0.931555 -0.11545
  outer loop
    vertex 74.51524604191857 -237.6380868413771 -21.8086631796277
    vertex 85.47833668718941 -230.9343135319111 -43.16012964225757
    vertex 98.20918647463202 -228.8544671355198 -21.92233026181891
  endloop
endfacet
facet normal -0.200679 0.785197 -0.585827
  outer loop
    vertex -44.84767845020441 188.2801778751316 -158.2379864537458
    vertex -64.85168093041889 194.6701258084216 -142.8208724179783
    vertex -42.31571181769587 204.9714429400212 -136.7336392861952
  endloop
endfacet
facet normal -0.83583 -0.367987 -0.407399
  outer loop
    vertex -208.6175100957173 -102.4342271602103 -92.11928998615734
    vertex -215.5433509602459 -79.83372160294412 -98.32416158733245
    vertex -201.903109701058 -93.24454301556268 -114.1954004803234
  endloop
endfacet
facet normal 0.445153 -0.0865259 -0.891264
  outer loop
    vertex 101.895752946023 -12.66379944880254 -227.9405267061642
    vertex 122.9060789734256 -16.43200608909757 -217.0808257936797
    vertex 108.3813110305038 -35.28256756651496 -222.5053523967985
  endloop
endfacet
facet normal 0.933456 -0.0724571 -0.351298
  outer loop
    vertex 237.8620245711005 -19.995407460921 -74.30909061083251
    vertex 229.1780019047252 -29.5776399124613 -95.40758177506925
    vertex 231.9441072920591 -4.848852908998009 -93.15803625000186
  endloop
endfacet
facet normal 0.293366 -0.147254 -0.944591
  outer loop
    vertex 63.0351018438741 -27.9096044261718 -240.3073655057352
    vertex 86.13283768841316 -31.69564177335149 -232.5435885254996
    vertex 70.48638388183545 -50.66096075191344 -234.4464474948503
  endloop
endfacet
facet normal -0.135655 -0.927601 -0.348071
  outer loop
    vertex -38.4605982421619 -226.0912838178494 -99.51639947491901
    vertex -19.76472693380728 -234.3194866599495 -84.87481216856865
    vertex -43.36009702542609 -234.1148446962334 -76.22428404914105
  endloop
endfacet
facet normal 0.112456 -0.315282 -0.942311
  outer loop
    vertex 30.73923224023924 -65.05599925192907 -239.4218381071653
    vertex 38.57040655872306 -87.75585910173413 -230.8922539437202
    vertex 14.16743781108143 -82.89457489744525 -235.4310369480646
  endloop
endfacet
facet normal 0.563248 -0.397099 -0.724613
  outer loop
    vertex 130.7610785326768 -110.7220228991819 -182.0499216865643
    vertex 139.9153284970977 -85.93876748419844 -188.5158590008971
    vertex 151.2534915357761 -102.6450052719855 -170.5473077798385
  endloop
endfacet
facet normal -0.654066 -0.280586 -0.702473
  outer loop
    vertex -152.8717018414889 -69.20546206796226 -185.3128349468724
    vertex -165.6990878032693 -82.29239150526465 -168.1421261953967
    vertex -171.2697672467939 -58.38305718171273 -172.5053200957753
  endloop
endfacet
facet normal -0.384531 -0.57439 -0.722643
  outer loop
    vertex -94.98860309189023 -132.3970955469514 -189.6000379044866
    vertex -85.01551574478508 -152.5395207497845 -178.8967766396987
    vertex -107.9307296148897 -145.1323305327372 -172.5907420429436
  endloop
endfacet
facet normal 0.148577 -0.700975 -0.697538
  outer loop
    vertex 37.59664556584462 -164.7124875396226 -184.2723220961464
    vertex 48.98804684299956 -179.3150885208099 -167.1713800124955
    vertex 24.35926814006821 -180.9410955265022 -170.7833305839579
  endloop
endfacet
facet normal -0.0253676 0.336781 -0.941241
  outer loop
    vertex 0 72.57116940150476 -239.2350840481019
    vertex -19.24264928674295 79.36181281743156 -236.2867391851654
    vertex 0 95.67085819312797 -230.9698833099735
  endloop
endfacet
facet normal 0.0283634 0.336754 -0.941165
  outer loop
    vertex 0 95.67085819312797 -230.9698833099735
    vertex 21.23837811379603 83.91799210222128 -234.5350760475434
    vertex 0 72.57116940150476 -239.2350840481019
  endloop
endfacet
facet normal 0.829793 0.555204 -0.056499
  outer loop
    vertex 213.157413012081 128.7248720652202 -22.22216438130653
    vertex 199.9050881569687 148.6697352620263 -20.8630186232381
    vertex 207.8674030756364 138.8925582549005 0
  endloop
endfacet
facet normal 0.533541 0.210773 -0.81909
  outer loop
    vertex 137.2854628079726 64.92177025892528 -198.589691192791
    vertex 140.9087512019642 40.82334987150004 -202.4306744047751
    vertex 121.3053048017743 52.08786105637132 -212.3013842571941
  endloop
endfacet
facet normal -0.0597799 -0.955697 -0.288219
  outer loop
    vertex -19.76472693380728 -234.3194866599495 -84.87481216856865
    vertex -0.8193301870536478 -240.2031926583076 -69.29469629632958
    vertex -24.79876000488701 -240.9962279558407 -61.69148736476111
  endloop
endfacet
facet normal -0.771816 0.313602 -0.553131
  outer loop
    vertex -188.641820026755 69.80323523071753 -148.4647166444556
    vertex -201.5509100633584 72.64947186754883 -128.8382120723438
    vertex -187.6575618401681 91.35027867235104 -137.6218226542844
  endloop
endfacet
facet normal -0.776961 -0.419924 -0.469037
  outer loop
    vertex -193.8269032453502 -115.5693817262622 -107.5864749200714
    vertex -201.903109701058 -93.24454301556268 -114.1954004803234
    vertex -186.2102970575631 -105.5948302963687 -129.1334855272451
  endloop
endfacet
facet normal -0.662497 0.132212 -0.737304
  outer loop
    vertex -155.3140662672723 36.30081063910306 -192.5091996930778
    vertex -169.4874460962365 20.16333053965732 -182.6675825572886
    vertex -172.2262027586677 41.78690961293322 -176.3292070767938
  endloop
endfacet
facet normal 0.465017 -0.784349 -0.410556
  outer loop
    vertex 116.7646614450566 -188.4620687554154 -115.533815301194
    vertex 126.6414850630008 -194.9830045308264 -91.88885789457535
    vertex 103.6178109479418 -203.946758131325 -100.8418023543778
  endloop
endfacet
facet normal -0.575533 0.514354 -0.635768
  outer loop
    vertex -139.2521001558281 120.1801742579044 -169.309120597595
    vertex -155.1230535694992 124.597830057398 -151.3678268201735
    vertex -136.5077073310726 140.1722736906184 -155.6193417529344
  endloop
endfacet
facet normal 0.419977 0.896902 -0.138511
  outer loop
    vertex 106.6545986807095 225.1188295492614 -21.12603045125609
    vertex 115.5903285715457 217.947027116261 -40.47183356244069
    vertex 94.28820495224346 227.6318621298913 -42.34937721102757
  endloop
endfacet
facet normal 0.0119763 -0.975189 -0.221051
  outer loop
    vertex -0.8193301870536478 -240.2031926583076 -69.29469629632958
    vertex 17.9477321778308 -243.3149806240893 -54.5499689603203
    vertex -6.771572344258009 -245.983223519035 -44.11801848645208
  endloop
endfacet
facet normal -0.142539 0.850823 -0.50575
  outer loop
    vertex -42.31571181769587 204.9714429400212 -136.7336392861952
    vertex -41.76087814064459 218.2680180599895 -114.5211829710396
    vertex -21.24065456817866 213.737984607131 -127.9254022061182
  endloop
endfacet
facet normal -0.342684 -0.652119 -0.676246
  outer loop
    vertex -85.01551574478508 -152.5395207497845 -178.8967766396987
    vertex -74.09309132078438 -171.1772556634247 -166.4588867019975
    vertex -97.49305487302294 -164.5503828744016 -160.9915393659356
  endloop
endfacet
facet normal 0.371524 -0.816333 -0.442233
  outer loop
    vertex 94.11082537378947 -196.3951211789347 -122.7685176442873
    vertex 103.6178109479418 -203.946758131325 -100.8418023543778
    vertex 80.5195146359476 -210.9208123754649 -107.3732679472192
  endloop
endfacet
facet normal -0.384298 -0.0945488 -0.918355
  outer loop
    vertex -86.8375955935939 -34.25764137562737 -231.9173257842164
    vertex -108.7151789587969 -26.38680052741577 -223.5726875579464
    vertex -92.19557887394807 -10.15037572687402 -232.1571560574882
  endloop
endfacet
facet normal -0.48735 0.0341689 -0.872538
  outer loop
    vertex -113.5867962359645 -2.175017316051921 -222.695552314195
    vertex -133.898651381154 5.722293177467237 -211.0412436446945
    vertex -117.4284093291428 22.03831546725075 -219.6016423749905
  endloop
endfacet
facet normal 0.481531 -0.12125 -0.868001
  outer loop
    vertex 122.9060789734256 -16.43200608909757 -217.0808257936797
    vertex 129.5764568118357 -38.63936521234786 -210.2782473202525
    vertex 108.3813110305038 -35.28256756651496 -222.5053523967985
  endloop
endfacet
facet normal -0.0283634 0.049048 -0.998394
  outer loop
    vertex -3.749151804555344e-30 1.530757942277972e-14 -250
    vertex -21.238378131919 12.22257262882975 -248.7961816681651
    vertex 0 24.50428506004549 -248.7961812346479
  endloop
endfacet
facet normal 0.241198 -0.167266 -0.955953
  outer loop
    vertex 63.0351018438741 -27.9096044261718 -240.3073655057352
    vertex 70.48638388183545 -50.66096075191344 -234.4464474948503
    vertex 47.07791302817582 -46.67077027329545 -241.0508438213996
  endloop
endfacet
facet normal -0.463471 -0.450822 -0.76286
  outer loop
    vertex -103.9175248345096 -110.9523567809624 -198.4709614956785
    vertex -117.3734722885139 -124.309904568959 -182.4020713396473
    vertex -125.7382299085302 -102.29093729607 -190.3325029693065
  endloop
endfacet
facet normal 0.682015 -0.421429 -0.597707
  outer loop
    vertex 170.2373905843792 -93.47503955989909 -157.4218784867491
    vertex 179.264243217605 -106.2313528298241 -138.1275887705449
    vertex 161.214376204699 -115.9897359112166 -151.8430310161648
  endloop
endfacet
facet normal 0.55258 -0.743899 -0.375858
  outer loop
    vertex 138.4651227527663 -178.6736121691106 -106.7855331751618
    vertex 147.9085731067888 -183.5975166664617 -83.15651432943808
    vertex 126.6414850630008 -194.9830045308264 -91.88885789457535
  endloop
endfacet
facet normal -0.587031 0.342953 -0.733334
  outer loop
    vertex -140.5182771369828 76.23951347232496 -192.2034088562356
    vertex -158.1743756075927 82.41345910659093 -175.1824439241399
    vertex -140.4787699831595 98.62087285685229 -181.7680902165481
  endloop
endfacet
facet normal -0.628992 -0.374206 -0.681424
  outer loop
    vertex -146.699355195896 -92.80187387560416 -179.9086195552754
    vertex -158.261611846372 -105.3093558021288 -162.3674899612878
    vertex -165.6990878032693 -82.29239150526465 -168.1421261953967
  endloop
endfacet
facet normal -0.969027 -0.0961818 -0.227454
  outer loop
    vertex -241.3050224101784 -11.98995680106672 -64.25050268699742
    vertex -238.8558486753796 -35.24567914701088 -64.8507953307445
    vertex -245.0106323713284 -24.93064275363439 -42.99131397029414
  endloop
endfacet
facet normal 0.394673 -0.106144 -0.91267
  outer loop
    vertex 101.895752946023 -12.66379944880254 -227.9405267061642
    vertex 108.3813110305038 -35.28256756651496 -222.5053523967985
    vertex 86.13283768841316 -31.69564177335149 -232.5435885254996
  endloop
endfacet
facet normal 0.632272 -0.695917 -0.340487
  outer loop
    vertex 158.7525286111198 -166.8312632691379 -97.28804785583469
    vertex 166.5302035234238 -171.0656048950886 -74.19063375065927
    vertex 147.9085731067888 -183.5975166664617 -83.15651432943808
  endloop
endfacet
facet normal -0.145764 0.789765 -0.595838
  outer loop
    vertex -21.20988326098866 200.2710527496238 -148.1271287867709
    vertex -44.84767845020441 188.2801778751316 -158.2379864537458
    vertex -42.31571181769587 204.9714429400212 -136.7336392861952
  endloop
endfacet
facet normal 0.90002 0.18332 -0.395421
  outer loop
    vertex 220.1725206944659 58.62925651963808 -102.8915516988614
    vertex 230.6155880147961 44.1069021169495 -85.85471303449592
    vertex 223.1187556818754 34.53280573650811 -107.3569103082619
  endloop
endfacet
facet normal 0.807321 -0.505241 -0.304899
  outer loop
    vertex 202.8141435177068 -117.2064304553973 -87.34458110886544
    vertex 208.664463345465 -121.6965768299486 -64.4133908797039
    vertex 193.6967580852294 -138.1889956250937 -76.71614820492474
  endloop
endfacet
facet normal -0.117975 -0.428992 -0.895571
  outer loop
    vertex -26.60226996219487 -94.59947664772612 -229.8766152761843
    vertex -18.84137240653441 -116.1708382587348 -220.5659516428163
    vertex -42.90744480315625 -110.4359691958859 -220.1427897711607
  endloop
endfacet
facet normal -0.443079 -0.835287 -0.325541
  outer loop
    vertex -102.0690424307824 -208.3693424319266 -93.0812962509099
    vertex -106.4694848108687 -215.3847924099568 -69.0915335090199
    vertex -123.3835679311852 -201.5068053638701 -81.67926638148725
  endloop
endfacet
facet normal 0.181105 -0.854639 -0.486614
  outer loop
    vertex 56.52291937268691 -215.7038628798533 -113.0354065074223
    vertex 33.18675294529615 -218.9186130231285 -116.0744601580278
    vertex 46.30815861499111 -206.073966546884 -133.7500458217588
  endloop
endfacet
facet normal -0.191848 -0.914785 -0.355476
  outer loop
    vertex -38.4605982421619 -226.0912838178494 -99.51639947491901
    vertex -43.36009702542609 -234.1148446962334 -76.22428404914105
    vertex -61.82648504708484 -224.7233215323082 -90.42629322387053
  endloop
endfacet
facet normal 0.900662 0.356847 -0.247928
  outer loop
    vertex 223.9500222681341 98.34201259476372 -51.72268443259289
    vertex 230.5247475758921 76.96553954181077 -58.60585702904796
    vertex 220.5870320609796 90.72806571837884 -74.89846044832893
  endloop
endfacet
facet normal 0.229427 -0.222439 -0.947567
  outer loop
    vertex 70.48638388183545 -50.66096075191344 -234.4464474948503
    vertex 54.23107553053971 -69.20732070825615 -234.0284965707926
    vertex 47.07791302817582 -46.67077027329545 -241.0508438213996
  endloop
endfacet
facet normal -0.64635 -0.669063 -0.366861
  outer loop
    vertex -153.4722391295397 -167.8972897877286 -103.7148586196831
    vertex -158.4935601596262 -175.8182332935883 -80.42226202643344
    vertex -172.00572590583 -157.2583679908459 -90.46455633265543
  endloop
endfacet
facet normal -0.66107 -0.136458 -0.737811
  outer loop
    vertex -175.3592873646712 -33.91450875056123 -174.9254882261667
    vertex -161.9430806767435 -21.51716982055866 -189.2391344934736
    vertex -157.7732856500504 -45.02623510837181 -188.6272209601606
  endloop
endfacet
facet normal 0.704371 -0.642612 -0.301514
  outer loop
    vertex 177.0582078397535 -153.2950988294976 -87.47001607081826
    vertex 183.5854687787522 -157.233986977096 -63.82671065135824
    vertex 166.5302035234238 -171.0656048950886 -74.19063375065927
  endloop
endfacet
facet normal 0.380696 -0.752411 -0.537538
  outer loop
    vertex 94.11082537378947 -196.3951211789347 -122.7685176442873
    vertex 83.79937168483345 -187.1461035611548 -143.0174857389985
    vertex 106.7744756852711 -180.0436792401374 -136.6875448159413
  endloop
endfacet
facet normal 0.651083 -0.758421 -0.0298187
  outer loop
    vertex 153.0264956369158 -197.6939342344245 -2.421052437710354e-14
    vertex 162.4087899855978 -188.7697467146972 -22.12165592090757
    vertex 172.2417297689218 -181.1981968072799 -2.219037917313075e-14
  endloop
endfacet
facet normal -0.697045 -0.591523 -0.405252
  outer loop
    vertex -166.1494738163951 -148.4904853870903 -113.3354670879393
    vertex -172.00572590583 -157.2583679908459 -90.46455633265543
    vertex -183.7940672298161 -137.056986245529 -99.67508902636958
  endloop
endfacet
facet normal -0.589039 -0.74025 -0.324134
  outer loop
    vertex -139.1705468679795 -185.6306975639996 -93.12788522440761
    vertex -143.4836426717683 -192.6726952394892 -69.20749088640071
    vertex -158.4935601596262 -175.8182332935883 -80.42226202643344
  endloop
endfacet
facet normal 0.507817 -0.21134 -0.835139
  outer loop
    vertex 129.5764568118357 -38.63936521234786 -210.2782473202525
    vertex 135.5940812267464 -61.39107990917076 -200.8615952437407
    vertex 114.5986567945618 -57.83210022541275 -214.5287767279719
  endloop
endfacet
facet normal 0.470838 -0.175982 -0.86449
  outer loop
    vertex 129.5764568118357 -38.63936521234786 -210.2782473202525
    vertex 114.5986567945618 -57.83210022541275 -214.5287767279719
    vertex 108.3813110305038 -35.28256756651496 -222.5053523967985
  endloop
endfacet
facet normal -0.514805 0.318971 -0.79576
  outer loop
    vertex -122.2640870629428 69.86092985828623 -206.5694640889615
    vertex -140.5182771369828 76.23951347232496 -192.2034088562356
    vertex -122.4928760304628 92.25347087287118 -197.4456695744274
  endloop
endfacet
facet normal 0.192998 -0.755428 -0.626163
  outer loop
    vertex 48.98804684299956 -179.3150885208099 -167.1713800124955
    vertex 59.99691018005743 -191.665438954015 -148.8782397780511
    vertex 35.55025807811034 -194.4447845632396 -153.0601349363546
  endloop
endfacet
facet normal 0.874619 0.189622 -0.446189
  outer loop
    vertex 220.1725206944659 58.62925651963808 -102.8915516988614
    vertex 223.1187556818754 34.53280573650811 -107.3569103082619
    vertex 211.6028079534405 48.83440226868409 -123.8525446701831
  endloop
endfacet
facet normal -0.105984 -0.755858 -0.646101
  outer loop
    vertex -13.78312138628571 -193.9299893128323 -157.1661057924884
    vertex -38.83874553862362 -192.2428417857251 -155.0298088340907
    vertex -25.35318818589045 -179.4653245016403 -172.1900495102193
  endloop
endfacet
facet normal -0.837556 0.0086012 -0.546284
  outer loop
    vertex -216.9962135183205 1.641214600418896 -124.1368186049039
    vertex -204.1537937464805 13.78726754828405 -143.6354404472361
    vertex -205.1267463617419 -10.46356214933732 -142.5255478649094
  endloop
endfacet
facet normal -0.848266 -0.528728 -0.02985
  outer loop
    vertex -218.5866540361455 -121.3254906327704 -1.485808737584044e-14
    vertex -211.4672257056334 -131.4979820560544 -22.13353039052513
    vertex -205.1908603018189 -142.8170537736983 -1.74900447767615e-14
  endloop
endfacet
facet normal -0.160237 -0.391865 -0.905961
  outer loop
    vertex -26.60226996219487 -94.59947664772612 -229.8766152761843
    vertex -42.90744480315625 -110.4359691958859 -220.1427897711607
    vertex -50.46930620787836 -88.37082761272261 -228.3493944768365
  endloop
endfacet
facet normal 0.779839 -0.287385 -0.556112
  outer loop
    vertex 193.9889278230097 -59.57577290506363 -146.0103529371921
    vertex 203.0336168336965 -70.96904932364632 -127.4391795074246
    vertex 187.5368692627105 -83.28756591142103 -142.8044258126888
  endloop
endfacet
facet normal -0.651149 -0.758497 -0.0262149
  outer loop
    vertex -172.2417297689215 -181.1981968072801 -2.219037917313077e-14
    vertex -164.5153955020105 -187.1230239573598 -20.48556925912547
    vertex -153.0264956369155 -197.6939342344248 -2.421052437710356e-14
  endloop
endfacet
facet normal -0.101122 -0.994414 -0.0302572
  outer loop
    vertex -37.85694437614386 -247.1170810820279 -3.026311423617424e-14
    vertex -23.10850125897812 -247.9432044543455 -22.13965976419716
    vertex -12.66229220967787 -249.6791267927632 -3.057687434406636e-14
  endloop
endfacet
facet normal -0.3735 -0.886106 -0.274434
  outer loop
    vertex -84.60565803900202 -221.1864705119735 -80.11509152614977
    vertex -88.42041294530725 -226.9972750385273 -56.16108705914196
    vertex -106.4694848108687 -215.3847924099568 -69.0915335090199
  endloop
endfacet
facet normal -0.716009 0.297115 -0.631707
  outer loop
    vertex -173.9100354387547 64.98905852239402 -167.4267656202674
    vertex -188.641820026755 69.80323523071753 -148.4647166444556
    vertex -173.5883008812518 87.42010341937031 -157.2413028288262
  endloop
endfacet
facet normal 0.0567075 0.0976563 -0.993603
  outer loop
    vertex 21.23837813219502 36.55000790818159 -246.4001384257439
    vertex 21.20542256858416 12.10209431752915 -248.8048821201413
    vertex 0 24.50428506004549 -248.7961812346479
  endloop
endfacet
facet normal -0.427765 -0.536689 -0.727311
  outer loop
    vertex -94.98860309189023 -132.3970955469514 -189.6000379044866
    vertex -107.9307296148897 -145.1323305327372 -172.5907420429436
    vertex -117.3734722885139 -124.309904568959 -182.4020713396473
  endloop
endfacet
facet normal 0.315049 -0.87012 -0.378993
  outer loop
    vertex 80.5195146359476 -210.9208123754649 -107.3732679472192
    vertex 88.80092720846825 -217.8898810957537 -84.48902321008721
    vertex 66.09296286504831 -223.225882394552 -91.11490376932296
  endloop
endfacet
facet normal 0.967684 -0.250551 -0.0285057
  outer loop
    vertex 238.5348141000123 -74.84078074333935 -9.16535225830194e-15
    vertex 241.1409291262649 -62.31408149514574 -21.63348209461476
    vertex 244.8824853131237 -50.32463002216494 -6.162989707491909e-15
  endloop
endfacet
facet normal -0.969718 0.242902 -0.0254109
  outer loop
    vertex -239.2350839330522 72.5711693136156 0
    vertex -241.6338395388711 60.88736637238996 -20.1448803902497
    vertex -245.1963201008076 48.77258050403215 0
  endloop
endfacet
facet normal 0.236199 -0.801385 -0.549538
  outer loop
    vertex 59.99691018005743 -191.665438954015 -148.8782397780511
    vertex 70.52897567430659 -202.2937598382003 -128.8522344426267
    vertex 46.30815861499111 -206.073966546884 -133.7500458217588
  endloop
endfacet
facet normal -0.436308 -0.303398 -0.847104
  outer loop
    vertex -111.7007257539867 -88.40883559790528 -205.4429985525309
    vertex -118.2924353044568 -64.98609982137403 -210.436942050932
    vertex -96.6416947039716 -73.62355374223829 -218.4947486305062
  endloop
endfacet
facet normal -0.117586 -0.947194 -0.298322
  outer loop
    vertex -19.76472693380728 -234.3194866599495 -84.87481216856865
    vertex -24.79876000488701 -240.9962279558407 -61.69148736476111
    vertex -43.36009702542609 -234.1148446962334 -76.22428404914105
  endloop
endfacet
facet normal -0.387896 -0.617336 -0.684421
  outer loop
    vertex -85.01551574478508 -152.5395207497845 -178.8967766396987
    vertex -97.49305487302294 -164.5503828744016 -160.9915393659356
    vertex -107.9307296148897 -145.1323305327372 -172.5907420429436
  endloop
endfacet
facet normal -0.0417209 -0.9716 -0.232922
  outer loop
    vertex -0.8193301870536478 -240.2031926583076 -69.29469629632958
    vertex -6.771572344258009 -245.983223519035 -44.11801848645208
    vertex -24.79876000488701 -240.9962279558407 -61.69148736476111
  endloop
endfacet
facet normal -0.906977 -0.305546 -0.289888
  outer loop
    vertex -220.7639950671757 -88.53788902504181 -76.96947894438028
    vertex -230.8476174665481 -75.82946830051213 -58.8155527669331
    vertex -226.890233496682 -65.67501023115759 -81.9000303721462
  endloop
endfacet
facet normal -0.0527412 -0.73937 -0.67123
  outer loop
    vertex -0.4975980302852618 -181.0641878014063 -172.3818792449408
    vertex -13.78312138628571 -193.9299893128323 -157.1661057924884
    vertex -25.35318818589045 -179.4653245016403 -172.1900495102193
  endloop
endfacet
facet normal -0.807257 -0.415978 -0.418686
  outer loop
    vertex -193.8269032453502 -115.5693817262622 -107.5864749200714
    vertex -208.6175100957173 -102.4342271602103 -92.11928998615734
    vertex -201.903109701058 -93.24454301556268 -114.1954004803234
  endloop
endfacet
facet normal -0.344128 -0.688061 -0.638865
  outer loop
    vertex -74.09309132078438 -171.1772556634247 -166.4588867019975
    vertex -85.86029427374784 -181.1101448943534 -149.4226397958882
    vertex -97.49305487302294 -164.5503828744016 -160.9915393659356
  endloop
endfacet
facet normal -0.860686 -0.362036 -0.35798
  outer loop
    vertex -208.6175100957173 -102.4342271602103 -92.11928998615734
    vertex -220.7639950671757 -88.53788902504181 -76.96947894438028
    vertex -215.5433509602459 -79.83372160294412 -98.32416158733245
  endloop
endfacet
facet normal 0.277468 -0.839922 -0.466415
  outer loop
    vertex 70.52897567430659 -202.2937598382003 -128.8522344426267
    vertex 80.5195146359476 -210.9208123754649 -107.3732679472192
    vertex 56.52291937268691 -215.7038628798533 -113.0354065074223
  endloop
endfacet
facet normal -0.766779 0.631566 -0.114779
  outer loop
    vertex -184.8829888962971 166.973523468879 -20.93138497948437
    vertex -190.5224934302944 156.2434369975133 -42.29855662203529
    vertex -199.3055433674755 149.4620667221196 -20.93778866423159
  endloop
endfacet
facet normal 0.145105 -0.7407 -0.655979
  outer loop
    vertex 48.98804684299956 -179.3150885208099 -167.1713800124955
    vertex 35.55025807811034 -194.4447845632396 -153.0601349363546
    vertex 24.35926814006821 -180.9410955265022 -170.7833305839579
  endloop
endfacet
facet normal -0.672444 -0.42342 -0.607071
  outer loop
    vertex -158.261611846372 -105.3093558021288 -162.3674899612878
    vertex -168.7052044420295 -117.053640945996 -142.6078508899804
    vertex -176.6737618661934 -94.38253595018199 -149.5938460487603
  endloop
endfacet
facet normal -0.432943 -0.622284 -0.652168
  outer loop
    vertex -97.49305487302294 -164.5503828744016 -160.9915393659356
    vertex -119.3477011446722 -156.3428228162387 -154.3147691743477
    vertex -107.9307296148897 -145.1323305327372 -172.5907420429436
  endloop
endfacet
facet normal -0.668478 -0.376868 -0.641176
  outer loop
    vertex -158.261611846372 -105.3093558021288 -162.3674899612878
    vertex -176.6737618661934 -94.38253595018199 -149.5938460487603
    vertex -165.6990878032693 -82.29239150526465 -168.1421261953967
  endloop
endfacet
facet normal -0.155726 -0.954796 -0.253209
  outer loop
    vertex -24.79876000488701 -240.9962279558407 -61.69148736476111
    vertex -47.96762729701175 -239.7533832622198 -52.12889741606021
    vertex -43.36009702542609 -234.1148446962334 -76.22428404914105
  endloop
endfacet
facet normal -0.749213 0.520256 -0.409895
  outer loop
    vertex -177.8857530575561 139.5460364430625 -106.6937794446219
    vertex -189.468788636648 119.3144220737712 -111.2009299320971
    vertex -193.4179476543416 130.4340919098011 -89.86904468640978
  endloop
endfacet
facet normal -0.806946 0.479198 -0.345263
  outer loop
    vertex -193.4179476543416 130.4340919098011 -89.86904468640978
    vertex -204.3926760436433 108.7096897325929 -94.37074407866896
    vertex -206.68011173959 120.066892623666 -73.26167283790102
  endloop
endfacet
facet normal 0.189454 -0.790914 -0.581862
  outer loop
    vertex 59.99691018005743 -191.665438954015 -148.8782397780511
    vertex 46.30815861499111 -206.073966546884 -133.7500458217588
    vertex 35.55025807811034 -194.4447845632396 -153.0601349363546
  endloop
endfacet
facet normal -0.608894 0.292029 -0.737541
  outer loop
    vertex -140.5182771369828 76.23951347232496 -192.2034088562356
    vertex -157.3468416586393 59.51501045077084 -184.9322442168908
    vertex -158.1743756075927 82.41345910659093 -175.1824439241399
  endloop
endfacet
facet normal -0.411283 -0.884498 -0.22025
  outer loop
    vertex -88.42041294530725 -226.9972750385273 -56.16108705914196
    vertex -110.6939474134193 -220.2577204863474 -41.63395936243943
    vertex -106.4694848108687 -215.3847924099568 -69.0915335090199
  endloop
endfacet
facet normal -0.672649 0.222019 -0.705868
  outer loop
    vertex -157.3468416586393 59.51501045077084 -184.9322442168908
    vertex -172.2262027586677 41.78690961293322 -176.3292070767938
    vertex -173.9100354387547 64.98905852239402 -167.4267656202674
  endloop
endfacet
facet normal -0.937429 -0.347186 -0.0262321
  outer loop
    vertex -238.5348141000122 -74.84078074333962 -9.165352258301973e-15
    vertex -233.6170115957322 -86.54779184810302 -20.79835616814361
    vertex -229.7394529050576 -98.58896377832987 -1.20736658922386e-14
  endloop
endfacet
facet normal 0.485097 -0.873977 -0.0290765
  outer loop
    vertex 110.0985378894087 -224.4511348926853 -2.748733639113179e-14
    vertex 120.916134220741 -217.7200727301727 -21.84624488281788
    vertex 132.2410025817408 -212.1610643736877 -2.598223683889321e-14
  endloop
endfacet
facet normal -0.617515 -0.735474 -0.278844
  outer loop
    vertex -143.4836426717683 -192.6726952394892 -69.20749088640071
    vertex -160.3455434213375 -183.1246879299602 -57.04958698773065
    vertex -158.4935601596262 -175.8182332935883 -80.42226202643344
  endloop
endfacet
facet normal -0.0283634 0.146671 -0.988779
  outer loop
    vertex 0 24.50428506004549 -248.7961812346479
    vertex -21.23837813222288 36.55000790826861 -246.4001384257286
    vertex 0 48.77258050384022 -245.1963198262603
  endloop
endfacet
facet normal 0.0283634 0.146671 -0.988779
  outer loop
    vertex 0 48.77258050384022 -245.1963198262603
    vertex 21.23837813219502 36.55000790818159 -246.4001384257439
    vertex 0 24.50428506004549 -248.7961812346479
  endloop
endfacet
facet normal -0.726075 -0.586984 -0.358141
  outer loop
    vertex -172.00572590583 -157.2583679908459 -90.46455633265543
    vertex -188.6145057400028 -144.6855270932435 -77.39939582583803
    vertex -183.7940672298161 -137.056986245529 -99.67508902636958
  endloop
endfacet
facet normal -0.710684 -0.467577 -0.525643
  outer loop
    vertex -168.7052044420295 -117.053640945996 -142.6078508899804
    vertex -177.0805085863108 -127.6111824307162 -121.8929021618896
    vertex -186.2102970575631 -105.5948302963687 -129.1334855272451
  endloop
endfacet
facet normal 0.643595 -0.506973 -0.573379
  outer loop
    vertex 161.214376204699 -115.9897359112166 -151.8430310161648
    vertex 169.7804137244076 -126.5364190927306 -132.9027680628128
    vertex 151.0351348822043 -136.0002475803974 -145.5758245354805
  endloop
endfacet
facet normal -0.710133 -0.423029 -0.562812
  outer loop
    vertex -168.7052044420295 -117.053640945996 -142.6078508899804
    vertex -186.2102970575631 -105.5948302963687 -129.1334855272451
    vertex -176.6737618661934 -94.38253595018199 -149.5938460487603
  endloop
endfacet
facet normal -0.599848 -0.766304 -0.230131
  outer loop
    vertex -143.4836426717683 -192.6726952394892 -69.20749088640071
    vertex -144.6752431732552 -198.3354745572974 -47.24524891342086
    vertex -160.3455434213375 -183.1246879299602 -57.04958698773065
  endloop
endfacet
facet normal -0.385943 -0.9065 -0.17119
  outer loop
    vertex -88.42041294530725 -226.9972750385273 -56.16108705914196
    vertex -89.37958126160892 -231.5665363577848 -29.80318259445104
    vertex -110.6939474134193 -220.2577204863474 -41.63395936243943
  endloop
endfacet
facet normal -0.803871 -0.457288 -0.380366
  outer loop
    vertex -193.8269032453502 -115.5693817262622 -107.5864749200714
    vertex -199.2301448330927 -124.6979143850373 -85.19260260026586
    vertex -208.6175100957173 -102.4342271602103 -92.11928998615734
  endloop
endfacet
facet normal -0.29071 0.954964 -0.0594289
  outer loop
    vertex -72.5711693136155 239.2350839330522 0
    vertex -60.21058220408251 241.6018733363779 -22.43257878618095
    vertex -84.12206562464485 234.2733163178233 -23.22695280255361
  endloop
endfacet
facet normal 0.457276 -0.811791 -0.363173
  outer loop
    vertex 126.6414850630008 -194.9830045308264 -91.88885789457535
    vertex 112.5749600507568 -209.2856115753078 -77.62996301119746
    vertex 103.6178109479418 -203.946758131325 -100.8418023543778
  endloop
endfacet
facet normal -0.858062 -0.403025 -0.318278
  outer loop
    vertex -208.6175100957173 -102.4342271602103 -92.11928998615734
    vertex -212.5330786695206 -111.181087821485 -70.48727673904402
    vertex -220.7639950671757 -88.53788902504181 -76.96947894438028
  endloop
endfacet
facet normal -0.740799 -0.507791 -0.439732
  outer loop
    vertex -177.0805085863108 -127.6111824307162 -121.8929021618896
    vertex -183.7940672298161 -137.056986245529 -99.67508902636958
    vertex -193.8269032453502 -115.5693817262622 -107.5864749200714
  endloop
endfacet
facet normal -0.5793 -0.672382 -0.460775
  outer loop
    vertex -147.2163501793268 -158.3616988293525 -125.4946954407208
    vertex -133.4171686528825 -176.8075940865577 -115.9264153761831
    vertex -153.4722391295397 -167.8972897877286 -103.7148586196831
  endloop
endfacet
facet normal -0.710236 0.113684 -0.694723
  outer loop
    vertex -169.4874460962365 20.16333053965732 -182.6675825572886
    vertex -187.3476031372436 23.87198535214035 -163.801721340397
    vertex -172.2262027586677 41.78690961293322 -176.3292070767938
  endloop
endfacet
facet normal 0.554225 0.830298 -0.0586543
  outer loop
    vertex 147.6102209142405 200.3750876140585 -23.68642956014057
    vertex 126.9861173786002 214.3592645285151 -20.60659369965025
    vertex 138.8925582549006 207.8674030756362 0
  endloop
endfacet
facet normal 0.38387 0.921706 -0.0556951
  outer loop
    vertex 95.67085809127255 230.9698831278216 0
    vertex 106.6545986807095 225.1188295492614 -21.12603045125609
    vertex 84.52720966329278 234.351101740336 -20.84974675214117
  endloop
endfacet
facet normal 0.104235 -0.114104 -0.987985
  outer loop
    vertex 23.18843115744755 -42.32547599885287 -245.2974739819529
    vertex 15.51346954878179 -19.18974833516721 -248.7791908930326
    vertex 39.36465785982187 -23.73936859371818 -245.7373925359158
  endloop
endfacet
facet normal -0.634099 0.771179 -0.0565765
  outer loop
    vertex -148.6301094035213 199.8815201577573 -21.36512293719221
    vertex -167.7350647859145 184.2266581105326 -20.62732369189031
    vertex -158.5983210409113 193.2526133406843 0
  endloop
endfacet
facet normal 0.862438 -0.436164 -0.25683
  outer loop
    vertex 215.8956908955672 -100.617274450383 -75.92901115451191
    vertex 220.744238787121 -105.6175698333732 -51.15574244194909
    vertex 208.664463345465 -121.6965768299486 -64.4133908797039
  endloop
endfacet
facet normal -0.567209 -0.273148 -0.776958
  outer loop
    vertex -152.8717018414889 -69.20546206796226 -185.3128349468724
    vertex -138.9750964694006 -55.66451203446633 -200.2183424696288
    vertex -132.9416800288849 -79.24959892168724 -196.3313800232894
  endloop
endfacet
facet normal 0.23153 -0.833508 -0.501656
  outer loop
    vertex 70.52897567430659 -202.2937598382003 -128.8522344426267
    vertex 56.52291937268691 -215.7038628798533 -113.0354065074223
    vertex 46.30815861499111 -206.073966546884 -133.7500458217588
  endloop
endfacet
facet normal 0.468138 0.881978 -0.0544138
  outer loop
    vertex 117.8491842064995 220.4803160870887 0
    vertex 126.9861173786002 214.3592645285151 -20.60659369965025
    vertex 106.6545986807095 225.1188295492614 -21.12603045125609
  endloop
endfacet
facet normal -0.522416 -0.742532 -0.419198
  outer loop
    vertex -139.1705468679795 -185.6306975639996 -93.12788522440761
    vertex -133.4171686528825 -176.8075940865577 -115.9264153761831
    vertex -118.4549447346575 -193.5050832773006 -104.9962323788535
  endloop
endfacet
facet normal 0.679869 -0.325488 -0.657143
  outer loop
    vertex 170.2373905843792 -93.47503955989909 -157.4218784867491
    vertex 160.4220949128641 -79.89255743627795 -174.3041328542128
    vertex 177.626272661418 -70.13268225939018 -161.3391277387944
  endloop
endfacet
facet normal -0.707669 0.704337 -0.0558093
  outer loop
    vertex -176.7766952966368 176.776695296637 0
    vertex -167.7350647859145 184.2266581105326 -20.62732369189031
    vertex -184.8829888962971 166.973523468879 -20.93138497948437
  endloop
endfacet
facet normal -0.653433 0.276437 -0.704704
  outer loop
    vertex -157.3468416586393 59.51501045077084 -184.9322442168908
    vertex -173.9100354387547 64.98905852239402 -167.4267656202674
    vertex -158.1743756075927 82.41345910659093 -175.1824439241399
  endloop
endfacet
facet normal -0.744076 -0.466001 -0.478743
  outer loop
    vertex -177.0805085863108 -127.6111824307162 -121.8929021618896
    vertex -193.8269032453502 -115.5693817262622 -107.5864749200714
    vertex -186.2102970575631 -105.5948302963687 -129.1334855272451
  endloop
endfacet
facet normal 0.271196 -0.867882 -0.416212
  outer loop
    vertex 80.5195146359476 -210.9208123754649 -107.3732679472192
    vertex 66.09296286504831 -223.225882394552 -91.11490376932296
    vertex 56.52291937268691 -215.7038628798533 -113.0354065074223
  endloop
endfacet
facet normal 0.936103 -0.12197 -0.3299
  outer loop
    vertex 237.8620245711005 -19.995407460921 -74.30909061083251
    vertex 233.614588533638 -43.4712779661541 -77.68186413989022
    vertex 229.1780019047252 -29.5776399124613 -95.40758177506925
  endloop
endfacet
facet normal -0.0563762 0.830704 -0.553852
  outer loop
    vertex 0 207.8674030144876 -138.8925582180983
    vertex -21.20988326098866 200.2710527496238 -148.1271287867709
    vertex -21.24065456817866 213.737984607131 -127.9254022061182
  endloop
endfacet
facet normal 0.671311 0.740678 -0.0271705
  outer loop
    vertex 176.7766952966369 176.7766952966368 0
    vertex 167.7245793482794 184.2186468968518 -20.78354199687213
    vertex 158.5983210409114 193.2526133406842 0
  endloop
endfacet
facet normal -0.802899 0.59547 -0.0277239
  outer loop
    vertex -193.2526133406842 158.5983210409115 0
    vertex -199.3055433674755 149.4620667221196 -20.93778866423159
    vertex -207.8674030756362 138.8925582549006 0
  endloop
endfacet
facet normal 0.0282766 0.0490481 -0.998396
  outer loop
    vertex 0 24.50428506004549 -248.7961812346479
    vertex 21.20542256858416 12.10209431752915 -248.8048821201413
    vertex -3.749151804555344e-30 1.530757942277972e-14 -250
  endloop
endfacet
facet normal 0.802907 0.595476 -0.0273652
  outer loop
    vertex 207.8674030756364 138.8925582549005 0
    vertex 199.9050881569687 148.6697352620263 -20.8630186232381
    vertex 193.2526133406843 158.5983210409113 0
  endloop
endfacet
facet normal -0.0483201 -0.123738 -0.991138
  outer loop
    vertex -24.94006798345752 -32.15078924511925 -246.6664139275885
    vertex -11.7474539870825 -18.03707197365393 -249.0715988615294
    vertex -0.9005829109118669 -37.47338014523059 -247.1738957311463
  endloop
endfacet
facet normal 0.695591 -0.67652 -0.241812
  outer loop
    vertex 183.5854687787522 -157.233986977096 -63.82671065135824
    vertex 170.5322050988683 -176.642965683116 -47.07472462788274
    vertex 166.5302035234238 -171.0656048950886 -74.19063375065927
  endloop
endfacet
facet normal -0.726845 0.658181 -0.196196
  outer loop
    vertex -190.5224934302944 156.2434369975133 -42.29855662203529
    vertex -174.7050560980621 173.9145954549055 -41.61558435886182
    vertex -179.9135930629211 161.9251169097412 -62.54083102227113
  endloop
endfacet
facet normal 0.673639 -0.62565 -0.393411
  outer loop
    vertex 158.7525286111198 -166.8312632691379 -97.28804785583469
    vertex 168.7091162706737 -148.147544889998 -109.9524398557593
    vertex 177.0582078397535 -153.2950988294976 -87.47001607081826
  endloop
endfacet
facet normal 0.940989 0.0256694 -0.337463
  outer loop
    vertex 239.8021269139474 4.936434664711016 -70.50228039112002
    vertex 231.9441072920591 -4.848852908998009 -93.15803625000186
    vertex 232.5066415747153 19.79716424579846 -89.71473631166585
  endloop
endfacet
facet normal -0.0966299 -0.635531 -0.766005
  outer loop
    vertex -36.82040738275678 -162.5017685560803 -186.379807962971
    vertex -23.61887885115074 -147.7960288701945 -200.2460546727832
    vertex -12.05652025594047 -164.960636981984 -187.4636726563741
  endloop
endfacet
facet normal -0.78963 0.257868 -0.556766
  outer loop
    vertex -188.641820026755 69.80323523071753 -148.4647166444556
    vertex -201.8203199962346 51.38853662589742 -138.3032058199169
    vertex -201.5509100633584 72.64947186754883 -128.8382120723438
  endloop
endfacet
facet normal -0.0223812 -0.943971 -0.329268
  outer loop
    vertex -19.76472693380728 -234.3194866599495 -84.87481216856865
    vertex 3.678140074394992 -232.1233766229336 -92.76426742426662
    vertex -0.8193301870536478 -240.2031926583076 -69.29469629632958
  endloop
endfacet
facet normal 0.605108 -0.501481 -0.618354
  outer loop
    vertex 161.214376204699 -115.9897359112166 -151.8430310161648
    vertex 151.0351348822043 -136.0002475803974 -145.5758245354805
    vertex 141.3423101171921 -124.5682639597086 -164.3322822357185
  endloop
endfacet
facet normal 0.297949 -0.526571 -0.796209
  outer loop
    vertex 74.46150819451087 -143.3552840838069 -190.8002786230927
    vertex 62.53737189530418 -127.4721160884529 -205.7667046350318
    vertex 86.09572467312832 -123.2724504043331 -199.7283884787541
  endloop
endfacet
facet normal -0.291189 -0.601036 -0.744288
  outer loop
    vertex -85.01551574478508 -152.5395207497845 -178.8967766396987
    vertex -71.92026541776653 -139.01206091946 -194.9438953677759
    vertex -61.22019667166348 -158.3470649037169 -183.5164694403772
  endloop
endfacet
facet normal -0.91381 -0.391277 -0.108873
  outer loop
    vertex -233.6170115957322 -86.54779184810302 -20.79835616814361
    vertex -227.884247224575 -94.38764322882801 -40.73993952617344
    vertex -223.5652235850575 -109.7361437426544 -21.83047319356085
  endloop
endfacet
facet normal 0.525776 -0.843017 -0.113503
  outer loop
    vertex 120.916134220741 -217.7200727301727 -21.84624488281788
    vertex 130.4123806102155 -209.0240690606569 -42.44466441028881
    vertex 142.3248558272691 -204.3699116716418 -21.83058902257135
  endloop
endfacet
facet normal 0.91645 0.13131 -0.377991
  outer loop
    vertex 230.6155880147961 44.1069021169495 -85.85471303449592
    vertex 232.5066415747153 19.79716424579846 -89.71473631166585
    vertex 223.1187556818754 34.53280573650811 -107.3569103082619
  endloop
endfacet
facet normal 0.886314 -0.350026 -0.303197
  outer loop
    vertex 215.8956908955672 -100.617274450383 -75.92901115451191
    vertex 220.31049924868 -79.41028425038303 -87.50594651834081
    vertex 227.2279691430804 -82.56979288894053 -63.63709092493766
  endloop
endfacet
facet normal 0.513042 -0.720724 -0.466203
  outer loop
    vertex 116.7646614450566 -188.4620687554154 -115.533815301194
    vertex 128.8696505113188 -171.7861633495857 -127.99268439532
    vertex 138.4651227527663 -178.6736121691106 -106.7855331751618
  endloop
endfacet
facet normal -0.902432 0.200261 -0.381461
  outer loop
    vertex -220.7922167205913 62.66156092724685 -99.11773715016076
    vertex -224.5194034157793 38.4058528069415 -103.0341106624116
    vertex -230.5730278252327 50.63958950137086 -82.29040536196858
  endloop
endfacet
facet normal 0.941248 0.123151 -0.31446
  outer loop
    vertex 230.6155880147961 44.1069021169495 -85.85471303449592
    vertex 239.862228083358 30.74327213402445 -63.4110617903569
    vertex 232.5066415747153 19.79716424579846 -89.71473631166585
  endloop
endfacet
facet normal 0.43373 -0.422581 -0.795804
  outer loop
    vertex 108.9664948393158 -117.6323646255843 -191.8044050459398
    vertex 97.10954760753484 -102.29750905336 -206.4096785641063
    vertex 119.1306229404679 -96.81764717669245 -197.3176065965365
  endloop
endfacet
facet normal -0.949151 -0.0451533 -0.311566
  outer loop
    vertex -235.1775702400666 0.9823618259338045 -84.79708380139918
    vertex -233.9262042153612 -23.08396426560708 -85.12145190947638
    vertex -241.3050224101784 -11.98995680106672 -64.25050268699742
  endloop
endfacet
facet normal -0.978443 -0.049287 -0.20055
  outer loop
    vertex -246.2985701246903 0.1042520442135205 -42.86027865103432
    vertex -241.3050224101784 -11.98995680106672 -64.25050268699742
    vertex -245.0106323713284 -24.93064275363439 -42.99131397029414
  endloop
endfacet
facet normal 0.802416 0.46599 -0.372803
  outer loop
    vertex 208.0402554231209 104.8012936886494 -90.7520851808268
    vertex 193.6576637297714 117.8776772906568 -105.3639524471559
    vertex 198.9038406421637 126.4332117281945 -83.37808554944324
  endloop
endfacet
facet normal 0.115749 0.91738 -0.38081
  outer loop
    vertex 21.23837811379635 234.5350760475434 -83.91799210222126
    vertex 43.36422990845691 227.7698373228107 -93.49034586729724
    vertex 20.66586332161062 225.2238519724688 -106.5229486817557
  endloop
endfacet
facet normal 0.101906 -0.64173 -0.76013
  outer loop
    vertex 12.8299257138103 -165.7000447861754 -186.75890384139
    vertex 26.44755968021853 -149.380797264205 -198.7106036316929
    vertex 37.59664556584462 -164.7124875396226 -184.2723220961464
  endloop
endfacet
facet normal -0.371564 -0.830013 -0.415954
  outer loop
    vertex -102.0690424307824 -208.3693424319266 -93.0812962509099
    vertex -97.39526052724243 -199.5108116215987 -114.9330208117821
    vertex -79.74379152454694 -213.0695048506508 -103.6451340680694
  endloop
endfacet
facet normal -0.617945 -0.129788 -0.775434
  outer loop
    vertex -161.9430806767435 -21.51716982055866 -189.2391344934736
    vertex -143.3571727679238 -31.71093303096437 -202.3441072586334
    vertex -157.7732856500504 -45.02623510837181 -188.6272209601606
  endloop
endfacet
facet normal 0.215281 0.461592 -0.860574
  outer loop
    vertex 50.3341438958542 103.4626351302895 -221.9503482542166
    vertex 43.6653649671186 124.8271931599267 -212.1591566492068
    vertex 67.01409022493127 117.3357228129398 -210.3364919914985
  endloop
endfacet
facet normal -0.217425 -0.208896 -0.953461
  outer loop
    vertex -64.13081375466639 -41.89048140842383 -237.9756842505864
    vertex -40.85981963879497 -49.17543765417756 -241.686266615638
    vertex -57.63398871566465 -65.45868825867726 -234.2935839415496
  endloop
endfacet
facet normal 0.285774 -0.776074 -0.562177
  outer loop
    vertex 59.99691018005743 -191.665438954015 -148.8782397780511
    vertex 83.79937168483345 -187.1461035611548 -143.0174857389985
    vertex 70.52897567430659 -202.2937598382003 -128.8522344426267
  endloop
endfacet
facet normal 0.521201 0.530635 -0.668413
  outer loop
    vertex 139.4797604114463 122.2438233017655 -167.6360465417038
    vertex 119.0829551973659 132.6243247373193 -175.2998524512562
    vertex 130.8974871714529 143.0029417221859 -157.8480488032729
  endloop
endfacet
facet normal 0.953553 -0.295887 -0.0564597
  outer loop
    vertex 234.0009157429061 -85.41079076784887 -21.17942992368141
    vertex 241.1409291262649 -62.31408149514574 -21.63348209461476
    vertex 238.5348141000123 -74.84078074333935 -9.16535225830194e-15
  endloop
endfacet
facet normal 0.241561 0.377024 -0.894149
  outer loop
    vertex 73.36968106626847 95.25978583410902 -219.1859099099979
    vertex 60.23708467886834 81.47696153584484 -228.5453967339472
    vertex 50.3341438958542 103.4626351302895 -221.9503482542166
  endloop
endfacet
facet normal 0.777034 0.430273 -0.459439
  outer loop
    vertex 186.3687068904333 108.5598631328828 -126.417804159689
    vertex 193.6576637297714 117.8776772906568 -105.3639524471559
    vertex 201.5404673127282 95.76568277141003 -112.7402946540979
  endloop
endfacet
facet normal 0.381361 0.917422 -0.11358
  outer loop
    vertex 106.6545986807095 225.1188295492614 -21.12603045125609
    vertex 94.28820495224346 227.6318621298913 -42.34937721102757
    vertex 84.52720966329278 234.351101740336 -20.84974675214117
  endloop
endfacet
facet normal 0.962737 -0.0339503 -0.2683
  outer loop
    vertex 239.8021269139474 4.936434664711016 -70.50228039112002
    vertex 243.979935103922 -9.769986546848255 -53.65015032188107
    vertex 237.8620245711005 -19.995407460921 -74.30909061083251
  endloop
endfacet
facet normal 0.784211 -0.335355 -0.522064
  outer loop
    vertex 203.0336168336965 -70.96904932364632 -127.4391795074246
    vertex 197.0477300201667 -95.21789263602217 -120.854230442523
    vertex 187.5368692627105 -83.28756591142103 -142.8044258126888
  endloop
endfacet
facet normal 0.737415 0.0629738 -0.672498
  outer loop
    vertex 188.6274509635499 3.00843082693967 -164.0446100515134
    vertex 174.5842219864973 16.71041638770727 -178.1603531022513
    vertex 188.4896178434558 27.62308252767518 -161.8907942932434
  endloop
endfacet
facet normal 0.856828 -0.471294 -0.209114
  outer loop
    vertex 220.744238787121 -105.6175698333732 -51.15574244194909
    vertex 212.7508372203733 -124.9128645082414 -40.42100372796246
    vertex 208.664463345465 -121.6965768299486 -64.4133908797039
  endloop
endfacet
facet normal 0.60822 -0.785203 -0.1163
  outer loop
    vertex 150.9160447021329 -194.5072768389927 -43.48869632609444
    vertex 162.4087899855978 -188.7697467146972 -22.12165592090757
    vertex 142.3248558272691 -204.3699116716418 -21.83058902257135
  endloop
endfacet
facet normal 0.151294 -0.986873 -0.0565032
  outer loop
    vertex 25.20921235749044 -247.8888022262278 -20.3871857587323
    vertex 50.06303735380769 -244.0622860242727 -20.67106266057421
    vertex 37.85694437614447 -247.1170810820278 -3.026311423617423e-14
  endloop
endfacet
facet normal 0.726317 -0.1341 -0.674152
  outer loop
    vertex 183.1740191154406 -46.11253036401043 -163.7709170290148
    vertex 172.2048517995366 -32.57489267536395 -178.2817023249671
    vertex 186.8518363178275 -21.65103249435491 -164.6742968911183
  endloop
endfacet
facet normal 0.799636 0.295244 -0.522889
  outer loop
    vertex 198.0153182497692 62.56185342347663 -139.1975151885336
    vertex 193.0229796865189 85.89035856691764 -133.6599252513035
    vertex 207.6058565327895 72.65499167947546 -118.8320685561864
  endloop
endfacet
facet normal 0.444912 0.686037 -0.575679
  outer loop
    vertex 121.1296854072854 162.5537297380915 -146.300663912942
    vertex 100.2818700968184 171.3548445784321 -151.9245331386153
    vertex 110.0135743937019 180.338369943365 -133.6977403522268
  endloop
endfacet
facet normal -0.113467 0.826614 -0.551212
  outer loop
    vertex -21.20988326098866 200.2710527496238 -148.1271287867709
    vertex -42.31571181769587 204.9714429400212 -136.7336392861952
    vertex -21.24065456817866 213.737984607131 -127.9254022061182
  endloop
endfacet
facet normal 0.947806 -0.0252231 -0.317847
  outer loop
    vertex 239.8021269139474 4.936434664711016 -70.50228039112002
    vertex 237.8620245711005 -19.995407460921 -74.30909061083251
    vertex 231.9441072920591 -4.848852908998009 -93.15803625000186
  endloop
endfacet
facet normal 0.419071 0.301638 -0.856384
  outer loop
    vertex 117.06264273977 75.89084737733204 -207.4534091287282
    vertex 101.4157209456717 63.01971569547356 -219.6437273830767
    vertex 95.68648380362775 86.03944497631275 -214.3392421500695
  endloop
endfacet
facet normal -0.867979 -0.480803 -0.124263
  outer loop
    vertex -215.8613198044333 -117.3496562876048 -46.18385845151084
    vertex -211.4672257056334 -131.4979820560544 -22.13353039052513
    vertex -223.5652235850575 -109.7361437426544 -21.83047319356085
  endloop
endfacet
facet normal 0.865815 0.14471 -0.478981
  outer loop
    vertex 223.1187556818754 34.53280573650811 -107.3569103082619
    vertex 213.6516594758596 24.6349969007634 -127.4601323195246
    vertex 211.6028079534405 48.83440226868409 -123.8525446701831
  endloop
endfacet
facet normal -0.172488 -0.878589 -0.445343
  outer loop
    vertex -56.66965092504064 -215.6198621639692 -113.1221715864089
    vertex -33.37037302130732 -216.143985218272 -121.1123274418513
    vertex -38.4605982421619 -226.0912838178494 -99.51639947491901
  endloop
endfacet
facet normal 0.541118 0.399625 -0.739927
  outer loop
    vertex 132.424744337344 88.37201337016859 -192.7539217242851
    vertex 126.1704105719475 110.7948637188637 -185.2175090795268
    vertex 146.427194534221 100.0805764875171 -176.1901101389168
  endloop
endfacet
facet normal 0.528266 -0.847075 -0.0583005
  outer loop
    vertex 132.2410025817408 -212.1610643736877 -2.598223683889321e-14
    vertex 120.916134220741 -217.7200727301727 -21.84624488281788
    vertex 142.3248558272691 -204.3699116716418 -21.83058902257135
  endloop
endfacet
facet normal -0.916912 -0.3949 -0.0576812
  outer loop
    vertex -229.7394529050576 -98.58896377832987 -1.20736658922386e-14
    vertex -233.6170115957322 -86.54779184810302 -20.79835616814361
    vertex -223.5652235850575 -109.7361437426544 -21.83047319356085
  endloop
endfacet
facet normal -0.108985 0.879132 -0.46395
  outer loop
    vertex -41.76087814064459 218.2680180599895 -114.5211829710396
    vertex -21.51916631975255 226.2569923961609 -104.1378839459802
    vertex -21.24065456817866 213.737984607131 -127.9254022061182
  endloop
endfacet
facet normal -0.0273149 -0.258688 -0.965575
  outer loop
    vertex -9.96113272468693 -77.92696893782741 -237.3355501120809
    vertex -17.38979377090628 -55.33087895947123 -243.1791292569691
    vertex 6.695714649652563 -60.44520146919154 -242.4902988259103
  endloop
endfacet
facet normal -0.463589 0.853832 -0.236764
  outer loop
    vertex -104.2775008508855 217.1393288497778 -66.90825571602976
    vertex -125.7877110111649 205.6518988106432 -66.21743179970551
    vertex -116.8927473118964 216.339928585048 -45.09014222303437
  endloop
endfacet
facet normal -0.381721 0.205131 -0.901227
  outer loop
    vertex -102.1220500234067 61.95895380713337 -219.6182481993296
    vertex -82.76612658119939 55.02832552342506 -229.3940968744245
    vertex -99.87303836759135 38.20878492146693 -225.9766911919252
  endloop
endfacet
facet normal 0.688437 -0.722928 -0.0585703
  outer loop
    vertex 172.2417297689218 -181.1981968072799 -2.219037917313075e-14
    vertex 162.4087899855978 -188.7697467146972 -22.12165592090757
    vertex 180.8192333177182 -171.2745747480433 -21.66621580409283
  endloop
endfacet
facet normal -0.323694 0.890064 -0.32095
  outer loop
    vertex -81.60599562661189 226.5691453372278 -67.1333289726314
    vertex -68.76899570220544 224.2983661564454 -86.37747489744748
    vertex -90.69399813967506 215.9785312854781 -87.33769361053896
  endloop
endfacet
facet normal 0.34509 0.814504 -0.466365
  outer loop
    vertex 97.81138909116137 196.4612250096687 -119.7326990915922
    vertex 75.53079738667357 202.6431079274365 -125.4227629086626
    vertex 84.59167158158084 210.6786296352566 -104.6841158631258
  endloop
endfacet
facet normal -0.3856 0.789851 -0.476915
  outer loop
    vertex -98.76337328348914 203.4651085170078 -106.5257983487024
    vertex -83.856540576542 199.1172328232554 -125.7792041449789
    vertex -105.9068874619639 188.6969409744119 -125.2086085499644
  endloop
endfacet
facet normal 0.707604 0.211529 -0.674204
  outer loop
    vertex 186.444520824108 51.95290819025121 -158.2382254237075
    vertex 173.5233400926417 40.96382786123138 -175.2472974115402
    vertex 170.050666938131 64.85165075452221 -171.3972988944409
  endloop
endfacet
facet normal 0.262292 -0.0557968 -0.963374
  outer loop
    vertex 63.0351018438741 -27.9096044261718 -240.3073655057352
    vertex 55.07378293715603 -4.86140525730341 -243.8098545422545
    vertex 78.30724202202316 -8.792051362522656 -237.2565608781832
  endloop
endfacet
facet normal 0.297062 -0.477398 -0.826949
  outer loop
    vertex 62.53737189530418 -127.4721160884529 -205.7667046350318
    vertex 73.80221697886536 -106.8327357810259 -213.6352015341713
    vertex 86.09572467312832 -123.2724504043331 -199.7283884787541
  endloop
endfacet
facet normal -0.303444 0.267808 -0.91444
  outer loop
    vertex -62.83432659762661 70.49294200699775 -231.4791405898615
    vertex -82.76612658119939 55.02832552342506 -229.3940968744245
    vertex -83.01976706102303 77.2263870347259 -222.8088943976344
  endloop
endfacet
facet normal -0.210333 -0.942226 -0.260709
  outer loop
    vertex -47.96762729701175 -239.7533832622198 -52.12889741606021
    vertex -66.43136604882966 -231.630403423615 -66.5900128750534
    vertex -43.36009702542609 -234.1148446962334 -76.22428404914105
  endloop
endfacet
facet normal -0.698373 0.599366 -0.391198
  outer loop
    vertex -180.3197513954121 150.8270618451034 -85.06459117558936
    vertex -164.383254605939 158.6824952469563 -101.4791175925309
    vertex -177.8857530575561 139.5460364430625 -106.6937794446219
  endloop
endfacet
facet normal -0.702019 -0.330522 -0.630813
  outer loop
    vertex -176.6737618661934 -94.38253595018199 -149.5938460487603
    vertex -183.2732610904396 -71.03174884474601 -154.4843112595337
    vertex -165.6990878032693 -82.29239150526465 -168.1421261953967
  endloop
endfacet
facet normal 0.969525 0.242853 -0.0323167
  outer loop
    vertex 245.1963201008076 48.77258050403204 0
    vertex 240.8670475252879 63.06186340446325 -22.50037333929163
    vertex 239.2350839330522 72.57116931361553 0
  endloop
endfacet
facet normal -0.968915 0.101541 -0.225595
  outer loop
    vertex -241.3810526150056 13.08565352650939 -63.74914203545061
    vertex -245.1438564991559 24.698671784139 -42.36112879540192
    vertex -239.0551802918331 37.96431289961295 -62.54064056035457
  endloop
endfacet
facet normal 0.131352 -0.815185 -0.56411
  outer loop
    vertex 46.30815861499111 -206.073966546884 -133.7500458217588
    vertex 19.21702084086177 -208.9986506740506 -135.8317714175445
    vertex 35.55025807811034 -194.4447845632396 -153.0601349363546
  endloop
endfacet
facet normal 0.289757 -0.741821 -0.604767
  outer loop
    vertex 59.99691018005743 -191.665438954015 -148.8782397780511
    vertex 73.21769497967284 -176.0661278970485 -161.6783465687466
    vertex 83.79937168483345 -187.1461035611548 -143.0174857389985
  endloop
endfacet
facet normal -0.824679 0.387278 -0.412214
  outer loop
    vertex -199.8347994324757 95.02900639895626 -116.3423434464397
    vertex -213.9721710466968 86.04480351805853 -96.49975028517865
    vertex -204.3926760436433 108.7096897325929 -94.37074407866896
  endloop
endfacet
facet normal 0.950837 0.0799951 -0.299182
  outer loop
    vertex 239.862228083358 30.74327213402445 -63.4110617903569
    vertex 239.8021269139474 4.936434664711016 -70.50228039112002
    vertex 232.5066415747153 19.79716424579846 -89.71473631166585
  endloop
endfacet
facet normal 0.993316 -0.100186 -0.057328
  outer loop
    vertex 246.2677197923497 -37.6766383359904 -20.80098824516973
    vertex 248.7569639668043 -12.61552540414986 -21.46675096038659
    vertex 248.7173308479738 -25.29208049685802 -3.097386542425438e-15
  endloop
endfacet
facet normal 0.841428 0.488947 -0.230064
  outer loop
    vertex 202.5153518699528 133.3506631097293 -60.86980290082028
    vertex 214.7999230405591 119.9460543862226 -44.42901190604238
    vertex 212.4842805000833 112.9434246308889 -67.78062682661343
  endloop
endfacet
facet normal 0.247681 -0.962436 -0.111227
  outer loop
    vertex 74.51524604191857 -237.6380868413771 -21.8086631796277
    vertex 50.06303735380769 -244.0622860242727 -20.67106266057421
    vertex 61.05739060265329 -238.7765669552208 -41.92548301300751
  endloop
endfacet
facet normal -0.456749 -0.861165 -0.223105
  outer loop
    vertex -110.6939474134193 -220.2577204863474 -41.63395936243943
    vertex -127.1550285704836 -207.2961836960507 -57.96456619601898
    vertex -106.4694848108687 -215.3847924099568 -69.0915335090199
  endloop
endfacet
facet normal -0.0565904 0.0978601 -0.99359
  outer loop
    vertex 0 24.50428506004549 -248.7961812346479
    vertex -21.238378131919 12.22257262882975 -248.7961816681651
    vertex -21.23837813222288 36.55000790826861 -246.4001384257286
  endloop
endfacet
facet normal -0.716108 -0.626751 -0.307202
  outer loop
    vertex -172.00572590583 -157.2583679908459 -90.46455633265543
    vertex -177.0138856454016 -164.6140386285222 -63.78324682174861
    vertex -188.6145057400028 -144.6855270932435 -77.39939582583803
  endloop
endfacet
facet normal 0.176435 -0.241347 -0.954266
  outer loop
    vertex 47.07791302817582 -46.67077027329545 -241.0508438213996
    vertex 54.23107553053971 -69.20732070825615 -234.0284965707926
    vertex 30.73923224023924 -65.05599925192907 -239.4218381071653
  endloop
endfacet
facet normal -0.98806 -0.151365 -0.0287282
  outer loop
    vertex -248.7173308479738 -25.29208049685819 -3.097386542425458e-15
    vertex -246.1576310618195 -37.87941151716916 -21.71568219389123
    vertex -244.8824853131236 -50.32463002216506 -6.162989707491924e-15
  endloop
endfacet
facet normal -0.513851 0.857308 -0.0313142
  outer loop
    vertex -117.8491842064993 220.4803160870888 0
    vertex -128.4653843415913 213.3010127726045 -22.34553593334578
    vertex -138.8925582549005 207.8674030756364 0
  endloop
endfacet
facet normal -0.587352 -0.177526 -0.789621
  outer loop
    vertex -143.3571727679238 -31.71093303096437 -202.3441072586334
    vertex -138.9750964694006 -55.66451203446633 -200.2183424696288
    vertex -157.7732856500504 -45.02623510837181 -188.6272209601606
  endloop
endfacet
facet normal -0.842767 -0.516921 -0.150117
  outer loop
    vertex -215.8613198044333 -117.3496562876048 -46.18385845151084
    vertex -201.9505549706043 -141.0294892007677 -42.73940246231198
    vertex -211.4672257056334 -131.4979820560544 -22.13353039052513
  endloop
endfacet
facet normal -0.0642969 -0.414874 -0.907604
  outer loop
    vertex -2.504725854900625 -100.0011189840653 -229.1146057114793
    vertex -18.84137240653441 -116.1708382587348 -220.5659516428163
    vertex -26.60226996219487 -94.59947664772612 -229.8766152761843
  endloop
endfacet
facet normal -0.838772 0.436355 -0.325661
  outer loop
    vertex -206.68011173959 120.066892623666 -73.26167283790102
    vertex -204.3926760436433 108.7096897325929 -94.37074407866896
    vertex -216.7930485272373 97.87695993242409 -76.94722103268957
  endloop
endfacet
facet normal -0.151762 -0.731933 -0.664261
  outer loop
    vertex -25.35318818589045 -179.4653245016403 -172.1900495102193
    vertex -38.83874553862362 -192.2428417857251 -155.0298088340907
    vertex -49.96534380319305 -176.1596669649476 -170.2093891459207
  endloop
endfacet
facet normal 0.46925 0.807844 -0.35664
  outer loop
    vertex 116.8757306418183 207.292085816643 -76.61628250396025
    vertex 128.5029342209098 194.3213786977666 -90.69838850616746
    vertex 107.1316851446584 203.4646643804826 -98.10673976136066
  endloop
endfacet
facet normal -0.920458 0.153789 -0.359314
  outer loop
    vertex -230.5730278252327 50.63958950137086 -82.29040536196858
    vertex -224.5194034157793 38.4058528069415 -103.0341106624116
    vertex -234.054242702792 25.98453306564493 -83.92505891676764
  endloop
endfacet
facet normal -0.988357 -0.0500947 -0.143669
  outer loop
    vertex -246.2985701246903 0.1042520442135205 -42.86027865103432
    vertex -245.0106323713284 -24.93064275363439 -42.99131397029414
    vertex -248.7471343859604 -12.61502690422901 -21.58064482304717
  endloop
endfacet
facet normal 0.630333 0.774029 -0.0596612
  outer loop
    vertex 158.5983210409114 193.2526133406842 0
    vertex 167.7245793482794 184.2186468968518 -20.78354199687213
    vertex 147.6102209142405 200.3750876140585 -23.68642956014057
  endloop
endfacet
facet normal 0.668214 0.212072 -0.713103
  outer loop
    vertex 173.5233400926417 40.96382786123138 -175.2472974115402
    vertex 156.4917176522465 53.53140587717893 -187.4692798595607
    vertex 170.050666938131 64.85165075452221 -171.3972988944409
  endloop
endfacet
facet normal 0.754717 -0.380989 -0.534088
  outer loop
    vertex 187.5368692627105 -83.28756591142103 -142.8044258126888
    vertex 197.0477300201667 -95.21789263602217 -120.854230442523
    vertex 179.264243217605 -106.2313528298241 -138.1275887705449
  endloop
endfacet
facet normal 0.20635 -0.542006 -0.814646
  outer loop
    vertex 39.04636633489402 -132.4738584507972 -208.3891986241115
    vertex 62.53737189530418 -127.4721160884529 -205.7667046350318
    vertex 50.37059561149354 -146.8243076149045 -195.9730231209063
  endloop
endfacet
facet normal -0.828447 0.557104 -0.057539
  outer loop
    vertex -207.8674030756362 138.8925582549006 0
    vertex -199.3055433674755 149.4620667221196 -20.93778866423159
    vertex -212.359013322149 129.7510996083901 -23.83907739944975
  endloop
endfacet
facet normal -0.277763 -0.459879 -0.843421
  outer loop
    vertex -59.61531867432315 -124.7379561119121 -208.2941575858084
    vertex -81.49427699111716 -118.5178876487292 -204.4803000902
    vertex -66.55287414976669 -103.0696617161334 -217.8241487441811
  endloop
endfacet
facet normal 0.905076 0.313852 -0.286939
  outer loop
    vertex 230.5247475758921 76.96553954181077 -58.60585702904796
    vertex 226.5536684497187 68.03735778966042 -80.89717706432461
    vertex 220.5870320609796 90.72806571837884 -74.89846044832893
  endloop
endfacet
facet normal -0.993413 -0.000464818 -0.114586
  outer loop
    vertex -248.7845269239827 12.25247344743043 -21.35734200761273
    vertex -246.2985701246903 0.1042520442135205 -42.86027865103432
    vertex -248.7471343859604 -12.61502690422901 -21.58064482304717
  endloop
endfacet
facet normal -0.979215 0.194966 -0.0559179
  outer loop
    vertex -241.6338395388711 60.88736637238996 -20.1448803902497
    vertex -246.4074602302822 36.69528466710563 -20.90023028729571
    vertex -245.1963201008076 48.77258050403215 0
  endloop
endfacet
facet normal 0.771413 0.633893 -0.0556894
  outer loop
    vertex 193.2526133406843 158.5983210409113 0
    vertex 199.9050881569687 148.6697352620263 -20.8630186232381
    vertex 184.6662200498945 167.1978596997791 -21.05380925858542
  endloop
endfacet
facet normal 0.768239 0.630727 -0.109508
  outer loop
    vertex 199.9050881569687 148.6697352620263 -20.8630186232381
    vertex 189.8639984256371 157.4376159887043 -40.80513660831154
    vertex 184.6662200498945 167.1978596997791 -21.05380925858542
  endloop
endfacet
facet normal 0.195832 -0.382471 -0.902976
  outer loop
    vertex 38.57040655872306 -87.75585910173413 -230.8922539437202
    vertex 60.66070216097199 -87.92490466737759 -226.0298439422777
    vertex 44.83330973752537 -108.1033436061357 -220.9154622002563
  endloop
endfacet
facet normal -0.988804 0.146675 -0.0274571
  outer loop
    vertex -245.1963201008076 48.77258050403215 0
    vertex -246.4074602302822 36.69528466710563 -20.90023028729571
    vertex -248.7961816680492 24.50428508239021 0
  endloop
endfacet
facet normal 0.343009 -0.443819 -0.827871
  outer loop
    vertex 73.80221697886536 -106.8327357810259 -213.6352015341713
    vertex 97.10954760753484 -102.29750905336 -206.4096785641063
    vertex 86.09572467312832 -123.2724504043331 -199.7283884787541
  endloop
endfacet
facet normal -0.555043 0.829852 -0.0572121
  outer loop
    vertex -138.8925582549005 207.8674030756364 0
    vertex -128.4653843415913 213.3010127726045 -22.34553593334578
    vertex -148.6301094035213 199.8815201577573 -21.36512293719221
  endloop
endfacet
facet normal 0.988779 0.146671 -0.0283634
  outer loop
    vertex 248.7961816680492 24.50428508239013 0
    vertex 246.400138471072 36.55000786969202 -21.23837767255313
    vertex 245.1963201008076 48.77258050403204 0
  endloop
endfacet
facet normal -0.784681 0.478156 -0.394516
  outer loop
    vertex -189.468788636648 119.3144220737712 -111.2009299320971
    vertex -204.3926760436433 108.7096897325929 -94.37074407866896
    vertex -193.4179476543416 130.4340919098011 -89.86904468640978
  endloop
endfacet
facet normal 0.681178 -0.463897 -0.566389
  outer loop
    vertex 179.264243217605 -106.2313528298241 -138.1275887705449
    vertex 169.7804137244076 -126.5364190927306 -132.9027680628128
    vertex 161.214376204699 -115.9897359112166 -151.8430310161648
  endloop
endfacet
facet normal 0.998164 0.00444043 -0.0604084
  outer loop
    vertex 250 1.530808498934192e-14 0
    vertex 248.7569639668043 -12.61552540414986 -21.46675096038659
    vertex 248.4868936634786 13.30892981344504 -24.02365635568129
  endloop
endfacet
facet normal -0.886721 0.105228 -0.450169
  outer loop
    vertex -226.6769249128533 13.83016940658871 -104.5289343973128
    vertex -224.5194034157793 38.4058528069415 -103.0341106624116
    vertex -214.0163883378451 29.19617208495551 -125.8752122477272
  endloop
endfacet
facet normal -0.815464 -0.567442 -0.114139
  outer loop
    vertex -201.9505549706043 -141.0294892007677 -42.73940246231198
    vertex -197.1000077235855 -152.2992713603421 -21.36630287324881
    vertex -211.4672257056334 -131.4979820560544 -22.13353039052513
  endloop
endfacet
facet normal -0.998385 0.0490475 -0.0286813
  outer loop
    vertex -248.7961816680492 24.50428508239021 0
    vertex -248.7845269239827 12.25247344743043 -21.35734200761273
    vertex -250 1.530808498934192e-14 0
  endloop
endfacet
facet normal 0.713301 -0.577496 -0.397115
  outer loop
    vertex 177.0582078397535 -153.2950988294976 -87.47001607081826
    vertex 168.7091162706737 -148.147544889998 -109.9524398557593
    vertex 186.8438682451425 -132.2645924173371 -100.4760991075365
  endloop
endfacet
facet normal 0.600795 -0.35996 -0.713774
  outer loop
    vertex 139.9153284970977 -85.93876748419844 -188.5158590008971
    vertex 160.4220949128641 -79.89255743627795 -174.3041328542128
    vertex 151.2534915357761 -102.6450052719855 -170.5473077798385
  endloop
endfacet
facet normal 0.609417 0.165571 -0.775369
  outer loop
    vertex 140.9087512019642 40.82334987150004 -202.4306744047751
    vertex 156.4917176522465 53.53140587717893 -187.4692798595607
    vertex 159.1909964265278 29.25268178712107 -190.532168583131
  endloop
endfacet
facet normal 0.829099 -0.517905 -0.210639
  outer loop
    vertex 212.7508372203733 -124.9128645082414 -40.42100372796246
    vertex 199.2715211792245 -141.1220973756398 -53.62289137316565
    vertex 208.664463345465 -121.6965768299486 -64.4133908797039
  endloop
endfacet
facet normal 0.251172 -0.966227 -0.0576061
  outer loop
    vertex 62.66313306468042 -242.019279716551 -2.963881362368221e-14
    vertex 50.06303735380769 -244.0622860242727 -20.67106266057421
    vertex 74.51524604191857 -237.6380868413771 -21.8086631796277
  endloop
endfacet
facet normal 0.153398 -0.574551 -0.803966
  outer loop
    vertex 26.44755968021853 -149.380797264205 -198.7106036316929
    vertex 39.04636633489402 -132.4738584507972 -208.3891986241115
    vertex 50.37059561149354 -146.8243076149045 -195.9730231209063
  endloop
endfacet
facet normal -0.0244538 -0.447824 -0.893787
  outer loop
    vertex -2.504725854900625 -100.0011189840653 -229.1146057114793
    vertex 5.516879535059545 -118.4108669603421 -220.110042083263
    vertex -18.84137240653441 -116.1708382587348 -220.5659516428163
  endloop
endfacet
facet normal 0.88248 -0.00636358 -0.470307
  outer loop
    vertex 224.1060500748556 10.10524941246897 -110.3374925134613
    vertex 222.4292037235946 -14.94920528732115 -113.1449097050557
    vertex 213.6447592931501 0.006904514782076261 -129.8303384379
  endloop
endfacet
facet normal -0.978024 -0.200427 -0.0574348
  outer loop
    vertex -244.8824853131236 -50.32463002216506 -6.162989707491924e-15
    vertex -246.1576310618195 -37.87941151716916 -21.71568219389123
    vertex -241.1672746551311 -62.47849824886666 -20.85144819869662
  endloop
endfacet
facet normal 0.38906 -0.90987 -0.144115
  outer loop
    vertex 85.47833668718941 -230.9343135319111 -43.16012964225757
    vertex 108.5795290522975 -221.2474182285946 -41.95313811817446
    vertex 98.20918647463202 -228.8544671355198 -21.92233026181891
  endloop
endfacet
facet normal 0.556475 -0.682729 -0.473515
  outer loop
    vertex 138.4651227527663 -178.6736121691106 -106.7855331751618
    vertex 128.8696505113188 -171.7861633495857 -127.99268439532
    vertex 149.4640309335653 -161.1387207632837 -119.1419998483436
  endloop
endfacet
facet normal -0.0556222 0.925783 -0.373941
  outer loop
    vertex 0 230.9698833099736 -95.67085819312797
    vertex -21.51916631975255 226.2569923961609 -104.1378839459802
    vertex -20.91521680473468 235.2808890096055 -81.8868547012319
  endloop
endfacet
facet normal -0.0595109 0.883074 -0.465445
  outer loop
    vertex -21.24065456817866 213.737984607131 -127.9254022061182
    vertex -21.51916631975255 226.2569923961609 -104.1378839459802
    vertex 0 220.4803161206654 -117.8491842314701
  endloop
endfacet
facet normal -0.145016 -0.606752 -0.781551
  outer loop
    vertex -48.30706743370657 -144.8621403855643 -197.9428895385444
    vertex -23.61887885115074 -147.7960288701945 -200.2460546727832
    vertex -36.82040738275678 -162.5017685560803 -186.379807962971
  endloop
endfacet
facet normal -0.58031 0.689411 -0.433535
  outer loop
    vertex -149.5021750651937 175.6384951225105 -96.4376414159743
    vertex -134.9864613253609 180.7675110010078 -107.7114767578523
    vertex -146.6815614883968 164.1242912520722 -118.5231476983743
  endloop
endfacet
facet normal 0.1162 -0.0539037 -0.991762
  outer loop
    vertex 15.51346954878179 -19.18974833516721 -248.7791908930326
    vertex 37.62430591722797 -1.54119099460799 -247.147802609218
    vertex 39.36465785982187 -23.73936859371818 -245.7373925359158
  endloop
endfacet
facet normal -0.437851 -0.771428 -0.46172
  outer loop
    vertex -118.4549447346575 -193.5050832773006 -104.9962323788535
    vertex -114.2051882664998 -184.0122854899845 -124.8865635757737
    vertex -97.39526052724243 -199.5108116215987 -114.9330208117821
  endloop
endfacet
facet normal 0.438068 0.209956 -0.874079
  outer loop
    vertex 121.3053048017743 52.08786105637132 -212.3013842571941
    vertex 104.9964665019531 40.84109934392578 -223.1764921009465
    vertex 101.4157209456717 63.01971569547356 -219.6437273830767
  endloop
endfacet
facet normal 0.0901504 -0.801296 -0.591438
  outer loop
    vertex 19.21702084086177 -208.9986506740506 -135.8317714175445
    vertex 11.0076089636381 -194.9216750444247 -156.1549651557047
    vertex 35.55025807811034 -194.4447845632396 -153.0601349363546
  endloop
endfacet
facet normal 0.474483 0.782741 -0.402718
  outer loop
    vertex 107.1316851446584 203.4646643804826 -98.10673976136066
    vertex 128.5029342209098 194.3213786977666 -90.69838850616746
    vertex 119.8648100060428 188.2764240189735 -112.6251103477504
  endloop
endfacet
facet normal 0.154221 -0.615622 -0.772803
  outer loop
    vertex 37.59664556584462 -164.7124875396226 -184.2723220961464
    vertex 26.44755968021853 -149.380797264205 -198.7106036316929
    vertex 50.37059561149354 -146.8243076149045 -195.9730231209063
  endloop
endfacet
facet normal -0.0166356 -0.88577 -0.463826
  outer loop
    vertex -7.741611257899788 -214.8206429135197 -127.6407412754784
    vertex 9.467547472201012 -222.5716529896238 -113.4558276613772
    vertex -14.72590210792459 -225.1253747025593 -107.7112504436751
  endloop
endfacet
facet normal -0.177149 -0.249713 -0.951978
  outer loop
    vertex -57.63398871566465 -65.45868825867726 -234.2935839415496
    vertex -40.85981963879497 -49.17543765417756 -241.686266615638
    vertex -33.96947648321949 -72.09678767615496 -236.9559618879327
  endloop
endfacet
facet normal 0.437797 -0.892056 -0.112118
  outer loop
    vertex 98.20918647463202 -228.8544671355198 -21.92233026181891
    vertex 108.5795290522975 -221.2474182285946 -41.95313811817446
    vertex 120.916134220741 -217.7200727301727 -21.84624488281788
  endloop
endfacet
facet normal 0.013055 -0.521186 -0.853343
  outer loop
    vertex 5.516879535059545 -118.4108669603421 -220.110042083263
    vertex 15.59532595932851 -135.4008910732791 -209.5790650441602
    vertex -10.24090806825092 -132.8618702498539 -211.5250510829595
  endloop
endfacet
facet normal 0.638787 0.261958 -0.723415
  outer loop
    vertex 170.050666938131 64.85165075452221 -171.3972988944409
    vertex 156.4917176522465 53.53140587717893 -187.4692798595607
    vertex 151.9843649362282 77.0306540910761 -182.9399659594163
  endloop
endfacet
facet normal -0.0768818 -0.874407 -0.479064
  outer loop
    vertex -33.37037302130732 -216.143985218272 -121.1123274418513
    vertex -7.741611257899788 -214.8206429135197 -127.6407412754784
    vertex -14.72590210792459 -225.1253747025593 -107.7112504436751
  endloop
endfacet
facet normal -0.767973 -0.285633 -0.573263
  outer loop
    vertex -183.2732610904396 -71.03174884474601 -154.4843112595337
    vertex -193.0413684178522 -83.10730536370413 -135.3817043567819
    vertex -198.697576180127 -59.49484041078264 -139.5694708187938
  endloop
endfacet
facet normal -0.336674 -0.566409 -0.752217
  outer loop
    vertex -94.98860309189023 -132.3970955469514 -189.6000379044866
    vertex -71.92026541776653 -139.01206091946 -194.9438953677759
    vertex -85.01551574478508 -152.5395207497845 -178.8967766396987
  endloop
endfacet
facet normal -0.425667 -0.803239 -0.416671
  outer loop
    vertex -118.4549447346575 -193.5050832773006 -104.9962323788535
    vertex -97.39526052724243 -199.5108116215987 -114.9330208117821
    vertex -102.0690424307824 -208.3693424319266 -93.0812962509099
  endloop
endfacet
facet normal -0.759251 -0.648332 -0.056608
  outer loop
    vertex -189.6895306731976 -162.8431206805556 -1.994253065046086e-14
    vertex -197.1000077235855 -152.2992713603421 -21.36630287324881
    vertex -181.1860281131961 -170.9634402759272 -21.05054169335314
  endloop
endfacet
facet normal -0.0818481 -0.274669 -0.958049
  outer loop
    vertex -33.96947648321949 -72.09678767615496 -236.9559618879327
    vertex -17.38979377090628 -55.33087895947123 -243.1791292569691
    vertex -9.96113272468693 -77.92696893782741 -237.3355501120809
  endloop
endfacet
facet normal -0.520887 -0.266881 -0.810833
  outer loop
    vertex -132.9416800288849 -79.24959892168724 -196.3313800232894
    vertex -138.9750964694006 -55.66451203446633 -200.2183424696288
    vertex -118.2924353044568 -64.98609982137403 -210.436942050932
  endloop
endfacet
facet normal 0.7434 0.391466 -0.54232
  outer loop
    vertex 193.0229796865189 85.89035856691764 -133.6599252513035
    vertex 176.9809857002036 98.55439752388132 -146.5085711802866
    vertex 186.3687068904333 108.5598631328828 -126.417804159689
  endloop
endfacet
facet normal -0.114871 -0.891703 -0.437802
  outer loop
    vertex -38.4605982421619 -226.0912838178494 -99.51639947491901
    vertex -33.37037302130732 -216.143985218272 -121.1123274418513
    vertex -14.72590210792459 -225.1253747025593 -107.7112504436751
  endloop
endfacet
facet normal 0.470955 0.156541 -0.868157
  outer loop
    vertex 123.8380379107977 26.34554666825451 -215.5691363278952
    vertex 104.9964665019531 40.84109934392578 -223.1764921009465
    vertex 121.3053048017743 52.08786105637132 -212.3013842571941
  endloop
endfacet
facet normal 0.341485 -0.399612 -0.850704
  outer loop
    vertex 73.80221697886536 -106.8327357810259 -213.6352015341713
    vertex 85.55886974013791 -87.47988692758791 -218.0067640967283
    vertex 97.10954760753484 -102.29750905336 -206.4096785641063
  endloop
endfacet
facet normal -0.0279399 0.969653 -0.242885
  outer loop
    vertex 0 239.2350840481018 -72.57116940150475
    vertex -21.00272226278721 242.005572866592 -59.0947405364036
    vertex 0 245.1963198262603 -48.77258050384027
  endloop
endfacet
facet normal 0.998159 0.0490364 -0.0357022
  outer loop
    vertex 250 1.530808498934192e-14 0
    vertex 248.4868936634786 13.30892981344504 -24.02365635568129
    vertex 248.7961816680492 24.50428508239013 0
  endloop
endfacet
facet normal 0.201231 -0.979202 -0.0258823
  outer loop
    vertex 37.85694437614447 -247.1170810820278 -3.026311423617423e-14
    vertex 50.06303735380769 -244.0622860242727 -20.67106266057421
    vertex 62.66313306468042 -242.019279716551 -2.963881362368221e-14
  endloop
endfacet
facet normal -0.928881 -0.0433409 -0.367834
  outer loop
    vertex -226.6347450025789 -11.20769889503037 -104.9336926020159
    vertex -233.9262042153612 -23.08396426560708 -85.12145190947638
    vertex -235.1775702400666 0.9823618259338045 -84.79708380139918
  endloop
endfacet
facet normal 0.467117 0.877389 -0.109503
  outer loop
    vertex 106.6545986807095 225.1188295492614 -21.12603045125609
    vertex 126.9861173786002 214.3592645285151 -20.60659369965025
    vertex 115.5903285715457 217.947027116261 -40.47183356244069
  endloop
endfacet
facet normal 0.0507959 -0.997121 -0.0563019
  outer loop
    vertex 12.66229220967848 -249.6791267927632 -3.057687434406636e-14
    vertex 0.4572399449701959 -249.1133315583771 -21.03185611207008
    vertex 25.20921235749044 -247.8888022262278 -20.3871857587323
  endloop
endfacet
facet normal -0.0417177 -0.92361 -0.381057
  outer loop
    vertex -14.72590210792459 -225.1253747025593 -107.7112504436751
    vertex 3.678140074394992 -232.1233766229336 -92.76426742426662
    vertex -19.76472693380728 -234.3194866599495 -84.87481216856865
  endloop
endfacet
facet normal 0.766303 0.298979 -0.568675
  outer loop
    vertex 182.617495821767 75.76510300656739 -153.0048998764129
    vertex 193.0229796865189 85.89035856691764 -133.6599252513035
    vertex 198.0153182497692 62.56185342347663 -139.1975151885336
  endloop
endfacet
facet normal -0.988617 0.0493007 -0.142147
  outer loop
    vertex -248.7845269239827 12.25247344743043 -21.35734200761273
    vertex -245.1438564991559 24.698671784139 -42.36112879540192
    vertex -246.2985701246903 0.1042520442135205 -42.86027865103432
  endloop
endfacet
facet normal 0.51851 0.749824 -0.410988
  outer loop
    vertex 119.8648100060428 188.2764240189735 -112.6251103477504
    vertex 128.5029342209098 194.3213786977666 -90.69838850616746
    vertex 139.9845113894407 178.475467099126 -105.1229956517999
  endloop
endfacet
facet normal -0.346483 0.164771 -0.923472
  outer loop
    vertex -99.87303836759135 38.20878492146693 -225.9766911919252
    vertex -82.76612658119939 55.02832552342506 -229.3940968744245
    vertex -78.53147855358128 30.13604330636562 -235.4243525424362
  endloop
endfacet
facet normal -0.246635 -0.944778 -0.215793
  outer loop
    vertex -47.96762729701175 -239.7533832622198 -52.12889741606021
    vertex -70.26384904208267 -236.1152309683913 -42.57451376744817
    vertex -66.43136604882966 -231.630403423615 -66.5900128750534
  endloop
endfacet
facet normal -0.75015 -0.043239 -0.659852
  outer loop
    vertex -191.1987718770862 -22.35576888753975 -159.5094016982725
    vertex -192.303241667081 0.4394076594368031 -159.7475200597526
    vertex -178.4971689420363 -10.9847434471092 -174.6942932413058
  endloop
endfacet
facet normal -0.646458 0.45031 -0.615884
  outer loop
    vertex -157.0110493448933 104.3473366634859 -164.1924593726905
    vertex -171.9050110596124 108.3791215434915 -145.6112399028853
    vertex -155.1230535694992 124.597830057398 -151.3678268201735
  endloop
endfacet
facet normal 0.495706 0.397756 -0.772053
  outer loop
    vertex 112.0143385371058 99.19925328193142 -200.2805435143461
    vertex 126.1704105719475 110.7948637188637 -185.2175090795268
    vertex 132.424744337344 88.37201337016859 -192.7539217242851
  endloop
endfacet
facet normal -0.915306 0.104022 -0.389093
  outer loop
    vertex -234.054242702792 25.98453306564493 -83.92505891676764
    vertex -224.5194034157793 38.4058528069415 -103.0341106624116
    vertex -226.6769249128533 13.83016940658871 -104.5289343973128
  endloop
endfacet
facet normal -0.457631 0.839256 -0.293638
  outer loop
    vertex -112.9054495839256 205.496586802727 -86.73818228831486
    vertex -125.7877110111649 205.6518988106432 -66.21743179970551
    vertex -104.2775008508855 217.1393288497778 -66.90825571602976
  endloop
endfacet
facet normal 0.673402 -0.275978 -0.685832
  outer loop
    vertex 177.626272661418 -70.13268225939018 -161.3391277387944
    vertex 160.4220949128641 -79.89255743627795 -174.3041328542128
    vertex 167.2516283157562 -56.44696882130622 -177.0328572232133
  endloop
endfacet
facet normal 0.97384 0.197929 -0.111624
  outer loop
    vertex 246.400138471072 36.55000786969202 -21.23837767255313
    vertex 241.6160018025207 48.06041050631038 -42.56647289744874
    vertex 240.8670475252879 63.06186340446325 -22.50037333929163
  endloop
endfacet
facet normal -0.538579 -0.840435 -0.0600098
  outer loop
    vertex -132.2410025817404 -212.1610643736879 -2.598223683889324e-14
    vertex -144.7061275454124 -202.4807604705758 -23.69975295373663
    vertex -122.153141469974 -217.1687579710708 -20.40442575322811
  endloop
endfacet
facet normal -0.244373 -0.782746 -0.572355
  outer loop
    vertex -52.76176370193927 -203.2472810703276 -135.6714377773745
    vertex -74.00966870056082 -193.5019626547614 -139.9269787696016
    vertex -62.51066090352024 -187.197498873871 -153.4585080364467
  endloop
endfacet
facet normal -0.37427 0.763145 -0.526813
  outer loop
    vertex -105.9068874619639 188.6969409744119 -125.2086085499644
    vertex -83.856540576542 199.1172328232554 -125.7792041449789
    vertex -90.18622720598475 183.7982580127241 -143.4734985070016
  endloop
endfacet
facet normal 0.479613 0.572388 -0.665089
  outer loop
    vertex 130.8974871714529 143.0029417221859 -157.8480488032729
    vertex 119.0829551973659 132.6243247373193 -175.2998524512562
    vertex 110.0978007084957 152.7156384195032 -164.4883219601803
  endloop
endfacet
facet normal 0.397328 0.721114 -0.567561
  outer loop
    vertex 110.0135743937019 180.338369943365 -133.6977403522268
    vertex 100.2818700968184 171.3548445784321 -151.9245331386153
    vertex 88.55153885138169 187.8644711797674 -139.1602149876127
  endloop
endfacet
facet normal -0.314632 0.872331 -0.374226
  outer loop
    vertex -90.69399813967506 215.9785312854781 -87.33769361053896
    vertex -68.76899570220544 224.2983661564454 -86.37747489744748
    vertex -77.14567190763161 212.8075150721612 -106.1202470536699
  endloop
endfacet
facet normal 0.348661 0.784248 -0.513217
  outer loop
    vertex 88.55153885138169 187.8644711797674 -139.1602149876127
    vertex 75.53079738667357 202.6431079274365 -125.4227629086626
    vertex 97.81138909116137 196.4612250096687 -119.7326990915922
  endloop
endfacet
facet normal 0.884181 0.321978 -0.338459
  outer loop
    vertex 220.5870320609796 90.72806571837884 -74.89846044832893
    vertex 226.5536684497187 68.03735778966042 -80.89717706432461
    vertex 215.1302122082506 82.13334316585745 -97.32988100081364
  endloop
endfacet
facet normal 0.271571 0.000640198 -0.962418
  outer loop
    vertex 78.30724202202316 -8.792051362522656 -237.2565608781832
    vertex 55.07378293715603 -4.86140525730341 -243.8098545422545
    vertex 69.62799840111241 14.1588172588026 -239.6903622019178
  endloop
endfacet
facet normal 0.882667 0.0919156 -0.460924
  outer loop
    vertex 223.1187556818754 34.53280573650811 -107.3569103082619
    vertex 224.1060500748556 10.10524941246897 -110.3374925134613
    vertex 213.6516594758596 24.6349969007634 -127.4601323195246
  endloop
endfacet
facet normal 0.76974 0.511043 -0.382538
  outer loop
    vertex 198.9038406421637 126.4332117281945 -83.37808554944324
    vertex 193.6576637297714 117.8776772906568 -105.3639524471559
    vertex 183.8293334187016 138.5376218101654 -97.54026613670591
  endloop
endfacet
facet normal 0.71615 0.114029 -0.688569
  outer loop
    vertex 174.5842219864973 16.71041638770727 -178.1603531022513
    vertex 173.5233400926417 40.96382786123138 -175.2472974115402
    vertex 188.4896178434558 27.62308252767518 -161.8907942932434
  endloop
endfacet
facet normal 0.71035 -0.0816151 -0.6991
  outer loop
    vertex 186.8518363178275 -21.65103249435491 -164.6742968911183
    vertex 172.2048517995366 -32.57489267536395 -178.2817023249671
    vertex 174.0985777145267 -7.862810879342263 -179.2424655120951
  endloop
endfacet
facet normal 0.376373 0.295974 -0.87792
  outer loop
    vertex 95.68648380362775 86.03944497631275 -214.3392421500695
    vertex 101.4157209456717 63.01971569547356 -219.6437273830767
    vertex 81.90068689668323 73.45391179377681 -224.4923168574896
  endloop
endfacet
facet normal 0.33844 -0.712325 -0.614859
  outer loop
    vertex 73.21769497967284 -176.0661278970485 -161.6783465687466
    vertex 95.8536344973581 -170.0399568563706 -156.200172298018
    vertex 83.79937168483345 -187.1461035611548 -143.0174857389985
  endloop
endfacet
facet normal -0.367104 -0.434954 -0.822223
  outer loop
    vertex -89.36076457464372 -96.59248650016424 -212.5665667652152
    vertex -81.49427699111716 -118.5178876487292 -204.4803000902
    vertex -103.9175248345096 -110.9523567809624 -198.4709614956785
  endloop
endfacet
facet normal -0.143929 -0.983152 -0.112677
  outer loop
    vertex -49.94705635713171 -243.6273691412477 -25.51463436092546
    vertex -30.70106765381684 -244.6138985716172 -41.4907829585117
    vertex -23.10850125897812 -247.9432044543455 -22.13965976419716
  endloop
endfacet
facet normal 0.904615 0.228135 -0.360037
  outer loop
    vertex 220.1725206944659 58.62925651963808 -102.8915516988614
    vertex 226.5536684497187 68.03735778966042 -80.89717706432461
    vertex 230.6155880147961 44.1069021169495 -85.85471303449592
  endloop
endfacet
facet normal 0.056219 0.922666 -0.38148
  outer loop
    vertex 21.23837811379635 234.5350760475434 -83.91799210222126
    vertex 20.66586332161062 225.2238519724688 -106.5229486817557
    vertex 0 230.9698833099736 -95.67085819312797
  endloop
endfacet
facet normal 0.0557586 0.880612 -0.470546
  outer loop
    vertex 0 220.4803161206654 -117.8491842314701
    vertex 20.66586332161062 225.2238519724688 -106.5229486817557
    vertex 21.66747764825148 213.9718554382429 -127.4620158819019
  endloop
endfacet
facet normal -0.0297409 0.903589 -0.427366
  outer loop
    vertex 0 220.4803161206654 -117.8491842314701
    vertex -21.51916631975255 226.2569923961609 -104.1378839459802
    vertex 0 230.9698833099736 -95.67085819312797
  endloop
endfacet
facet normal -0.820569 -0.190854 -0.538741
  outer loop
    vertex -203.0231729477951 -35.3526003771418 -141.5336881904227
    vertex -198.697576180127 -59.49484041078264 -139.5694708187938
    vertex -212.6941017762711 -47.33031891095116 -122.5604339963468
  endloop
endfacet
facet normal -0.83442 0.264435 -0.483547
  outer loop
    vertex -213.4605845432129 54.99476393018931 -117.941319251281
    vertex -210.7605430490863 74.52090712659434 -111.9224190887766
    vertex -201.5509100633584 72.64947186754883 -128.8382120723438
  endloop
endfacet
facet normal -0.9149 -0.0934352 -0.392718
  outer loop
    vertex -226.6347450025789 -11.20769889503037 -104.9336926020159
    vertex -224.3217048957978 -35.03523450027175 -104.6532610870467
    vertex -233.9262042153612 -23.08396426560708 -85.12145190947638
  endloop
endfacet
facet normal 0.977694 0.201174 -0.0603577
  outer loop
    vertex 245.1963201008076 48.77258050403204 0
    vertex 246.400138471072 36.55000786969202 -21.23837767255313
    vertex 240.8670475252879 63.06186340446325 -22.50037333929163
  endloop
endfacet
facet normal -0.876415 0.345457 -0.335494
  outer loop
    vertex -216.7930485272373 97.87695993242409 -76.94722103268957
    vertex -213.9721710466968 86.04480351805853 -96.49975028517865
    vertex -224.828490878191 74.65949831506384 -79.86306405828779
  endloop
endfacet
facet normal -0.978658 0.0499935 -0.199321
  outer loop
    vertex -246.2985701246903 0.1042520442135205 -42.86027865103432
    vertex -245.1438564991559 24.698671784139 -42.36112879540192
    vertex -241.3810526150056 13.08565352650939 -63.74914203545061
  endloop
endfacet
facet normal -0.491481 -0.740479 -0.458408
  outer loop
    vertex -118.4549447346575 -193.5050832773006 -104.9962323788535
    vertex -133.4171686528825 -176.8075940865577 -115.9264153761831
    vertex -114.2051882664998 -184.0122854899845 -124.8865635757737
  endloop
endfacet
facet normal -0.0468848 -0.997325 -0.0560763
  outer loop
    vertex -23.10850125897812 -247.9432044543455 -22.13965976419716
    vertex 0.4572399449701959 -249.1133315583771 -21.03185611207008
    vertex -12.66229220967787 -249.6791267927632 -3.057687434406636e-14
  endloop
endfacet
facet normal 0.226864 0.0371881 -0.973216
  outer loop
    vertex 69.62799840111241 14.1588172588026 -239.6903622019178
    vertex 55.07378293715603 -4.86140525730341 -243.8098545422545
    vertex 46.57872927201692 19.20635030033197 -244.8704516423839
  endloop
endfacet
facet normal 0.481003 -0.864914 -0.143388
  outer loop
    vertex 120.916134220741 -217.7200727301727 -21.84624488281788
    vertex 108.5795290522975 -221.2474182285946 -41.95313811817446
    vertex 130.4123806102155 -209.0240690606569 -42.44466441028881
  endloop
endfacet
facet normal 0.803809 -0.534142 -0.261883
  outer loop
    vertex 208.664463345465 -121.6965768299486 -64.4133908797039
    vertex 199.2715211792245 -141.1220973756398 -53.62289137316565
    vertex 193.6967580852294 -138.1889956250937 -76.71614820492474
  endloop
endfacet
facet normal -0.50118 0.80372 -0.320708
  outer loop
    vertex -134.5975218641455 191.8246044449234 -87.10240087150022
    vertex -125.7877110111649 205.6518988106432 -66.21743179970551
    vertex -112.9054495839256 205.496586802727 -86.73818228831486
  endloop
endfacet
facet normal 0.836276 0.149449 -0.527549
  outer loop
    vertex 211.6028079534405 48.83440226868409 -123.8525446701831
    vertex 213.6516594758596 24.6349969007634 -127.4601323195246
    vertex 201.0167641208217 38.46133714129015 -143.5722329968366
  endloop
endfacet
facet normal 0.16348 -0.297093 -0.94075
  outer loop
    vertex 30.73923224023924 -65.05599925192907 -239.4218381071653
    vertex 54.23107553053971 -69.20732070825615 -234.0284965707926
    vertex 38.57040655872306 -87.75585910173413 -230.8922539437202
  endloop
endfacet
facet normal -0.617565 -0.78435 -0.0583897
  outer loop
    vertex -164.5153955020105 -187.1230239573598 -20.48556925912547
    vertex -144.7061275454124 -202.4807604705758 -23.69975295373663
    vertex -153.0264956369155 -197.6939342344248 -2.421052437710356e-14
  endloop
endfacet
facet normal -0.847028 0.391751 -0.359269
  outer loop
    vertex -204.3926760436433 108.7096897325929 -94.37074407866896
    vertex -213.9721710466968 86.04480351805853 -96.49975028517865
    vertex -216.7930485272373 97.87695993242409 -76.94722103268957
  endloop
endfacet
facet normal -0.95481 0.199896 -0.219953
  outer loop
    vertex -239.0551802918331 37.96431289961295 -62.54064056035457
    vertex -241.6311324417918 49.22744132614304 -41.12243737156687
    vertex -234.4045568346547 62.25525480514448 -60.65300474251607
  endloop
endfacet
facet normal -0.204221 0.383531 -0.900665
  outer loop
    vertex -42.48452179953043 105.1019365566154 -222.8197664919215
    vertex -43.18417855752482 87.18064033013695 -230.2925588766148
    vertex -63.07257419402532 91.65342932158728 -223.8783135503124
  endloop
endfacet
facet normal 0.88395 0.278507 -0.375589
  outer loop
    vertex 215.1302122082506 82.13334316585745 -97.32988100081364
    vertex 226.5536684497187 68.03735778966042 -80.89717706432461
    vertex 220.1725206944659 58.62925651963808 -102.8915516988614
  endloop
endfacet
facet normal -0.73836 -0.331662 -0.587218
  outer loop
    vertex -176.6737618661934 -94.38253595018199 -149.5938460487603
    vertex -193.0413684178522 -83.10730536370413 -135.3817043567819
    vertex -183.2732610904396 -71.03174884474601 -154.4843112595337
  endloop
endfacet
facet normal 0.840692 0.0516422 -0.539046
  outer loop
    vertex 202.1221521805375 13.95866567308364 -146.4643002596015
    vertex 213.6516594758596 24.6349969007634 -127.4601323195246
    vertex 213.6447592931501 0.006904514782076261 -129.8303384379
  endloop
endfacet
facet normal 0.564946 0.647177 -0.511857
  outer loop
    vertex 131.5207312457745 171.2571581680469 -125.9892179068563
    vertex 150.6196248731469 160.8916305936463 -118.0153032788128
    vertex 141.9854091541747 152.5669989170261 -138.0704690684209
  endloop
endfacet
facet normal -0.820413 -0.568798 -0.0582399
  outer loop
    vertex -211.4672257056334 -131.4979820560544 -22.13353039052513
    vertex -197.1000077235855 -152.2992713603421 -21.36630287324881
    vertex -205.1908603018189 -142.8170537736983 -1.74900447767615e-14
  endloop
endfacet
facet normal -0.476259 -0.833772 -0.279287
  outer loop
    vertex -106.4694848108687 -215.3847924099568 -69.0915335090199
    vertex -127.1550285704836 -207.2961836960507 -57.96456619601898
    vertex -123.3835679311852 -201.5068053638701 -81.67926638148725
  endloop
endfacet
facet normal 0.533623 -0.042903 -0.844634
  outer loop
    vertex 122.9060789734256 -16.43200608909757 -217.0808257936797
    vertex 131.1620006632464 2.31624830025365 -212.8172093037265
    vertex 141.6708603137789 -19.2493279847766 -205.0824973275102
  endloop
endfacet
facet normal -0.694934 -0.28258 -0.661223
  outer loop
    vertex -165.6990878032693 -82.29239150526465 -168.1421261953967
    vertex -183.2732610904396 -71.03174884474601 -154.4843112595337
    vertex -171.2697672467939 -58.38305718171273 -172.5053200957753
  endloop
endfacet
facet normal -0.787477 -0.188828 -0.586706
  outer loop
    vertex -188.0100749435342 -47.05977273021253 -157.9164003842139
    vertex -198.697576180127 -59.49484041078264 -139.5694708187938
    vertex -203.0231729477951 -35.3526003771418 -141.5336881904227
  endloop
endfacet
facet normal -0.0551071 0.95761 -0.282749
  outer loop
    vertex -20.91521680473468 235.2808890096055 -81.8868547012319
    vertex -21.00272226278721 242.005572866592 -59.0947405364036
    vertex 0 239.2350840481018 -72.57116940150475
  endloop
endfacet
facet normal -0.680556 -0.663567 -0.310679
  outer loop
    vertex -158.4935601596262 -175.8182332935883 -80.42226202643344
    vertex -177.0138856454016 -164.6140386285222 -63.78324682174861
    vertex -172.00572590583 -157.2583679908459 -90.46455633265543
  endloop
endfacet
facet normal -0.590107 0.794847 -0.141392
  outer loop
    vertex -137.7940446199196 203.8816531317906 -44.10297930448506
    vertex -156.947852330291 190.1507486668033 -41.35292529390595
    vertex -148.6301094035213 199.8815201577573 -21.36512293719221
  endloop
endfacet
facet normal -0.879849 0.298064 -0.370168
  outer loop
    vertex -224.828490878191 74.65949831506384 -79.86306405828779
    vertex -213.9721710466968 86.04480351805853 -96.49975028517865
    vertex -220.7922167205913 62.66156092724685 -99.11773715016076
  endloop
endfacet
facet normal 0.492457 0.0505917 -0.868865
  outer loop
    vertex 123.8380379107977 26.34554666825451 -215.5691363278952
    vertex 131.1620006632464 2.31624830025365 -212.8172093037265
    vertex 112.6651660958884 5.786832149880348 -223.0987963263249
  endloop
endfacet
facet normal -0.55306 -0.79901 -0.236025
  outer loop
    vertex -143.4836426717683 -192.6726952394892 -69.20749088640071
    vertex -127.1550285704836 -207.2961836960507 -57.96456619601898
    vertex -144.6752431732552 -198.3354745572974 -47.24524891342086
  endloop
endfacet
facet normal -0.224714 0.919211 -0.32335
  outer loop
    vertex -58.93684583403418 233.5946471348674 -66.78314931981009
    vertex -44.30708278086286 229.1182324565885 -89.6756264066132
    vertex -68.76899570220544 224.2983661564454 -86.37747489744748
  endloop
endfacet
facet normal -0.890148 -0.0916637 -0.446356
  outer loop
    vertex -215.8411258450134 -23.35649236493023 -123.9640377624254
    vertex -224.3217048957978 -35.03523450027175 -104.6532610870467
    vertex -226.6347450025789 -11.20769889503037 -104.9336926020159
  endloop
endfacet
facet normal -0.787552 -0.0445788 -0.614634
  outer loop
    vertex -205.1267463617419 -10.46356214933732 -142.5255478649094
    vertex -192.303241667081 0.4394076594368031 -159.7475200597526
    vertex -191.1987718770862 -22.35576888753975 -159.5094016982725
  endloop
endfacet
facet normal -0.319887 -0.907823 -0.271164
  outer loop
    vertex -84.60565803900202 -221.1864705119735 -80.11509152614977
    vertex -66.43136604882966 -231.630403423615 -66.5900128750534
    vertex -88.42041294530725 -226.9972750385273 -56.16108705914196
  endloop
endfacet
facet normal -0.835427 -0.326488 -0.442117
  outer loop
    vertex -215.5433509602459 -79.83372160294412 -98.32416158733245
    vertex -208.2002952742394 -70.51664280738177 -119.0799736937142
    vertex -201.903109701058 -93.24454301556268 -114.1954004803234
  endloop
endfacet
facet normal -0.229389 -0.922135 -0.311524
  outer loop
    vertex -43.36009702542609 -234.1148446962334 -76.22428404914105
    vertex -66.43136604882966 -231.630403423615 -66.5900128750534
    vertex -61.82648504708484 -224.7233215323082 -90.42629322387053
  endloop
endfacet
facet normal -0.498763 0.572666 -0.650607
  outer loop
    vertex -136.5077073310726 140.1722736906184 -155.6193417529344
    vertex -116.5302137744366 153.9641324412396 -158.7946951232961
    vertex -119.8282398773477 134.9567204659519 -172.9967529434345
  endloop
endfacet
facet normal -0.803577 0.00500014 -0.595179
  outer loop
    vertex -204.1537937464805 13.78726754828405 -143.6354404472361
    vertex -192.303241667081 0.4394076594368031 -159.7475200597526
    vertex -205.1267463617419 -10.46356214933732 -142.5255478649094
  endloop
endfacet
facet normal -0.967728 -0.152847 -0.200349
  outer loop
    vertex -238.8558486753796 -35.24567914701088 -64.8507953307445
    vertex -240.2473014290597 -52.58222841978088 -44.9037126579144
    vertex -245.0106323713284 -24.93064275363439 -42.99131397029414
  endloop
endfacet
facet normal -0.993608 0.0976866 -0.0565809
  outer loop
    vertex -248.7961816680492 24.50428508239021 0
    vertex -246.4074602302822 36.69528466710563 -20.90023028729571
    vertex -248.7845269239827 12.25247344743043 -21.35734200761273
  endloop
endfacet
facet normal -0.976196 -0.157877 -0.148715
  outer loop
    vertex -245.0106323713284 -24.93064275363439 -42.99131397029414
    vertex -240.2473014290597 -52.58222841978088 -44.9037126579144
    vertex -246.1576310618195 -37.87941151716916 -21.71568219389123
  endloop
endfacet
facet normal -0.235864 0.140692 -0.961548
  outer loop
    vertex -59.94515004296461 21.66542979241247 -241.7378500322953
    vertex -63.25311709361044 47.67069992814069 -237.1213772444466
    vertex -45.71599699990121 36.84945472905717 -243.0065128848941
  endloop
endfacet
facet normal -0.300403 -0.927807 -0.221205
  outer loop
    vertex -66.43136604882966 -231.630403423615 -66.5900128750534
    vertex -70.26384904208267 -236.1152309683913 -42.57451376744817
    vertex -88.42041294530725 -226.9972750385273 -56.16108705914196
  endloop
endfacet
facet normal -0.770266 -0.503667 -0.391164
  outer loop
    vertex -183.7940672298161 -137.056986245529 -99.67508902636958
    vertex -199.2301448330927 -124.6979143850373 -85.19260260026586
    vertex -193.8269032453502 -115.5693817262622 -107.5864749200714
  endloop
endfacet
facet normal -0.345168 0.704594 -0.620005
  outer loop
    vertex -90.18622720598475 183.7982580127241 -143.4734985070016
    vertex -72.74294121296117 178.545179929682 -159.1542749270818
    vertex -95.66711470877995 166.5069107401619 -160.0726455052983
  endloop
endfacet
facet normal -0.375072 -0.483374 -0.790993
  outer loop
    vertex -103.9175248345096 -110.9523567809624 -198.4709614956785
    vertex -81.49427699111716 -118.5178876487292 -204.4803000902
    vertex -94.98860309189023 -132.3970955469514 -189.6000379044866
  endloop
endfacet
facet normal 0.768972 -0.584102 -0.259819
  outer loop
    vertex 193.6967580852294 -138.1889956250937 -76.71614820492474
    vertex 199.2715211792245 -141.1220973756398 -53.62289137316565
    vertex 183.5854687787522 -157.233986977096 -63.82671065135824
  endloop
endfacet
facet normal 0.993702 0.0961234 -0.0575881
  outer loop
    vertex 248.4868936634786 13.30892981344504 -24.02365635568129
    vertex 246.400138471072 36.55000786969202 -21.23837767255313
    vertex 248.7961816680492 24.50428508239013 0
  endloop
endfacet
facet normal 0.365425 -0.845349 -0.38968
  outer loop
    vertex 103.6178109479418 -203.946758131325 -100.8418023543778
    vertex 88.80092720846825 -217.8898810957537 -84.48902321008721
    vertex 80.5195146359476 -210.9208123754649 -107.3732679472192
  endloop
endfacet
facet normal 1.12189e-15 -0.999638 -0.0268921
  outer loop
    vertex -12.66229220967787 -249.6791267927632 -3.057687434406636e-14
    vertex 0.4572399449701959 -249.1133315583771 -21.03185611207008
    vertex 12.66229220967848 -249.6791267927632 -3.057687434406636e-14
  endloop
endfacet
facet normal 0.640133 0.485965 -0.595036
  outer loop
    vertex 151.1567735944531 132.3826718247793 -148.7496487291585
    vertex 169.425463657614 121.092715324815 -138.3169062684163
    vertex 158.9431615494163 110.8955514256324 -157.9216516842484
  endloop
endfacet
facet normal 0.428356 -0.684033 -0.590432
  outer loop
    vertex 106.7744756852711 -180.0436792401374 -136.6875448159413
    vertex 95.8536344973581 -170.0399568563706 -156.200172298018
    vertex 118.6318880092856 -162.7902104680351 -148.0737063868031
  endloop
endfacet
facet normal 0.919981 0.0335619 -0.390523
  outer loop
    vertex 231.9441072920591 -4.848852908998009 -93.15803625000186
    vertex 224.1060500748556 10.10524941246897 -110.3374925134613
    vertex 232.5066415747153 19.79716424579846 -89.71473631166585
  endloop
endfacet
facet normal 0.131945 0.735661 -0.664375
  outer loop
    vertex 43.14224402802886 177.3516428791345 -170.8365931183889
    vertex 20.10319672271425 184.3157383129396 -167.700835095368
    vertex 37.91829391360085 191.2013505700412 -156.5383228697497
  endloop
endfacet
facet normal 0.294645 -0.663037 -0.688162
  outer loop
    vertex 85.75289622248582 -157.7619437552704 -173.9471468349351
    vertex 73.21769497967284 -176.0661278970485 -161.6783465687466
    vertex 62.00216375304983 -162.0063436764799 -180.0268766004628
  endloop
endfacet
facet normal 0.580974 0.212578 -0.785672
  outer loop
    vertex 137.2854628079726 64.92177025892528 -198.589691192791
    vertex 156.4917176522465 53.53140587717893 -187.4692798595607
    vertex 140.9087512019642 40.82334987150004 -202.4306744047751
  endloop
endfacet
facet normal -0.185773 -0.489034 -0.852252
  outer loop
    vertex -42.90744480315625 -110.4359691958859 -220.1427897711607
    vertex -34.51391536506956 -129.7064086297729 -210.9147628937794
    vertex -59.61531867432315 -124.7379561119121 -208.2941575858084
  endloop
endfacet
facet normal -0.123197 -0.23596 -0.963922
  outer loop
    vertex -40.85981963879497 -49.17543765417756 -241.686266615638
    vertex -17.38979377090628 -55.33087895947123 -243.1791292569691
    vertex -33.96947648321949 -72.09678767615496 -236.9559618879327
  endloop
endfacet
facet normal 0.197132 0.177753 -0.964128
  outer loop
    vertex 37.71467405043309 50.94047586159665 -241.8319070765139
    vertex 54.10115296247233 56.3123556198908 -237.4910184673731
    vertex 60.18256815257462 36.92250463335299 -239.8224075063895
  endloop
endfacet
facet normal -0.79047 -0.61187 -0.0277867
  outer loop
    vertex -205.1908603018189 -142.8170537736983 -1.74900447767615e-14
    vertex -197.1000077235855 -152.2992713603421 -21.36630287324881
    vertex -189.6895306731976 -162.8431206805556 -1.994253065046086e-14
  endloop
endfacet
facet normal 0.594855 0.260659 -0.760397
  outer loop
    vertex 151.9843649362282 77.0306540910761 -182.9399659594163
    vertex 156.4917176522465 53.53140587717893 -187.4692798595607
    vertex 137.2854628079726 64.92177025892528 -198.589691192791
  endloop
endfacet
facet normal -0.159184 -0.804707 -0.571932
  outer loop
    vertex -38.83874553862362 -192.2428417857251 -155.0298088340907
    vertex -25.56415366295151 -205.2606651179137 -140.4084520349423
    vertex -52.76176370193927 -203.2472810703276 -135.6714377773745
  endloop
endfacet
facet normal 0.97297 0.0121412 -0.230613
  outer loop
    vertex 239.8021269139474 4.936434664711016 -70.50228039112002
    vertex 244.7875537401024 13.22508929814207 -49.03213789947002
    vertex 243.979935103922 -9.769986546848255 -53.65015032188107
  endloop
endfacet
facet normal -0.290986 0.0725494 -0.953973
  outer loop
    vertex -78.53147855358128 30.13604330636562 -235.4243525424362
    vertex -59.94515004296461 21.66542979241247 -241.7378500322953
    vertex -74.87879569228045 4.635342931889076 -238.4778387011621
  endloop
endfacet
facet normal 0.242729 -0.729982 -0.638912
  outer loop
    vertex 48.98804684299956 -179.3150885208099 -167.1713800124955
    vertex 73.21769497967284 -176.0661278970485 -161.6783465687466
    vertex 59.99691018005743 -191.665438954015 -148.8782397780511
  endloop
endfacet
facet normal 0.823712 0.102972 -0.55758
  outer loop
    vertex 201.0167641208217 38.46133714129015 -143.5722329968366
    vertex 213.6516594758596 24.6349969007634 -127.4601323195246
    vertex 202.1221521805375 13.95866567308364 -146.4643002596015
  endloop
endfacet
facet normal -0.570923 -0.820267 -0.0347603
  outer loop
    vertex -153.0264956369155 -197.6939342344248 -2.421052437710356e-14
    vertex -144.7061275454124 -202.4807604705758 -23.69975295373663
    vertex -132.2410025817404 -212.1610643736879 -2.598223683889324e-14
  endloop
endfacet
facet normal 0.913427 -0.0656339 -0.401676
  outer loop
    vertex 229.1780019047252 -29.5776399124613 -95.40758177506925
    vertex 222.4292037235946 -14.94920528732115 -113.1449097050557
    vertex 231.9441072920591 -4.848852908998009 -93.15803625000186
  endloop
endfacet
facet normal -0.00405679 -0.761856 -0.647734
  outer loop
    vertex -0.4975980302852618 -181.0641878014063 -172.3818792449408
    vertex 11.0076089636381 -194.9216750444247 -156.1549651557047
    vertex -13.78312138628571 -193.9299893128323 -157.1661057924884
  endloop
endfacet
facet normal 0.869799 0.0470255 -0.49116
  outer loop
    vertex 213.6516594758596 24.6349969007634 -127.4601323195246
    vertex 224.1060500748556 10.10524941246897 -110.3374925134613
    vertex 213.6447592931501 0.006904514782076261 -129.8303384379
  endloop
endfacet
facet normal 0.0956027 -0.761759 -0.640768
  outer loop
    vertex 35.55025807811034 -194.4447845632396 -153.0601349363546
    vertex 11.0076089636381 -194.9216750444247 -156.1549651557047
    vertex 24.35926814006821 -180.9410955265022 -170.7833305839579
  endloop
endfacet
facet normal 0.669253 0.397792 -0.627584
  outer loop
    vertex 158.9431615494163 110.8955514256324 -157.9216516842484
    vertex 176.9809857002036 98.55439752388132 -146.5085711802866
    vertex 165.2646968052838 88.31168834806378 -165.4950926492144
  endloop
endfacet
facet normal -0.526437 -0.802881 -0.279726
  outer loop
    vertex -123.3835679311852 -201.5068053638701 -81.67926638148725
    vertex -127.1550285704836 -207.2961836960507 -57.96456619601898
    vertex -143.4836426717683 -192.6726952394892 -69.20749088640071
  endloop
endfacet
facet normal 0.178197 -0.882943 -0.434348
  outer loop
    vertex 56.52291937268691 -215.7038628798533 -113.0354065074223
    vertex 42.57870989769592 -226.7093331658474 -96.38429186825338
    vertex 33.18675294529615 -218.9186130231285 -116.0744601580278
  endloop
endfacet
facet normal -0.608212 0.381133 -0.696287
  outer loop
    vertex -158.1743756075927 82.41345910659093 -175.1824439241399
    vertex -157.0110493448933 104.3473366634859 -164.1924593726905
    vertex -140.4787699831595 98.62087285685229 -181.7680902165481
  endloop
endfacet
facet normal -0.448226 -0.88676 -0.112916
  outer loop
    vertex -110.6939474134193 -220.2577204863474 -41.63395936243943
    vertex -104.3459140092358 -226.4558255143818 -18.15734893031036
    vertex -122.153141469974 -217.1687579710708 -20.40442575322811
  endloop
endfacet
facet normal -0.67428 -0.51105 -0.53308
  outer loop
    vertex -168.7052044420295 -117.053640945996 -142.6078508899804
    vertex -159.1031803392005 -138.299334308857 -134.3855354406821
    vertex -177.0805085863108 -127.6111824307162 -121.8929021618896
  endloop
endfacet
facet normal -0.724233 -0.235876 -0.647957
  outer loop
    vertex -171.2697672467939 -58.38305718171273 -172.5053200957753
    vertex -183.2732610904396 -71.03174884474601 -154.4843112595337
    vertex -188.0100749435342 -47.05977273021253 -157.9164003842139
  endloop
endfacet
facet normal 0.0268213 0.903664 -0.427401
  outer loop
    vertex 0 230.9698833099736 -95.67085819312797
    vertex 20.66586332161062 225.2238519724688 -106.5229486817557
    vertex 0 220.4803161206654 -117.8491842314701
  endloop
endfacet
facet normal -0.602425 0.466382 -0.647744
  outer loop
    vertex -139.2521001558281 120.1801742579044 -169.309120597595
    vertex -157.0110493448933 104.3473366634859 -164.1924593726905
    vertex -155.1230535694992 124.597830057398 -151.3678268201735
  endloop
endfacet
facet normal -0.331587 -0.520914 -0.786574
  outer loop
    vertex -94.98860309189023 -132.3970955469514 -189.6000379044866
    vertex -81.49427699111716 -118.5178876487292 -204.4803000902
    vertex -71.92026541776653 -139.01206091946 -194.9438953677759
  endloop
endfacet
facet normal -0.562782 0.0662445 -0.823946
  outer loop
    vertex -133.898651381154 5.722293177467237 -211.0412436446945
    vertex -151.6126064259753 13.14751231112026 -198.3450541171905
    vertex -137.3011371312666 29.86837789711695 -206.7759119052704
  endloop
endfacet
facet normal 0.259319 -0.913507 -0.313463
  outer loop
    vertex 71.13704128127328 -230.3301331447232 -66.23859240111091
    vertex 51.44591474710959 -231.7731675463855 -78.32315533319812
    vertex 66.09296286504831 -223.225882394552 -91.11490376932296
  endloop
endfacet
facet normal -0.776807 -0.376277 -0.504962
  outer loop
    vertex -201.903109701058 -93.24454301556268 -114.1954004803234
    vertex -193.0413684178522 -83.10730536370413 -135.3817043567819
    vertex -186.2102970575631 -105.5948302963687 -129.1334855272451
  endloop
endfacet
facet normal -0.446655 -0.158086 -0.880629
  outer loop
    vertex -103.1364766139564 -50.30835665273545 -222.1079387202537
    vertex -123.5957364019976 -41.45911522428968 -213.3195624129841
    vertex -108.7151789587969 -26.38680052741577 -223.5726875579464
  endloop
endfacet
facet normal -0.972117 -0.201429 -0.12006
  outer loop
    vertex -246.1576310618195 -37.87941151716916 -21.71568219389123
    vertex -240.2473014290597 -52.58222841978088 -44.9037126579144
    vertex -241.1672746551311 -62.47849824886666 -20.85144819869662
  endloop
endfacet
facet normal -0.664443 -0.696691 -0.270439
  outer loop
    vertex -160.3455434213375 -183.1246879299602 -57.04958698773065
    vertex -177.0138856454016 -164.6140386285222 -63.78324682174861
    vertex -158.4935601596262 -175.8182332935883 -80.42226202643344
  endloop
endfacet
facet normal -0.00394217 -0.907503 -0.420028
  outer loop
    vertex -14.72590210792459 -225.1253747025593 -107.7112504436751
    vertex 9.467547472201012 -222.5716529896238 -113.4558276613772
    vertex 3.678140074394992 -232.1233766229336 -92.76426742426662
  endloop
endfacet
facet normal -0.988707 0.0982679 -0.113146
  outer loop
    vertex -248.7845269239827 12.25247344743043 -21.35734200761273
    vertex -246.4074602302822 36.69528466710563 -20.90023028729571
    vertex -245.1438564991559 24.698671784139 -42.36112879540192
  endloop
endfacet
facet normal -0.473873 -0.54194 -0.694079
  outer loop
    vertex -107.9307296148897 -145.1323305327372 -172.5907420429436
    vertex -129.3883172745244 -136.8987789624679 -164.3696677354201
    vertex -117.3734722885139 -124.309904568959 -182.4020713396473
  endloop
endfacet
facet normal -0.284024 -0.904872 -0.317076
  outer loop
    vertex -61.82648504708484 -224.7233215323082 -90.42629322387053
    vertex -66.43136604882966 -231.630403423615 -66.5900128750534
    vertex -84.60565803900202 -221.1864705119735 -80.11509152614977
  endloop
endfacet
facet normal -0.761079 -0.236845 -0.603873
  outer loop
    vertex -188.0100749435342 -47.05977273021253 -157.9164003842139
    vertex -183.2732610904396 -71.03174884474601 -154.4843112595337
    vertex -198.697576180127 -59.49484041078264 -139.5694708187938
  endloop
endfacet
facet normal -0.687909 0.548525 -0.475291
  outer loop
    vertex -177.8857530575561 139.5460364430625 -106.6937794446219
    vertex -163.2011873664418 147.6565092664378 -118.5872156407846
    vertex -171.4406956471325 128.155945317287 -129.1671070972012
  endloop
endfacet
facet normal -0.0265316 0.74069 -0.671323
  outer loop
    vertex 0 176.7766952833549 -176.7766952833547
    vertex -20.55485343670086 184.8444144374269 -167.0629834867093
    vertex 0 193.2526132978953 -158.5983210108419
  endloop
endfacet
facet normal -0.439644 0.380111 -0.813774
  outer loop
    vertex -122.4928760304628 92.25347087287118 -197.4456695744274
    vertex -103.674160001326 107.4567433581242 -200.5111389795731
    vertex -103.278770127062 85.10860611473633 -211.1634930717148
  endloop
endfacet
facet normal 0.606744 0.607039 -0.513191
  outer loop
    vertex 141.9854091541747 152.5669989170261 -138.0704690684209
    vertex 150.6196248731469 160.8916305936463 -118.0153032788128
    vertex 160.9400891799895 141.5395994305643 -128.7044268382888
  endloop
endfacet
facet normal -0.110094 -0.182837 -0.97696
  outer loop
    vertex -40.85981963879497 -49.17543765417756 -241.686266615638
    vertex -24.94006798345752 -32.15078924511925 -246.6664139275885
    vertex -17.38979377090628 -55.33087895947123 -243.1791292569691
  endloop
endfacet
facet normal -0.222549 0.327354 -0.91832
  outer loop
    vertex -63.07257419402532 91.65342932158728 -223.8783135503124
    vertex -43.18417855752482 87.18064033013695 -230.2925588766148
    vertex -62.83432659762661 70.49294200699775 -231.4791405898615
  endloop
endfacet
facet normal -0.871881 -0.141893 -0.468712
  outer loop
    vertex -212.6941017762711 -47.33031891095116 -122.5604339963468
    vertex -224.3217048957978 -35.03523450027175 -104.6532610870467
    vertex -215.8411258450134 -23.35649236493023 -123.9640377624254
  endloop
endfacet
facet normal -0.592248 -0.418319 -0.688659
  outer loop
    vertex -146.699355195896 -92.80187387560416 -179.9086195552754
    vertex -138.8973945659543 -115.3493034215555 -172.9220980180137
    vertex -158.261611846372 -105.3093558021288 -162.3674899612878
  endloop
endfacet
facet normal -0.931186 0.295956 -0.212842
  outer loop
    vertex -234.4045568346547 62.25525480514448 -60.65300474251607
    vertex -235.6742087227173 73.4494869066727 -39.53277394855593
    vertex -227.4579126701673 85.97011770020372 -58.06924165462875
  endloop
endfacet
facet normal -0.712484 0.383344 -0.587719
  outer loop
    vertex -187.6575618401681 91.35027867235104 -137.6218226542844
    vertex -171.9050110596124 108.3791215434915 -145.6112399028853
    vertex -173.5883008812518 87.42010341937031 -157.2413028288262
  endloop
endfacet
facet normal 0.382222 0.525007 -0.760443
  outer loop
    vertex 82.9724107899178 130.1436171036592 -196.667785808671
    vertex 97.73127111790731 142.0133630029322 -181.0546971892072
    vertex 105.4016246770947 121.0903407015804 -191.6445326749606
  endloop
endfacet
facet normal -0.510869 -0.456443 -0.728473
  outer loop
    vertex -117.3734722885139 -124.309904568959 -182.4020713396473
    vertex -138.8973945659543 -115.3493034215555 -172.9220980180137
    vertex -125.7382299085302 -102.29093729607 -190.3325029693065
  endloop
endfacet
facet normal 0.586664 -0.220147 -0.779334
  outer loop
    vertex 152.6519602325875 -42.33128039319165 -193.4048648235652
    vertex 151.6133150510455 -66.03317072312936 -187.4913946384806
    vertex 135.5940812267464 -61.39107990917076 -200.8615952437407
  endloop
endfacet
facet normal -0.408366 -0.903773 -0.128185
  outer loop
    vertex -89.37958126160892 -231.5665363577848 -29.80318259445104
    vertex -104.3459140092358 -226.4558255143818 -18.15734893031036
    vertex -110.6939474134193 -220.2577204863474 -41.63395936243943
  endloop
endfacet
facet normal -0.374208 -0.242934 -0.894959
  outer loop
    vertex -96.6416947039716 -73.62355374223829 -218.4947486305062
    vertex -103.1364766139564 -50.30835665273545 -222.1079387202537
    vertex -80.73109416814465 -58.06494318521646 -229.370775835353
  endloop
endfacet
facet normal 0.60379 -0.112038 -0.78923
  outer loop
    vertex 141.6708603137789 -19.2493279847766 -205.0824973275102
    vertex 159.0975881040879 -16.60918217160506 -192.1252001353608
    vertex 152.6519602325875 -42.33128039319165 -193.4048648235652
  endloop
endfacet
facet normal 0.184628 0.927604 -0.324752
  outer loop
    vertex 43.36422990845691 227.7698373228107 -93.49034586729724
    vertex 36.69446953847599 236.2805742625867 -72.97263960850066
    vertex 55.619016679109 232.8791631724208 -71.92927320473905
  endloop
endfacet
facet normal -0.763412 -0.542277 -0.35091
  outer loop
    vertex -188.6145057400028 -144.6855270932435 -77.39939582583803
    vertex -199.2301448330927 -124.6979143850373 -85.19260260026586
    vertex -183.7940672298161 -137.056986245529 -99.67508902636958
  endloop
endfacet
facet normal 0.528866 0.0642769 -0.846268
  outer loop
    vertex 143.7259605745777 16.59654557430131 -203.8808547458909
    vertex 131.1620006632464 2.31624830025365 -212.8172093037265
    vertex 123.8380379107977 26.34554666825451 -215.5691363278952
  endloop
endfacet
facet normal 0.867378 -0.485668 -0.108545
  outer loop
    vertex 223.6176461138511 -109.0397838544903 -24.60637891820895
    vertex 211.5559593663316 -131.8638377467306 -18.86807757284615
    vertex 212.7508372203733 -124.9128645082414 -40.42100372796246
  endloop
endfacet
facet normal 0.965977 0.0664314 -0.249949
  outer loop
    vertex 239.862228083358 30.74327213402445 -63.4110617903569
    vertex 244.7875537401024 13.22508929814207 -49.03213789947002
    vertex 239.8021269139474 4.936434664711016 -70.50228039112002
  endloop
endfacet
facet normal -0.398587 -0.148371 -0.905049
  outer loop
    vertex -86.8375955935939 -34.25764137562737 -231.9173257842164
    vertex -103.1364766139564 -50.30835665273545 -222.1079387202537
    vertex -108.7151789587969 -26.38680052741577 -223.5726875579464
  endloop
endfacet
facet normal 0.338339 -0.672737 -0.657991
  outer loop
    vertex 85.75289622248582 -157.7619437552704 -173.9471468349351
    vertex 95.8536344973581 -170.0399568563706 -156.200172298018
    vertex 73.21769497967284 -176.0661278970485 -161.6783465687466
  endloop
endfacet
facet normal -0.448045 0.583705 -0.677159
  outer loop
    vertex -119.8282398773477 134.9567204659519 -172.9967529434345
    vertex -116.5302137744366 153.9641324412396 -158.7946951232961
    vertex -99.42067345007882 148.6492593058522 -174.6966725457422
  endloop
endfacet
facet normal 0.192353 0.0246633 -0.981016
  outer loop
    vertex 55.07378293715603 -4.86140525730341 -243.8098545422545
    vertex 37.62430591722797 -1.54119099460799 -247.147802609218
    vertex 46.57872927201692 19.20635030033197 -244.8704516423839
  endloop
endfacet
facet normal 0.907707 0.0867791 -0.410533
  outer loop
    vertex 232.5066415747153 19.79716424579846 -89.71473631166585
    vertex 224.1060500748556 10.10524941246897 -110.3374925134613
    vertex 223.1187556818754 34.53280573650811 -107.3569103082619
  endloop
endfacet
facet normal -0.14668 0.988836 -0.026237
  outer loop
    vertex -24.5042850823901 248.7961816680492 0
    vertex -37.07668864628476 246.3888695438625 -20.44123587075785
    vertex -48.77258050403199 245.1963201008076 0
  endloop
endfacet
facet normal 0.406539 -0.84356 -0.350902
  outer loop
    vertex 112.5749600507568 -209.2856115753078 -77.62996301119746
    vertex 88.80092720846825 -217.8898810957537 -84.48902321008721
    vertex 103.6178109479418 -203.946758131325 -100.8418023543778
  endloop
endfacet
facet normal -0.50922 -0.216832 -0.832874
  outer loop
    vertex -138.9750964694006 -55.66451203446633 -200.2183424696288
    vertex -123.5957364019976 -41.45911522428968 -213.3195624129841
    vertex -118.2924353044568 -64.98609982137403 -210.436942050932
  endloop
endfacet
facet normal 0.384395 -0.16012 -0.909177
  outer loop
    vertex 108.3813110305038 -35.28256756651496 -222.5053523967985
    vertex 92.30347207781432 -53.46518013370176 -226.1007376273925
    vertex 86.13283768841316 -31.69564177335149 -232.5435885254996
  endloop
endfacet
facet normal 0.652791 0.165826 -0.739165
  outer loop
    vertex 159.1909964265278 29.25268178712107 -190.532168583131
    vertex 156.4917176522465 53.53140587717893 -187.4692798595607
    vertex 173.5233400926417 40.96382786123138 -175.2472974115402
  endloop
endfacet
facet normal -0.664805 0.486768 -0.566649
  outer loop
    vertex -155.1230535694992 124.597830057398 -151.3678268201735
    vertex -171.9050110596124 108.3791215434915 -145.6112399028853
    vertex -171.4406956471325 128.155945317287 -129.1671070972012
  endloop
endfacet
facet normal -0.225392 -0.4518 -0.863177
  outer loop
    vertex -42.90744480315625 -110.4359691958859 -220.1427897711607
    vertex -59.61531867432315 -124.7379561119121 -208.2941575858084
    vertex -66.55287414976669 -103.0696617161334 -217.8241487441811
  endloop
endfacet
facet normal 0.94878 -0.295499 -0.111787
  outer loop
    vertex 234.0009157429061 -85.41079076784887 -21.17942992368141
    vertex 235.6874252349815 -72.29980142894826 -41.52320194107913
    vertex 241.1409291262649 -62.31408149514574 -21.63348209461476
  endloop
endfacet
facet normal 0.0466134 -0.743055 -0.667605
  outer loop
    vertex 24.35926814006821 -180.9410955265022 -170.7833305839579
    vertex 11.0076089636381 -194.9216750444247 -156.1549651557047
    vertex -0.4975980302852618 -181.0641878014063 -172.3818792449408
  endloop
endfacet
facet normal 0.246737 -0.690515 -0.679934
  outer loop
    vertex 62.00216375304983 -162.0063436764799 -180.0268766004628
    vertex 73.21769497967284 -176.0661278970485 -161.6783465687466
    vertex 48.98804684299956 -179.3150885208099 -167.1713800124955
  endloop
endfacet
facet normal -0.832139 -0.517745 -0.198705
  outer loop
    vertex -215.8613198044333 -117.3496562876048 -46.18385845151084
    vertex -203.1617872039623 -131.0878552372864 -63.57092440243554
    vertex -201.9505549706043 -141.0294892007677 -42.73940246231198
  endloop
endfacet
facet normal 0.337187 -0.912044 -0.23341
  outer loop
    vertex 71.13704128127328 -230.3301331447232 -66.23859240111091
    vertex 97.86301873517525 -221.4996828844332 -62.13469277412001
    vertex 85.47833668718941 -230.9343135319111 -43.16012964225757
  endloop
endfacet
facet normal -0.296286 -0.721791 -0.625486
  outer loop
    vertex -74.09309132078438 -171.1772556634247 -166.4588867019975
    vertex -62.51066090352024 -187.197498873871 -153.4585080364467
    vertex -85.86029427374784 -181.1101448943534 -149.4226397958882
  endloop
endfacet
facet normal 0.382231 -0.71781 -0.581934
  outer loop
    vertex 83.79937168483345 -187.1461035611548 -143.0174857389985
    vertex 95.8536344973581 -170.0399568563706 -156.200172298018
    vertex 106.7744756852711 -180.0436792401374 -136.6875448159413
  endloop
endfacet
facet normal 0.643057 0.527753 -0.554936
  outer loop
    vertex 160.9400891799895 141.5395994305643 -128.7044268382888
    vertex 169.425463657614 121.092715324815 -138.3169062684163
    vertex 151.1567735944531 132.3826718247793 -148.7496487291585
  endloop
endfacet
facet normal 0.703687 0.702141 -0.108735
  outer loop
    vertex 184.6662200498945 167.1978596997791 -21.05380925858542
    vertex 174.2889230638189 174.5712312164659 -40.59872570440375
    vertex 167.7245793482794 184.2186468968518 -20.78354199687213
  endloop
endfacet
facet normal 0.420165 0.887331 -0.190012
  outer loop
    vertex 115.5903285715457 217.947027116261 -40.47183356244069
    vertex 105.1484756649979 218.6305279836973 -60.36961403634375
    vertex 94.28820495224346 227.6318621298913 -42.34937721102757
  endloop
endfacet
facet normal 0.737808 0.347453 -0.578719
  outer loop
    vertex 182.617495821767 75.76510300656739 -153.0048998764129
    vertex 176.9809857002036 98.55439752388132 -146.5085711802866
    vertex 193.0229796865189 85.89035856691764 -133.6599252513035
  endloop
endfacet
facet normal 0.942675 0.173244 -0.285221
  outer loop
    vertex 230.6155880147961 44.1069021169495 -85.85471303449592
    vertex 235.5095271193228 55.95860689604185 -62.48117276657975
    vertex 239.862228083358 30.74327213402445 -63.4110617903569
  endloop
endfacet
facet normal -0.0260149 0.595498 -0.802936
  outer loop
    vertex 0 138.8925582180984 -207.8674030144875
    vertex -20.28937562391052 147.2330664999835 -201.0242904870039
    vertex 0 158.598321010842 -193.2526132978953
  endloop
endfacet
facet normal 0.221645 -0.888556 -0.401674
  outer loop
    vertex 66.09296286504831 -223.225882394552 -91.11490376932296
    vertex 42.57870989769592 -226.7093331658474 -96.38429186825338
    vertex 56.52291937268691 -215.7038628798533 -113.0354065074223
  endloop
endfacet
facet normal -0.63828 -0.511216 -0.57555
  outer loop
    vertex -149.9800554661483 -127.2703737372956 -154.2991734622716
    vertex -159.1031803392005 -138.299334308857 -134.3855354406821
    vertex -168.7052044420295 -117.053640945996 -142.6078508899804
  endloop
endfacet
facet normal 0.0521169 0.636277 -0.769698
  outer loop
    vertex 22.51731826901974 165.4273792893747 -186.0826498076084
    vertex 15.89799041990926 148.9401944503616 -200.1601168507277
    vertex 0 158.598321010842 -193.2526132978953
  endloop
endfacet
facet normal -0.712919 0.205509 -0.670456
  outer loop
    vertex -172.2262027586677 41.78690961293322 -176.3292070767938
    vertex -187.9027321575621 46.99872127021357 -158.0622771147128
    vertex -173.9100354387547 64.98905852239402 -167.4267656202674
  endloop
endfacet
facet normal -0.33575 -0.925977 -0.17274
  outer loop
    vertex -88.42041294530725 -226.9972750385273 -56.16108705914196
    vertex -70.26384904208267 -236.1152309683913 -42.57451376744817
    vertex -89.37958126160892 -231.5665363577848 -29.80318259445104
  endloop
endfacet
facet normal -0.582854 0.431181 -0.688741
  outer loop
    vertex -140.4787699831595 98.62087285685229 -181.7680902165481
    vertex -157.0110493448933 104.3473366634859 -164.1924593726905
    vertex -139.2521001558281 120.1801742579044 -169.309120597595
  endloop
endfacet
facet normal -0.536497 0.26739 -0.800421
  outer loop
    vertex -122.2640870629428 69.86092985828623 -206.5694640889615
    vertex -138.0023521350933 53.63013065771975 -201.4426962955411
    vertex -140.5182771369828 76.23951347232496 -192.2034088562356
  endloop
endfacet
facet normal 0.523102 -0.534967 -0.663456
  outer loop
    vertex 141.3423101171921 -124.5682639597086 -164.3322822357185
    vertex 130.9928318215575 -144.313228993982 -156.571293501394
    vertex 120.1742289038051 -132.0702085254375 -174.9731828807584
  endloop
endfacet
facet normal -0.660591 0.725594 -0.192697
  outer loop
    vertex -163.2060165675558 179.0671621345572 -61.63398089712286
    vertex -174.7050560980621 173.9145954549055 -41.61558435886182
    vertex -156.947852330291 190.1507486668033 -41.35292529390595
  endloop
endfacet
facet normal 0.371792 0.480336 -0.794385
  outer loop
    vertex 82.9724107899178 130.1436171036592 -196.667785808671
    vertex 105.4016246770947 121.0903407015804 -191.6445326749606
    vertex 89.72191234940401 108.6274867945111 -206.5188794204399
  endloop
endfacet
facet normal -0.741655 -0.37906 -0.553409
  outer loop
    vertex -186.2102970575631 -105.5948302963687 -129.1334855272451
    vertex -193.0413684178522 -83.10730536370413 -135.3817043567819
    vertex -176.6737618661934 -94.38253595018199 -149.5938460487603
  endloop
endfacet
facet normal 0.700698 0.350456 -0.621452
  outer loop
    vertex 165.2646968052838 88.31168834806378 -165.4950926492144
    vertex 176.9809857002036 98.55439752388132 -146.5085711802866
    vertex 182.617495821767 75.76510300656739 -153.0048998764129
  endloop
endfacet
facet normal 0.0424765 -0.382239 -0.923087
  outer loop
    vertex 14.16743781108143 -82.89457489744525 -235.4310369480646
    vertex 21.83483520714843 -102.8562382619892 -226.8123326057681
    vertex -2.504725854900625 -100.0011189840653 -229.1146057114793
  endloop
endfacet
facet normal -0.541824 -0.17213 -0.822677
  outer loop
    vertex -143.3571727679238 -31.71093303096437 -202.3441072586334
    vertex -123.5957364019976 -41.45911522428968 -213.3195624129841
    vertex -138.9750964694006 -55.66451203446633 -200.2183424696288
  endloop
endfacet
facet normal 0.949987 0.285325 -0.126938
  outer loop
    vertex 240.8670475252879 63.06186340446325 -22.50037333929163
    vertex 237.1179642159946 66.19989219216747 -43.50454366853766
    vertex 233.190211759297 82.81671432034285 -35.54879700970119
  endloop
endfacet
facet normal 0.0553536 0.472574 -0.879551
  outer loop
    vertex 21.23837812228196 128.0610548889111 -213.6569622443282
    vertex 19.1719380610207 106.5740028459889 -225.3317969314751
    vertex 0 117.8491842314701 -220.4803161206652
  endloop
endfacet
facet normal -0.476054 -0.585258 -0.656388
  outer loop
    vertex -119.3477011446722 -156.3428228162387 -154.3147691743477
    vertex -129.3883172745244 -136.8987789624679 -164.3696677354201
    vertex -107.9307296148897 -145.1323305327372 -172.5907420429436
  endloop
endfacet
facet normal 0.0553536 0.380104 -0.923286
  outer loop
    vertex 0 95.67085819312797 -230.9698833099735
    vertex 19.1719380610207 106.5740028459889 -225.3317969314751
    vertex 21.23837811379603 83.91799210222128 -234.5350760475434
  endloop
endfacet
facet normal 0.923725 0.368645 -0.104082
  outer loop
    vertex 225.7915579504064 104.5533720859221 -24.2232273611711
    vertex 234.9064326396665 84.05334569544225 -15.93747100101809
    vertex 233.190211759297 82.81671432034285 -35.54879700970119
  endloop
endfacet
facet normal 0.959443 -0.2445 -0.140315
  outer loop
    vertex 241.1409291262649 -62.31408149514574 -21.63348209461476
    vertex 235.6874252349815 -72.29980142894826 -41.52320194107913
    vertex 241.8904041656066 -48.72855640038323 -40.18158986070775
  endloop
endfacet
facet normal -0.308542 0.448516 -0.83883
  outer loop
    vertex -83.72071888191243 99.9609298512097 -213.3041343555659
    vertex -84.47282868394964 121.3360716384668 -201.5983604434246
    vertex -63.41736785322474 113.8999154106945 -213.3191194525362
  endloop
endfacet
facet normal 0.895439 -0.109961 -0.431389
  outer loop
    vertex 219.2052608619898 -38.94590907046425 -113.7201379576288
    vertex 222.4292037235946 -14.94920528732115 -113.1449097050557
    vertex 229.1780019047252 -29.5776399124613 -95.40758177506925
  endloop
endfacet
facet normal -0.388731 0.475994 -0.788871
  outer loop
    vertex -101.9278299656207 128.5142228752602 -188.6658739604687
    vertex -84.47282868394964 121.3360716384668 -201.5983604434246
    vertex -103.674160001326 107.4567433581242 -200.5111389795731
  endloop
endfacet
facet normal 0.432055 -0.376665 -0.819422
  outer loop
    vertex 97.10954760753484 -102.29750905336 -206.4096785641063
    vertex 106.4511194402899 -81.95076037824595 -210.8369797813857
    vertex 119.1306229404679 -96.81764717669245 -197.3176065965365
  endloop
endfacet
facet normal -0.299876 0.82782 -0.474118
  outer loop
    vertex -77.14567190763161 212.8075150721612 -106.1202470536699
    vertex -61.68155333312314 209.493276774208 -121.6879327000757
    vertex -83.856540576542 199.1172328232554 -125.7792041449789
  endloop
endfacet
facet normal -0.318724 -0.0316811 -0.947318
  outer loop
    vertex -92.19557887394807 -10.15037572687402 -232.1571560574882
    vertex -74.87879569228045 4.635342931889076 -238.4778387011621
    vertex -71.24446498784408 -18.30395303536941 -238.9334457791015
  endloop
endfacet
facet normal -0.51898 0.0772467 -0.851289
  outer loop
    vertex -133.898651381154 5.722293177467237 -211.0412436446945
    vertex -137.3011371312666 29.86837789711695 -206.7759119052704
    vertex -117.4284093291428 22.03831546725075 -219.6016423749905
  endloop
endfacet
facet normal -0.860269 -0.276396 -0.42842
  outer loop
    vertex -215.5433509602459 -79.83372160294412 -98.32416158733245
    vertex -220.775679059252 -57.40364565190552 -102.2884206633214
    vertex -208.2002952742394 -70.51664280738177 -119.0799736937142
  endloop
endfacet
facet normal -0.200642 -0.742258 -0.639372
  outer loop
    vertex -38.83874553862362 -192.2428417857251 -155.0298088340907
    vertex -62.51066090352024 -187.197498873871 -153.4585080364467
    vertex -49.96534380319305 -176.1596669649476 -170.2093891459207
  endloop
endfacet
facet normal 0.436052 -0.563936 -0.701309
  outer loop
    vertex 120.1742289038051 -132.0702085254375 -174.9731828807584
    vertex 108.4012317143283 -152.0095689554859 -166.2596280183012
    vertex 97.82160701898883 -138.3595517794817 -183.8139484141599
  endloop
endfacet
facet normal 0.136666 0.982793 -0.12426
  outer loop
    vertex 21.23837813220378 246.400138425742 -36.55000790818957
    vertex 31.73249831346155 247.3724876207206 -17.31764762092631
    vertex 48.01955069006614 243.3203964846277 -31.45325747975469
  endloop
endfacet
facet normal -0.388208 0.390924 -0.834549
  outer loop
    vertex -103.278770127062 85.10860611473633 -211.1634930717148
    vertex -103.674160001326 107.4567433581242 -200.5111389795731
    vertex -83.72071888191243 99.9609298512097 -213.3041343555659
  endloop
endfacet
facet normal 0.0571554 0.978989 -0.195737
  outer loop
    vertex 21.23837813220378 246.400138425742 -36.55000790818957
    vertex 19.97815065308016 241.4589768877532 -61.63145282079832
    vertex 0 245.1963198262603 -48.77258050384027
  endloop
endfacet
facet normal 0.0544395 0.954426 -0.293439
  outer loop
    vertex 0 239.2350840481018 -72.57116940150475
    vertex 19.97815065308016 241.4589768877532 -61.63145282079832
    vertex 21.23837811379635 234.5350760475434 -83.91799210222126
  endloop
endfacet
facet normal -0.548731 -0.414783 -0.725844
  outer loop
    vertex -125.7382299085302 -102.29093729607 -190.3325029693065
    vertex -138.8973945659543 -115.3493034215555 -172.9220980180137
    vertex -146.699355195896 -92.80187387560416 -179.9086195552754
  endloop
endfacet
facet normal -0.54417 0.806583 -0.230873
  outer loop
    vertex -125.7877110111649 205.6518988106432 -66.21743179970551
    vertex -145.5324514721279 193.1602022577297 -63.32015344474214
    vertex -137.7940446199196 203.8816531317906 -44.10297930448506
  endloop
endfacet
facet normal 0.341983 0.563724 -0.75184
  outer loop
    vertex 75.51865036113097 150.3921091326216 -184.8760313244388
    vertex 97.73127111790731 142.0133630029322 -181.0546971892072
    vertex 82.9724107899178 130.1436171036592 -196.667785808671
  endloop
endfacet
facet normal -0.597388 -0.593138 -0.539735
  outer loop
    vertex -159.1031803392005 -138.299334308857 -134.3855354406821
    vertex -139.8531138958326 -147.8694499112676 -145.1748336199439
    vertex -147.2163501793268 -158.3616988293525 -125.4946954407208
  endloop
endfacet
facet normal 0.400262 -0.865217 -0.301976
  outer loop
    vertex 112.5749600507568 -209.2856115753078 -77.62996301119746
    vertex 97.86301873517525 -221.4996828844332 -62.13469277412001
    vertex 88.80092720846825 -217.8898810957537 -84.48902321008721
  endloop
endfacet
facet normal -0.308362 -0.376846 -0.873441
  outer loop
    vertex -74.49945828204586 -81.96907034806098 -224.1225160976834
    vertex -66.55287414976669 -103.0696617161334 -217.8241487441811
    vertex -89.36076457464372 -96.59248650016424 -212.5665667652152
  endloop
endfacet
facet normal 0.36994 0.888022 -0.27306
  outer loop
    vertex 80.04174034303088 228.5258715410325 -62.20326228800494
    vertex 105.1484756649979 218.6305279836973 -60.36961403634375
    vertex 93.44444727208102 216.6781213457328 -82.57558358315821
  endloop
endfacet
facet normal -0.755306 -0.64589 -0.111078
  outer loop
    vertex -197.1000077235855 -152.2992713603421 -21.36630287324881
    vertex -187.7296189857948 -159.7880728908034 -41.53747605827284
    vertex -181.1860281131961 -170.9634402759272 -21.05054169335314
  endloop
endfacet
facet normal -0.417094 0.62671 -0.658231
  outer loop
    vertex -116.5302137744366 153.9641324412396 -158.7946951232961
    vertex -95.66711470877995 166.5069107401619 -160.0726455052983
    vertex -99.42067345007882 148.6492593058522 -174.6966725457422
  endloop
endfacet
facet normal 0.876307 -0.478061 -0.0595223
  outer loop
    vertex 218.5866540361456 -121.3254906327701 -1.485808737584041e-14
    vertex 211.5559593663316 -131.8638377467306 -18.86807757284615
    vertex 223.6176461138511 -109.0397838544903 -24.60637891820895
  endloop
endfacet
facet normal -0.974596 0.195709 -0.108907
  outer loop
    vertex -241.6338395388711 60.88736637238996 -20.1448803902497
    vertex -241.6311324417918 49.22744132614304 -41.12243737156687
    vertex -246.4074602302822 36.69528466710563 -20.90023028729571
  endloop
endfacet
facet normal 0.819555 -0.570389 -0.0546451
  outer loop
    vertex 197.2657703996118 -152.338599489602 -19.47220927872046
    vertex 211.5559593663316 -131.8638377467306 -18.86807757284615
    vertex 205.1908603018192 -142.8170537736979 -1.749004477676146e-14
  endloop
endfacet
facet normal -0.738055 -0.638924 -0.216912
  outer loop
    vertex -187.7296189857948 -159.7880728908034 -41.53747605827284
    vertex -191.8580171435829 -149.498515232813 -57.79874739920432
    vertex -177.0138856454016 -164.6140386285222 -63.78324682174861
  endloop
endfacet
facet normal -0.191774 0.844197 -0.500554
  outer loop
    vertex -42.31571181769587 204.9714429400212 -136.7336392861952
    vertex -61.68155333312314 209.493276774208 -121.6879327000757
    vertex -41.76087814064459 218.2680180599895 -114.5211829710396
  endloop
endfacet
facet normal -0.033741 0.427312 -0.903475
  outer loop
    vertex 0 95.67085819312797 -230.9698833099735
    vertex -23.29120331225695 106.6522057157804 -224.9062623944161
    vertex 0 117.8491842314701 -220.4803161206652
  endloop
endfacet
facet normal -0.0554684 0.707252 -0.704782
  outer loop
    vertex -19.8234112139383 167.4707536737454 -184.5550840041824
    vertex -20.55485343670086 184.8444144374269 -167.0629834867093
    vertex 0 176.7766952833549 -176.7766952833547
  endloop
endfacet
facet normal -0.36175 -0.190407 -0.912624
  outer loop
    vertex -80.73109416814465 -58.06494318521646 -229.370775835353
    vertex -103.1364766139564 -50.30835665273545 -222.1079387202537
    vertex -86.8375955935939 -34.25764137562737 -231.9173257842164
  endloop
endfacet
facet normal -0.142966 -0.565254 -0.812434
  outer loop
    vertex -48.30706743370657 -144.8621403855643 -197.9428895385444
    vertex -34.51391536506956 -129.7064086297729 -210.9147628937794
    vertex -23.61887885115074 -147.7960288701945 -200.2460546727832
  endloop
endfacet
facet normal -0.213065 -0.403901 -0.889644
  outer loop
    vertex -42.90744480315625 -110.4359691958859 -220.1427897711607
    vertex -66.55287414976669 -103.0696617161334 -217.8241487441811
    vertex -50.46930620787836 -88.37082761272261 -228.3493944768365
  endloop
endfacet
facet normal 0.457953 0.442502 -0.77102
  outer loop
    vertex 112.0143385371058 99.19925328193142 -200.2805435143461
    vertex 105.4016246770947 121.0903407015804 -191.6445326749606
    vertex 126.1704105719475 110.7948637188637 -185.2175090795268
  endloop
endfacet
facet normal -0.922927 0.340935 -0.1788
  outer loop
    vertex -227.4579126701673 85.97011770020372 -58.06924165462875
    vertex -235.6742087227173 73.4494869066727 -39.53277394855593
    vertex -227.34916540535 96.79232099077817 -37.9947836776179
  endloop
endfacet
facet normal 0.45445 -0.0316522 -0.89021
  outer loop
    vertex 101.895752946023 -12.66379944880254 -227.9405267061642
    vertex 112.6651660958884 5.786832149880348 -223.0987963263249
    vertex 122.9060789734256 -16.43200608909757 -217.0808257936797
  endloop
endfacet
facet normal -0.205792 0.0474481 -0.977445
  outer loop
    vertex -52.33701396550383 -1.343645399102415 -244.4566047097442
    vertex -59.94515004296461 21.66542979241247 -241.7378500322953
    vertex -39.61383156347358 17.49049009478678 -246.2210939483149
  endloop
endfacet
facet normal -0.135396 -0.0865104 -0.987008
  outer loop
    vertex -29.12476995486001 -8.748998714550988 -248.1435125014742
    vertex -24.94006798345752 -32.15078924511925 -246.6664139275885
    vertex -46.87500159836411 -25.39258240676872 -244.2497717171273
  endloop
endfacet
facet normal -0.636101 0.0914235 -0.76617
  outer loop
    vertex -155.3140662672723 36.30081063910306 -192.5091996930778
    vertex -151.6126064259753 13.14751231112026 -198.3450541171905
    vertex -169.4874460962365 20.16333053965732 -182.6675825572886
  endloop
endfacet
facet normal -0.152056 -0.143858 -0.977847
  outer loop
    vertex -46.87500159836411 -25.39258240676872 -244.2497717171273
    vertex -24.94006798345752 -32.15078924511925 -246.6664139275885
    vertex -40.85981963879497 -49.17543765417756 -241.686266615638
  endloop
endfacet
facet normal 0.386873 -0.362149 -0.848043
  outer loop
    vertex 85.55886974013791 -87.47988692758791 -218.0067640967283
    vertex 106.4511194402899 -81.95076037824595 -210.8369797813857
    vertex 97.10954760753484 -102.29750905336 -206.4096785641063
  endloop
endfacet
facet normal 0.146701 0.988977 -0.0200729
  outer loop
    vertex 48.77258050403213 245.1963201008076 0
    vertex 31.73249831346155 247.3724876207206 -17.31764762092631
    vertex 24.50428508239019 248.7961816680492 0
  endloop
endfacet
facet normal -0.364059 0.634713 -0.681616
  outer loop
    vertex -99.42067345007882 148.6492593058522 -174.6966725457422
    vertex -95.66711470877995 166.5069107401619 -160.0726455052983
    vertex -78.10467448720986 160.9510172462767 -174.6265440035842
  endloop
endfacet
facet normal 0.714638 -0.467639 -0.520198
  outer loop
    vertex 179.264243217605 -106.2313528298241 -138.1275887705449
    vertex 186.0174862410095 -117.349929110109 -118.8549071365093
    vertex 169.7804137244076 -126.5364190927306 -132.9027680628128
  endloop
endfacet
facet normal 0.331134 -0.180257 -0.926206
  outer loop
    vertex 86.13283768841316 -31.69564177335149 -232.5435885254996
    vertex 92.30347207781432 -53.46518013370176 -226.1007376273925
    vertex 70.48638388183545 -50.66096075191344 -234.4464474948503
  endloop
endfacet
facet normal -0.115336 0.552657 -0.82539
  outer loop
    vertex -21.36255049036052 129.0578072035341 -213.0439481336239
    vertex -42.09218640825083 138.7983362744938 -203.6253169200863
    vertex -20.28937562391052 147.2330664999835 -201.0242904870039
  endloop
endfacet
facet normal -0.969511 0.148679 -0.194788
  outer loop
    vertex -245.1438564991559 24.698671784139 -42.36112879540192
    vertex -241.6311324417918 49.22744132614304 -41.12243737156687
    vertex -239.0551802918331 37.96431289961295 -62.54064056035457
  endloop
endfacet
facet normal -0.541502 0.787904 -0.293228
  outer loop
    vertex -134.5975218641455 191.8246044449234 -87.10240087150022
    vertex -145.5324514721279 193.1602022577297 -63.32015344474214
    vertex -125.7877110111649 205.6518988106432 -66.21743179970551
  endloop
endfacet
facet normal -0.784656 -0.603841 -0.140323
  outer loop
    vertex -201.9505549706043 -141.0294892007677 -42.73940246231198
    vertex -187.7296189857948 -159.7880728908034 -41.53747605827284
    vertex -197.1000077235855 -152.2992713603421 -21.36630287324881
  endloop
endfacet
facet normal -0.502917 -0.018261 -0.864142
  outer loop
    vertex -113.5867962359645 -2.175017316051921 -222.695552314195
    vertex -129.0183835243112 -17.96852641422682 -213.3808538066969
    vertex -133.898651381154 5.722293177467237 -211.0412436446945
  endloop
endfacet
facet normal 0.430365 -0.649326 -0.627027
  outer loop
    vertex 95.8536344973581 -170.0399568563706 -156.200172298018
    vertex 108.4012317143283 -152.0095689554859 -166.2596280183012
    vertex 118.6318880092856 -162.7902104680351 -148.0737063868031
  endloop
endfacet
facet normal 0.0275299 0.802903 -0.595474
  outer loop
    vertex 0 207.8674030144876 -138.8925582180983
    vertex 20.87272354876525 200.8402038280458 -147.402652411569
    vertex 0 193.2526132978953 -158.5983210108419
  endloop
endfacet
facet normal -0.804705 -0.329144 -0.494079
  outer loop
    vertex -201.903109701058 -93.24454301556268 -114.1954004803234
    vertex -208.2002952742394 -70.51664280738177 -119.0799736937142
    vertex -193.0413684178522 -83.10730536370413 -135.3817043567819
  endloop
endfacet
facet normal -0.154292 -0.832568 -0.532
  outer loop
    vertex -52.76176370193927 -203.2472810703276 -135.6714377773745
    vertex -25.56415366295151 -205.2606651179137 -140.4084520349423
    vertex -33.37037302130732 -216.143985218272 -121.1123274418513
  endloop
endfacet
facet normal 0.0547685 0.292886 -0.954577
  outer loop
    vertex 21.23837811379603 83.91799210222128 -234.5350760475434
    vertex 17.95418697428689 60.58819183434706 -241.8816201788319
    vertex 0 72.57116940150476 -239.2350840481019
  endloop
endfacet
facet normal 0.800709 -0.192025 -0.567443
  outer loop
    vertex 198.5572978326364 -35.63490121096149 -147.6656808235642
    vertex 207.3859614244955 -50.07180761782922 -130.3222048843588
    vertex 193.9889278230097 -59.57577290506363 -146.0103529371921
  endloop
endfacet
facet normal 0.189755 -0.964356 -0.184421
  outer loop
    vertex 61.05739060265329 -238.7765669552208 -41.92548301300751
    vertex 35.36998228780664 -244.4057794290141 -38.92016616943396
    vertex 44.6227143208931 -238.5481268308045 -60.0300304193692
  endloop
endfacet
facet normal 0.979431 -0.148653 -0.136445
  outer loop
    vertex 241.8904041656066 -48.72855640038323 -40.18158986070775
    vertex 245.9025605386151 -24.36557794185348 -37.92425783205523
    vertex 246.2677197923497 -37.6766383359904 -20.80098824516973
  endloop
endfacet
facet normal 0.140743 -0.400605 -0.905377
  outer loop
    vertex 38.57040655872306 -87.75585910173413 -230.8922539437202
    vertex 44.83330973752537 -108.1033436061357 -220.9154622002563
    vertex 21.83483520714843 -102.8562382619892 -226.8123326057681
  endloop
endfacet
facet normal 0.0253069 0.740714 -0.671344
  outer loop
    vertex 0 193.2526132978953 -158.5983210108419
    vertex 20.10319672271425 184.3157383129396 -167.700835095368
    vertex 0 176.7766952833549 -176.7766952833547
  endloop
endfacet
facet normal 0.438007 0.569975 -0.695182
  outer loop
    vertex 119.0829551973659 132.6243247373193 -175.2998524512562
    vertex 97.73127111790731 142.0133630029322 -181.0546971892072
    vertex 110.0978007084957 152.7156384195032 -164.4883219601803
  endloop
endfacet
facet normal 0.0547685 0.191682 -0.979928
  outer loop
    vertex 0 48.77258050384022 -245.1963198262603
    vertex 17.95418697428689 60.58819183434706 -241.8816201788319
    vertex 21.23837813219502 36.55000790818159 -246.4001384257439
  endloop
endfacet
facet normal -0.249096 -0.712452 -0.65602
  outer loop
    vertex -49.96534380319305 -176.1596669649476 -170.2093891459207
    vertex -62.51066090352024 -187.197498873871 -153.4585080364467
    vertex -74.09309132078438 -171.1772556634247 -166.4588867019975
  endloop
endfacet
facet normal 0.68347 0.0186275 -0.729741
  outer loop
    vertex 174.0985777145267 -7.862810879342263 -179.2424655120951
    vertex 160.9317779943195 5.841430759833088 -191.2245813651193
    vertex 174.5842219864973 16.71041638770727 -178.1603531022513
  endloop
endfacet
facet normal 0.732158 0.667209 -0.13703
  outer loop
    vertex 189.8639984256371 157.4376159887043 -40.80513660831154
    vertex 174.2889230638189 174.5712312164659 -40.59872570440375
    vertex 184.6662200498945 167.1978596997791 -21.05380925858542
  endloop
endfacet
facet normal -0.226788 0.81302 -0.536252
  outer loop
    vertex -64.85168093041889 194.6701258084216 -142.8208724179783
    vertex -61.68155333312314 209.493276774208 -121.6879327000757
    vertex -42.31571181769587 204.9714429400212 -136.7336392861952
  endloop
endfacet
facet normal -0.70391 0.701572 -0.110939
  outer loop
    vertex -167.7350647859145 184.2266581105326 -20.62732369189031
    vertex -174.7050560980621 173.9145954549055 -41.61558435886182
    vertex -184.8829888962971 166.973523468879 -20.93138497948437
  endloop
endfacet
facet normal -0.903727 0.427431 -0.0240991
  outer loop
    vertex -220.4803160870887 117.8491842064995 0
    vertex -224.4179080487026 108.4233593789127 -19.51864974928382
    vertex -230.9698831278217 95.67085809127248 0
  endloop
endfacet
facet normal -0.197689 0.978663 -0.0560162
  outer loop
    vertex -48.77258050403199 245.1963201008076 0
    vertex -37.07668864628476 246.3888695438625 -20.44123587075785
    vertex -60.21058220408251 241.6018733363779 -22.43257878618095
  endloop
endfacet
facet normal 0.763977 -0.609296 -0.212359
  outer loop
    vertex 199.2715211792245 -141.1220973756398 -53.62289137316565
    vertex 190.1540106004592 -157.2721810796533 -40.08632324133989
    vertex 183.5854687787522 -157.233986977096 -63.82671065135824
  endloop
endfacet
facet normal 0.743151 0.515211 -0.426947
  outer loop
    vertex 193.6576637297714 117.8776772906568 -105.3639524471559
    vertex 178.0411191335326 130.1351987246227 -117.7547873786124
    vertex 183.8293334187016 138.5376218101654 -97.54026613670591
  endloop
endfacet
facet normal -0.527851 -0.124043 -0.84023
  outer loop
    vertex -143.3571727679238 -31.71093303096437 -202.3441072586334
    vertex -129.0183835243112 -17.96852641422682 -213.3808538066969
    vertex -123.5957364019976 -41.45911522428968 -213.3195624129841
  endloop
endfacet
facet normal 0.923669 0.269443 -0.272465
  outer loop
    vertex 230.5247475758921 76.96553954181077 -58.60585702904796
    vertex 235.5095271193228 55.95860689604185 -62.48117276657975
    vertex 226.5536684497187 68.03735778966042 -80.89717706432461
  endloop
endfacet
facet normal -0.954642 0.292452 -0.0559444
  outer loop
    vertex -239.2350839330522 72.5711693136156 0
    vertex -234.2242907968244 85.19420217692192 -19.51741571423871
    vertex -241.6338395388711 60.88736637238996 -20.1448803902497
  endloop
endfacet
facet normal -0.275424 0.569258 -0.774653
  outer loop
    vertex -59.88949807034194 151.8946173938483 -189.317915759864
    vertex -63.15111174854147 132.9505108197792 -202.0794367512019
    vertex -81.72253350210092 142.2920205661599 -188.6117928476306
  endloop
endfacet
facet normal -0.552914 -0.631527 -0.543562
  outer loop
    vertex -139.8531138958326 -147.8694499112676 -145.1748336199439
    vertex -127.8522257350411 -166.8847408523009 -135.2896583085953
    vertex -147.2163501793268 -158.3616988293525 -125.4946954407208
  endloop
endfacet
facet normal 0.0952967 0.557483 -0.8247
  outer loop
    vertex 21.23837812228196 128.0610548889111 -213.6569622443282
    vertex 15.89799041990926 148.9401944503616 -200.1601168507277
    vertex 34.83488741004039 145.3613884702893 -200.3911109832955
  endloop
endfacet
facet normal -0.770116 0.428719 -0.472357
  outer loop
    vertex -189.468788636648 119.3144220737712 -111.2009299320971
    vertex -183.8681113067114 109.5429249026752 -129.2008717008893
    vertex -199.8347994324757 95.02900639895626 -116.3423434464397
  endloop
endfacet
facet normal 0.744747 0.475476 -0.468267
  outer loop
    vertex 186.3687068904333 108.5598631328828 -126.417804159689
    vertex 178.0411191335326 130.1351987246227 -117.7547873786124
    vertex 193.6576637297714 117.8776772906568 -105.3639524471559
  endloop
endfacet
facet normal -0.979137 0.14729 -0.139986
  outer loop
    vertex -246.4074602302822 36.69528466710563 -20.90023028729571
    vertex -241.6311324417918 49.22744132614304 -41.12243737156687
    vertex -245.1438564991559 24.698671784139 -42.36112879540192
  endloop
endfacet
facet normal -0.329784 0.678107 -0.656821
  outer loop
    vertex -95.66711470877995 166.5069107401619 -160.0726455052983
    vertex -72.74294121296117 178.545179929682 -159.1542749270818
    vertex -78.10467448720986 160.9510172462767 -174.6265440035842
  endloop
endfacet
facet normal -0.505292 0.22698 -0.832562
  outer loop
    vertex -120.2054119582258 46.00572867719534 -214.3224950042191
    vertex -138.0023521350933 53.63013065771975 -201.4426962955411
    vertex -122.2640870629428 69.86092985828623 -206.5694640889615
  endloop
endfacet
facet normal 0.565771 -0.541108 -0.622178
  outer loop
    vertex 151.0351348822043 -136.0002475803974 -145.5758245354805
    vertex 130.9928318215575 -144.313228993982 -156.571293501394
    vertex 141.3423101171921 -124.5682639597086 -164.3322822357185
  endloop
endfacet
facet normal 0.950532 -0.13155 -0.281396
  outer loop
    vertex 237.8620245711005 -19.995407460921 -74.30909061083251
    vertex 240.937071769355 -34.1006384396802 -57.32777603583551
    vertex 233.614588533638 -43.4712779661541 -77.68186413989022
  endloop
endfacet
facet normal -0.870173 0.161872 -0.465399
  outer loop
    vertex -224.5194034157793 38.4058528069415 -103.0341106624116
    vertex -213.4605845432129 54.99476393018931 -117.941319251281
    vertex -214.0163883378451 29.19617208495551 -125.8752122477272
  endloop
endfacet
facet normal -0.29928 -0.953874 -0.0235918
  outer loop
    vertex -86.82631321120476 -234.4380330367702 -2.871037867568821e-14
    vertex -72.12269865288239 -238.5664263784718 -19.60552330417873
    vertex -62.66313306467994 -242.0192797165511 -2.963881362368223e-14
  endloop
endfacet
facet normal -0.729166 0.148296 -0.668075
  outer loop
    vertex -187.3476031372436 23.87198535214035 -163.801721340397
    vertex -187.9027321575621 46.99872127021357 -158.0622771147128
    vertex -172.2262027586677 41.78690961293322 -176.3292070767938
  endloop
endfacet
facet normal 0.915722 -0.386419 -0.110153
  outer loop
    vertex 223.6176461138511 -109.0397838544903 -24.60637891820895
    vertex 229.2024758501019 -91.32439329585922 -40.32468540889918
    vertex 234.0009157429061 -85.41079076784887 -21.17942992368141
  endloop
endfacet
facet normal 0.242912 0.969761 -0.0236142
  outer loop
    vertex 72.57116931361568 239.2350839330522 0
    vertex 64.30204791617437 240.8450822522653 -18.94447119044483
    vertex 48.77258050403213 245.1963201008076 0
  endloop
endfacet
facet normal 0.788636 -0.590074 -0.172817
  outer loop
    vertex 199.2715211792245 -141.1220973756398 -53.62289137316565
    vertex 203.4067030064586 -141.1778270396649 -34.56203588333334
    vertex 190.1540106004592 -157.2721810796533 -40.08632324133989
  endloop
endfacet
facet normal 0.837168 -0.0473149 -0.544895
  outer loop
    vertex 213.6447592931501 0.006904514782076261 -129.8303384379
    vertex 211.5414217279776 -24.73774282961341 -130.9132192446653
    vertex 201.3148187862298 -10.70970325847333 -147.8433156865163
  endloop
endfacet
facet normal -0.689762 -0.71546 -0.11111
  outer loop
    vertex -181.1860281131961 -170.9634402759272 -21.05054169335314
    vertex -173.5516409677613 -175.2546575846933 -40.81216622857918
    vertex -164.5153955020105 -187.1230239573598 -20.48556925912547
  endloop
endfacet
facet normal -0.632498 0.766704 -0.110051
  outer loop
    vertex -148.6301094035213 199.8815201577573 -21.36512293719221
    vertex -156.947852330291 190.1507486668033 -41.35292529390595
    vertex -167.7350647859145 184.2266581105326 -20.62732369189031
  endloop
endfacet
facet normal -0.615982 0.740239 -0.269467
  outer loop
    vertex -145.5324514721279 193.1602022577297 -63.32015344474214
    vertex -151.4431861718444 182.4564048790275 -79.21250962278904
    vertex -163.2060165675558 179.0671621345572 -61.63398089712286
  endloop
endfacet
facet normal -0.885358 -0.273035 -0.37629
  outer loop
    vertex -226.890233496682 -65.67501023115759 -81.9000303721462
    vertex -220.775679059252 -57.40364565190552 -102.2884206633214
    vertex -215.5433509602459 -79.83372160294412 -98.32416158733245
  endloop
endfacet
facet normal 0.570762 0.808813 -0.141607
  outer loop
    vertex 145.0255529919224 198.060267066768 -47.32567578838823
    vertex 132.0516130036422 208.8088786007627 -38.22595611136834
    vertex 147.6102209142405 200.3750876140585 -23.68642956014057
  endloop
endfacet
facet normal 0.752579 -0.420827 -0.506486
  outer loop
    vertex 197.0477300201667 -95.21789263602217 -120.854230442523
    vertex 186.0174862410095 -117.349929110109 -118.8549071365093
    vertex 179.264243217605 -106.2313528298241 -138.1275887705449
  endloop
endfacet
facet normal -0.053108 0.55301 -0.83148
  outer loop
    vertex -21.36255049036052 129.0578072035341 -213.0439481336239
    vertex -20.28937562391052 147.2330664999835 -201.0242904870039
    vertex 0 138.8925582180984 -207.8674030144875
  endloop
endfacet
facet normal 0.409445 -0.241188 -0.879877
  outer loop
    vertex 114.5986567945618 -57.83210022541275 -214.5287767279719
    vertex 94.3997348972522 -71.3414636625111 -220.2250794387849
    vertex 92.30347207781432 -53.46518013370176 -226.1007376273925
  endloop
endfacet
facet normal 0.51441 -0.349085 -0.783277
  outer loop
    vertex 119.1306229404679 -96.81764717669245 -197.3176065965365
    vertex 123.4540088990631 -77.18634859360374 -203.2273979500224
    vertex 139.9153284970977 -85.93876748419844 -188.5158590008971
  endloop
endfacet
facet normal -0.801731 -0.285204 -0.525249
  outer loop
    vertex -193.0413684178522 -83.10730536370413 -135.3817043567819
    vertex -208.2002952742394 -70.51664280738177 -119.0799736937142
    vertex -198.697576180127 -59.49484041078264 -139.5694708187938
  endloop
endfacet
facet normal 0.13848 0.898435 -0.416699
  outer loop
    vertex 43.36422990845691 227.7698373228107 -93.49034586729724
    vertex 39.633011397753 218.051032392795 -115.6847945063734
    vertex 20.66586332161062 225.2238519724688 -106.5229486817557
  endloop
endfacet
facet normal -0.387767 -0.69522 -0.605233
  outer loop
    vertex -85.86029427374784 -181.1101448943534 -149.4226397958882
    vertex -107.3459394229974 -174.7940337441244 -142.9121935205393
    vertex -97.49305487302294 -164.5503828744016 -160.9915393659356
  endloop
endfacet
facet normal -0.520378 0.756529 -0.396069
  outer loop
    vertex -119.5712532403301 192.2589344761567 -106.0151758600142
    vertex -134.9864613253609 180.7675110010078 -107.7114767578523
    vertex -134.5975218641455 191.8246044449234 -87.10240087150022
  endloop
endfacet
facet normal -0.766585 0.394282 -0.506842
  outer loop
    vertex -199.8347994324757 95.02900639895626 -116.3423434464397
    vertex -183.8681113067114 109.5429249026752 -129.2008717008893
    vertex -187.6575618401681 91.35027867235104 -137.6218226542844
  endloop
endfacet
facet normal 0.351547 0.606874 -0.712824
  outer loop
    vertex 75.51865036113097 150.3921091326216 -184.8760313244388
    vertex 89.09418298292948 161.8355983093078 -168.4383141641848
    vertex 97.73127111790731 142.0133630029322 -181.0546971892072
  endloop
endfacet
facet normal 0.387935 -0.90088 -0.194735
  outer loop
    vertex 85.47833668718941 -230.9343135319111 -43.16012964225757
    vertex 97.86301873517525 -221.4996828844332 -62.13469277412001
    vertex 108.5795290522975 -221.2474182285946 -41.95313811817446
  endloop
endfacet
facet normal 0.630237 -0.213834 -0.746375
  outer loop
    vertex 167.2516283157562 -56.44696882130622 -177.0328572232133
    vertex 151.6133150510455 -66.03317072312936 -187.4913946384806
    vertex 152.6519602325875 -42.33128039319165 -193.4048648235652
  endloop
endfacet
facet normal -0.135825 0.737855 -0.661151
  outer loop
    vertex -20.55485343670086 184.8444144374269 -167.0629834867093
    vertex -36.36733460526665 175.0747565445365 -174.7176195882369
    vertex -44.84767845020441 188.2801778751316 -158.2379864537458
  endloop
endfacet
facet normal -0.560127 -0.549834 -0.619629
  outer loop
    vertex -129.3883172745244 -136.8987789624679 -164.3696677354201
    vertex -139.8531138958326 -147.8694499112676 -145.1748336199439
    vertex -149.9800554661483 -127.2703737372956 -154.2991734622716
  endloop
endfacet
facet normal 0.517004 -0.651355 -0.555376
  outer loop
    vertex 118.6318880092856 -162.7902104680351 -148.0737063868031
    vertex 140.394588444281 -154.3198151176829 -137.7488809305003
    vertex 128.8696505113188 -171.7861633495857 -127.99268439532
  endloop
endfacet
facet normal -0.558169 0.735487 -0.384066
  outer loop
    vertex -134.5975218641455 191.8246044449234 -87.10240087150022
    vertex -134.9864613253609 180.7675110010078 -107.7114767578523
    vertex -149.5021750651937 175.6384951225105 -96.4376414159743
  endloop
endfacet
facet normal 0.409511 0.439163 -0.799648
  outer loop
    vertex 89.72191234940401 108.6274867945111 -206.5188794204399
    vertex 105.4016246770947 121.0903407015804 -191.6445326749606
    vertex 112.0143385371058 99.19925328193142 -200.2805435143461
  endloop
endfacet
facet normal 0.550055 0.801217 -0.235565
  outer loop
    vertex 141.2897092295941 193.7677695921954 -70.64891742328864
    vertex 126.5401858681284 208.3117070842997 -55.62206443565727
    vertex 145.0255529919224 198.060267066768 -47.32567578838823
  endloop
endfacet
facet normal -0.194474 0.10072 -0.975723
  outer loop
    vertex -39.61383156347358 17.49049009478678 -246.2210939483149
    vertex -59.94515004296461 21.66542979241247 -241.7378500322953
    vertex -45.71599699990121 36.84945472905717 -243.0065128848941
  endloop
endfacet
facet normal -0.642349 0.708064 -0.293315
  outer loop
    vertex -163.2060165675558 179.0671621345572 -61.63398089712286
    vertex -151.4431861718444 182.4564048790275 -79.21250962278904
    vertex -165.4363907878132 168.9922362696522 -81.07049206514056
  endloop
endfacet
facet normal 0.100352 -0.361654 -0.926896
  outer loop
    vertex 38.57040655872306 -87.75585910173413 -230.8922539437202
    vertex 21.83483520714843 -102.8562382619892 -226.8123326057681
    vertex 14.16743781108143 -82.89457489744525 -235.4310369480646
  endloop
endfacet
facet normal 0.463362 0.0716779 -0.883266
  outer loop
    vertex 112.6651660958884 5.786832149880348 -223.0987963263249
    vertex 105.11192148642 22.79005635155516 -225.6814066176601
    vertex 123.8380379107977 26.34554666825451 -215.5691363278952
  endloop
endfacet
facet normal 0.926209 0.220557 -0.305764
  outer loop
    vertex 226.5536684497187 68.03735778966042 -80.89717706432461
    vertex 235.5095271193228 55.95860689604185 -62.48117276657975
    vertex 230.6155880147961 44.1069021169495 -85.85471303449592
  endloop
endfacet
facet normal -0.286538 -0.510972 -0.810434
  outer loop
    vertex -71.92026541776653 -139.01206091946 -194.9438953677759
    vertex -81.49427699111716 -118.5178876487292 -204.4803000902
    vertex -59.61531867432315 -124.7379561119121 -208.2941575858084
  endloop
endfacet
facet normal -0.275325 0.680799 -0.678755
  outer loop
    vertex -78.10467448720986 160.9510172462767 -174.6265440035842
    vertex -72.74294121296117 178.545179929682 -159.1542749270818
    vertex -55.52625932395994 170.7000983413929 -174.0066405391678
  endloop
endfacet
facet normal -0.51824 -0.628559 -0.579949
  outer loop
    vertex -119.3477011446722 -156.3428228162387 -154.3147691743477
    vertex -127.8522257350411 -166.8847408523009 -135.2896583085953
    vertex -139.8531138958326 -147.8694499112676 -145.1748336199439
  endloop
endfacet
facet normal -0.499413 -0.704339 -0.504474
  outer loop
    vertex -133.4171686528825 -176.8075940865577 -115.9264153761831
    vertex -127.8522257350411 -166.8847408523009 -135.2896583085953
    vertex -114.2051882664998 -184.0122854899845 -124.8865635757737
  endloop
endfacet
facet normal -0.519367 -0.588574 -0.619548
  outer loop
    vertex -119.3477011446722 -156.3428228162387 -154.3147691743477
    vertex -139.8531138958326 -147.8694499112676 -145.1748336199439
    vertex -129.3883172745244 -136.8987789624679 -164.3696677354201
  endloop
endfacet
facet normal -0.102413 0.629293 -0.77039
  outer loop
    vertex -20.28937562391052 147.2330664999835 -201.0242904870039
    vertex -39.18071257471146 159.0251443233361 -188.8805845900525
    vertex -19.8234112139383 167.4707536737454 -184.5550840041824
  endloop
endfacet
facet normal 0.780878 -0.486946 -0.391297
  outer loop
    vertex 186.8438682451425 -132.2645924173371 -100.4760991075365
    vertex 197.8997464129372 -110.6040944360579 -105.3680438447764
    vertex 202.8141435177068 -117.2064304553973 -87.34458110886544
  endloop
endfacet
facet normal -0.394247 -0.918705 -0.0234746
  outer loop
    vertex -110.0985378894084 -224.4511348926855 -2.748733639113181e-14
    vertex -104.3459140092358 -226.4558255143818 -18.15734893031036
    vertex -86.82631321120476 -234.4380330367702 -2.871037867568821e-14
  endloop
endfacet
facet normal -0.0776215 -0.977188 -0.197681
  outer loop
    vertex -6.771572344258009 -245.983223519035 -44.11801848645208
    vertex -30.70106765381684 -244.6138985716172 -41.4907829585117
    vertex -24.79876000488701 -240.9962279558407 -61.69148736476111
  endloop
endfacet
facet normal 0.552742 -0.0293545 -0.832835
  outer loop
    vertex 131.1620006632464 2.31624830025365 -212.8172093037265
    vertex 147.7082376087666 -1.80553284570638 -201.6903978717262
    vertex 141.6708603137789 -19.2493279847766 -205.0824973275102
  endloop
endfacet
facet normal 0.394032 0.609527 -0.687907
  outer loop
    vertex 97.73127111790731 142.0133630029322 -181.0546971892072
    vertex 89.09418298292948 161.8355983093078 -168.4383141641848
    vertex 110.0978007084957 152.7156384195032 -164.4883219601803
  endloop
endfacet
facet normal -0.091957 -0.54636 -0.832487
  outer loop
    vertex -34.51391536506956 -129.7064086297729 -210.9147628937794
    vertex -10.24090806825092 -132.8618702498539 -211.5250510829595
    vertex -23.61887885115074 -147.7960288701945 -200.2460546727832
  endloop
endfacet
facet normal -0.049055 0.998538 -0.0226992
  outer loop
    vertex 0 250 0
    vertex -17.88824602800404 248.7135553138938 -17.93259761340524
    vertex -24.5042850823901 248.7961816680492 0
  endloop
endfacet
facet normal -0.528506 0.171035 -0.831522
  outer loop
    vertex -120.2054119582258 46.00572867719534 -214.3224950042191
    vertex -137.3011371312666 29.86837789711695 -206.7759119052704
    vertex -138.0023521350933 53.63013065771975 -201.4426962955411
  endloop
endfacet
facet normal 0.618812 0.0691557 -0.782489
  outer loop
    vertex 159.1909964265278 29.25268178712107 -190.532168583131
    vertex 160.9317779943195 5.841430759833088 -191.2245813651193
    vertex 143.7259605745777 16.59654557430131 -203.8808547458909
  endloop
endfacet
facet normal -0.1936 0.952554 -0.23486
  outer loop
    vertex -44.53981252465506 241.7159220700656 -45.71234098234885
    vertex -38.61054876834712 237.2478502660409 -68.72178015701658
    vertex -58.93684583403418 233.5946471348674 -66.78314931981009
  endloop
endfacet
facet normal 0.196326 -0.970521 -0.139802
  outer loop
    vertex 50.06303735380769 -244.0622860242727 -20.67106266057421
    vertex 35.36998228780664 -244.4057794290141 -38.92016616943396
    vertex 61.05739060265329 -238.7765669552208 -41.92548301300751
  endloop
endfacet
facet normal 0.0226875 0.427445 -0.903757
  outer loop
    vertex 0 117.8491842314701 -220.4803161206652
    vertex 19.1719380610207 106.5740028459889 -225.3317969314751
    vertex 0 95.67085819312797 -230.9698833099735
  endloop
endfacet
facet normal -0.929838 -0.343355 -0.132321
  outer loop
    vertex -233.6170115957322 -86.54779184810302 -20.79835616814361
    vertex -235.6635442362616 -74.66111471280669 -37.26139916649264
    vertex -227.884247224575 -94.38764322882801 -40.73993952617344
  endloop
endfacet
facet normal -0.0226339 0.99854 -0.0490551
  outer loop
    vertex 0 248.7961812346479 -24.5042850600455
    vertex -17.88824602800404 248.7135553138938 -17.93259761340524
    vertex 0 250 0
  endloop
endfacet
facet normal 0.645089 -0.124142 -0.753955
  outer loop
    vertex 152.6519602325875 -42.33128039319165 -193.4048648235652
    vertex 159.0975881040879 -16.60918217160506 -192.1252001353608
    vertex 172.2048517995366 -32.57489267536395 -178.2817023249671
  endloop
endfacet
facet normal 0.815639 -0.0943037 -0.570824
  outer loop
    vertex 201.3148187862298 -10.70970325847333 -147.8433156865163
    vertex 211.5414217279776 -24.73774282961341 -130.9132192446653
    vertex 198.5572978326364 -35.63490121096149 -147.6656808235642
  endloop
endfacet
facet normal 0.678256 0.116805 -0.725483
  outer loop
    vertex 159.1909964265278 29.25268178712107 -190.532168583131
    vertex 173.5233400926417 40.96382786123138 -175.2472974115402
    vertex 174.5842219864973 16.71041638770727 -178.1603531022513
  endloop
endfacet
facet normal 0.863914 -0.0515093 -0.500999
  outer loop
    vertex 222.4292037235946 -14.94920528732115 -113.1449097050557
    vertex 211.5414217279776 -24.73774282961341 -130.9132192446653
    vertex 213.6447592931501 0.006904514782076261 -129.8303384379
  endloop
endfacet
facet normal -0.385841 -0.726782 -0.568256
  outer loop
    vertex -85.86029427374784 -181.1101448943534 -149.4226397958882
    vertex -93.46312928953398 -190.1175589838157 -132.7401869421736
    vertex -107.3459394229974 -174.7940337441244 -142.9121935205393
  endloop
endfacet
facet normal -0.940224 -0.1379 -0.311389
  outer loop
    vertex -233.9262042153612 -23.08396426560708 -85.12145190947638
    vertex -230.7367500594883 -45.18033766053539 -84.96640077621987
    vertex -238.8558486753796 -35.24567914701088 -64.8507953307445
  endloop
endfacet
facet normal 0.956236 0.287882 -0.0523109
  outer loop
    vertex 240.8670475252879 63.06186340446325 -22.50037333929163
    vertex 234.9064326396665 84.05334569544225 -15.93747100101809
    vertex 239.2350839330522 72.57116931361553 0
  endloop
endfacet
facet normal 0.761972 -0.485674 -0.428392
  outer loop
    vertex 186.0174862410095 -117.349929110109 -118.8549071365093
    vertex 197.8997464129372 -110.6040944360579 -105.3680438447764
    vertex 186.8438682451425 -132.2645924173371 -100.4760991075365
  endloop
endfacet
facet normal 0.70589 0.559315 -0.43461
  outer loop
    vertex 178.0411191335326 130.1351987246227 -117.7547873786124
    vertex 167.9255191086874 150.1331342595358 -108.4484302767268
    vertex 183.8293334187016 138.5376218101654 -97.54026613670591
  endloop
endfacet
facet normal 0.739958 0.616938 -0.268048
  outer loop
    vertex 177.621649720337 164.0880578963312 -63.44807961188578
    vertex 192.4490111111358 148.5450147088722 -58.29027987140647
    vertex 188.1756170771439 145.8914573142054 -76.19461805385907
  endloop
endfacet
facet normal 0.516944 -0.826404 -0.223216
  outer loop
    vertex 130.4123806102155 -209.0240690606569 -42.44466441028881
    vertex 117.3903694790261 -212.956774236098 -58.04234196285778
    vertex 135.3214225540708 -199.6404756750485 -65.81635868219213
  endloop
endfacet
facet normal 0.309082 0.641651 -0.701963
  outer loop
    vertex 67.4335008354973 169.1818706063488 -171.2606715600685
    vertex 89.09418298292948 161.8355983093078 -168.4383141641848
    vertex 75.51865036113097 150.3921091326216 -184.8760313244388
  endloop
endfacet
facet normal -0.50084 0.130439 -0.855655
  outer loop
    vertex -117.4284093291428 22.03831546725075 -219.6016423749905
    vertex -137.3011371312666 29.86837789711695 -206.7759119052704
    vertex -120.2054119582258 46.00572867719534 -214.3224950042191
  endloop
endfacet
facet normal 0.0565491 -0.58506 -0.809016
  outer loop
    vertex 1.268628951393622 -148.788693617375 -200.8987686179749
    vertex 15.59532595932851 -135.4008910732791 -209.5790650441602
    vertex 26.44755968021853 -149.380797264205 -198.7106036316929
  endloop
endfacet
facet normal -0.304779 0.174953 -0.936216
  outer loop
    vertex -82.76612658119939 55.02832552342506 -229.3940968744245
    vertex -63.25311709361044 47.67069992814069 -237.1213772444466
    vertex -78.53147855358128 30.13604330636562 -235.4243525424362
  endloop
endfacet
facet normal 0.200322 0.363182 -0.909929
  outer loop
    vertex 60.23708467886834 81.47696153584484 -228.5453967339472
    vertex 36.47286150279987 92.13360998913541 -229.5236987419109
    vertex 50.3341438958542 103.4626351302895 -221.9503482542166
  endloop
endfacet
facet normal -0.959097 -0.24699 -0.138308
  outer loop
    vertex -240.2473014290597 -52.58222841978088 -44.9037126579144
    vertex -235.6635442362616 -74.66111471280669 -37.26139916649264
    vertex -241.1672746551311 -62.47849824886666 -20.85144819869662
  endloop
endfacet
facet normal -0.263579 -0.806072 -0.529881
  outer loop
    vertex -75.87522539361879 -203.7192036825502 -123.456211761155
    vertex -74.00966870056082 -193.5019626547614 -139.9269787696016
    vertex -52.76176370193927 -203.2472810703276 -135.6714377773745
  endloop
endfacet
facet normal 0.756767 -0.644912 -0.106734
  outer loop
    vertex 180.8192333177182 -171.2745747480433 -21.66621580409283
    vertex 190.1540106004592 -157.2721810796533 -40.08632324133989
    vertex 197.2657703996118 -152.338599489602 -19.47220927872046
  endloop
endfacet
facet normal 0.387725 -0.639956 -0.66342
  outer loop
    vertex 85.75289622248582 -157.7619437552704 -173.9471468349351
    vertex 108.4012317143283 -152.0095689554859 -166.2596280183012
    vertex 95.8536344973581 -170.0399568563706 -156.200172298018
  endloop
endfacet
facet normal -0.236485 -0.969978 -0.0567262
  outer loop
    vertex -62.66313306467994 -242.0192797165511 -2.963881362368223e-14
    vertex -72.12269865288239 -238.5664263784718 -19.60552330417873
    vertex -49.94705635713171 -243.6273691412477 -25.51463436092546
  endloop
endfacet
facet normal 0.389616 -0.598377 -0.700103
  outer loop
    vertex 97.82160701898883 -138.3595517794817 -183.8139484141599
    vertex 108.4012317143283 -152.0095689554859 -166.2596280183012
    vertex 85.75289622248582 -157.7619437552704 -173.9471468349351
  endloop
endfacet
facet normal -0.941277 0.336794 -0.023834
  outer loop
    vertex -230.9698831278217 95.67085809127248 0
    vertex -234.2242907968244 85.19420217692192 -19.51741571423871
    vertex -239.2350839330522 72.5711693136156 0
  endloop
endfacet
facet normal -0.548483 -0.0304655 -0.835606
  outer loop
    vertex -129.0183835243112 -17.96852641422682 -213.3808538066969
    vertex -148.3977737743838 -9.317619391902403 -200.975826177365
    vertex -133.898651381154 5.722293177467237 -211.0412436446945
  endloop
endfacet
facet normal -0.261829 -0.0223188 -0.964856
  outer loop
    vertex -71.24446498784408 -18.30395303536941 -238.9334457791015
    vertex -74.87879569228045 4.635342931889076 -238.4778387011621
    vertex -52.33701396550383 -1.343645399102415 -244.4566047097442
  endloop
endfacet
facet normal -0.826483 -0.236846 -0.510715
  outer loop
    vertex -198.697576180127 -59.49484041078264 -139.5694708187938
    vertex -208.2002952742394 -70.51664280738177 -119.0799736937142
    vertex -212.6941017762711 -47.33031891095116 -122.5604339963468
  endloop
endfacet
facet normal -0.599357 -0.551606 -0.580088
  outer loop
    vertex -149.9800554661483 -127.2703737372956 -154.2991734622716
    vertex -139.8531138958326 -147.8694499112676 -145.1748336199439
    vertex -159.1031803392005 -138.299334308857 -134.3855354406821
  endloop
endfacet
facet normal -0.902073 -0.344619 -0.259811
  outer loop
    vertex -220.7639950671757 -88.53788902504181 -76.96947894438028
    vertex -222.1845111341317 -97.77053588482801 -59.79101374688727
    vertex -230.8476174665481 -75.82946830051213 -58.8155527669331
  endloop
endfacet
facet normal -0.136109 0.523577 -0.841036
  outer loop
    vertex -21.36255049036052 129.0578072035341 -213.0439481336239
    vertex -43.46036860243788 122.4408907722172 -213.5870422751489
    vertex -42.09218640825083 138.7983362744938 -203.6253169200863
  endloop
endfacet
facet normal -0.0956045 -0.0797241 -0.992222
  outer loop
    vertex -29.12476995486001 -8.748998714550988 -248.1435125014742
    vertex -11.7474539870825 -18.03707197365393 -249.0715988615294
    vertex -24.94006798345752 -32.15078924511925 -246.6664139275885
  endloop
endfacet
facet normal -0.0874371 -0.852124 -0.515984
  outer loop
    vertex -33.37037302130732 -216.143985218272 -121.1123274418513
    vertex -25.56415366295151 -205.2606651179137 -140.4084520349423
    vertex -7.741611257899788 -214.8206429135197 -127.6407412754784
  endloop
endfacet
facet normal 0.90321 -0.304857 -0.302115
  outer loop
    vertex 220.31049924868 -79.41028425038303 -87.50594651834081
    vertex 228.6376219808483 -63.3657972611591 -78.80110121312005
    vertex 227.2279691430804 -82.56979288894053 -63.63709092493766
  endloop
endfacet
facet normal -0.881172 0.20425 -0.4264
  outer loop
    vertex -220.7922167205913 62.66156092724685 -99.11773715016076
    vertex -213.4605845432129 54.99476393018931 -117.941319251281
    vertex -224.5194034157793 38.4058528069415 -103.0341106624116
  endloop
endfacet
facet normal 0.601599 -0.315782 -0.73373
  outer loop
    vertex 139.9153284970977 -85.93876748419844 -188.5158590008971
    vertex 151.6133150510455 -66.03317072312936 -187.4913946384806
    vertex 160.4220949128641 -79.89255743627795 -174.3041328542128
  endloop
endfacet
facet normal -0.78821 -0.536309 -0.301824
  outer loop
    vertex -188.6145057400028 -144.6855270932435 -77.39939582583803
    vertex -203.1617872039623 -131.0878552372864 -63.57092440243554
    vertex -199.2301448330927 -124.6979143850373 -85.19260260026586
  endloop
endfacet
facet normal -0.950739 0.29247 -0.102745
  outer loop
    vertex -241.6338395388711 60.88736637238996 -20.1448803902497
    vertex -234.2242907968244 85.19420217692192 -19.51741571423871
    vertex -235.6742087227173 73.4494869066727 -39.53277394855593
  endloop
endfacet
facet normal 0.4029 0.647911 -0.646438
  outer loop
    vertex 110.0978007084957 152.7156384195032 -164.4883219601803
    vertex 89.09418298292948 161.8355983093078 -168.4383141641848
    vertex 100.2818700968184 171.3548445784321 -151.9245331386153
  endloop
endfacet
facet normal -0.54997 0.691099 -0.468951
  outer loop
    vertex -146.6815614883968 164.1242912520722 -118.5231476983743
    vertex -134.9864613253609 180.7675110010078 -107.7114767578523
    vertex -127.0838292508791 176.2880555718484 -123.5808310606071
  endloop
endfacet
facet normal -0.351784 -0.793662 -0.496335
  outer loop
    vertex -97.39526052724243 -199.5108116215987 -114.9330208117821
    vertex -93.46312928953398 -190.1175589838157 -132.7401869421736
    vertex -75.87522539361879 -203.7192036825502 -123.456211761155
  endloop
endfacet
facet normal 0.427463 -0.276165 -0.860818
  outer loop
    vertex 106.4511194402899 -81.95076037824595 -210.8369797813857
    vertex 94.3997348972522 -71.3414636625111 -220.2250794387849
    vertex 114.5986567945618 -57.83210022541275 -214.5287767279719
  endloop
endfacet
facet normal 0.106592 0.877971 -0.466695
  outer loop
    vertex 20.66586332161062 225.2238519724688 -106.5229486817557
    vertex 39.633011397753 218.051032392795 -115.6847945063734
    vertex 21.66747764825148 213.9718554382429 -127.4620158819019
  endloop
endfacet
facet normal 0.0250639 0.969727 -0.242904
  outer loop
    vertex 0 245.1963198262603 -48.77258050384027
    vertex 19.97815065308016 241.4589768877532 -61.63145282079832
    vertex 0 239.2350840481018 -72.57116940150475
  endloop
endfacet
facet normal 0.0669559 -0.932251 -0.355563
  outer loop
    vertex 3.678140074394992 -232.1233766229336 -92.76426742426662
    vertex 22.55733481788425 -227.9546349901324 -100.1391583369332
    vertex 25.77835220786488 -235.7774150911881 -79.02206711017404
  endloop
endfacet
facet normal 0.952867 0.225803 -0.202625
  outer loop
    vertex 235.5095271193228 55.95860689604185 -62.48117276657975
    vertex 237.1179642159946 66.19989219216747 -43.50454366853766
    vertex 241.6160018025207 48.06041050631038 -42.56647289744874
  endloop
endfacet
facet normal -0.821127 0.560006 -0.110195
  outer loop
    vertex -199.3055433674755 149.4620667221196 -20.93778866423159
    vertex -202.2343295367105 141.3957695605655 -40.10626269315843
    vertex -212.359013322149 129.7510996083901 -23.83907739944975
  endloop
endfacet
facet normal -0.561413 -0.0760202 -0.824037
  outer loop
    vertex -143.3571727679238 -31.71093303096437 -202.3441072586334
    vertex -148.3977737743838 -9.317619391902403 -200.975826177365
    vertex -129.0183835243112 -17.96852641422682 -213.3808538066969
  endloop
endfacet
facet normal 0.723532 -0.660303 -0.201251
  outer loop
    vertex 183.5854687787522 -157.233986977096 -63.82671065135824
    vertex 190.1540106004592 -157.2721810796533 -40.08632324133989
    vertex 170.5322050988683 -176.642965683116 -47.07472462788274
  endloop
endfacet
facet normal -0.254444 -0.363344 -0.896236
  outer loop
    vertex -50.46930620787836 -88.37082761272261 -228.3493944768365
    vertex -66.55287414976669 -103.0696617161334 -217.8241487441811
    vertex -74.49945828204586 -81.96907034806098 -224.1225160976834
  endloop
endfacet
facet normal -0.481946 -0.865869 -0.134157
  outer loop
    vertex -122.153141469974 -217.1687579710708 -20.40442575322811
    vertex -130.9115300627749 -209.5731271879769 -37.9641364616033
    vertex -110.6939474134193 -220.2577204863474 -41.63395936243943
  endloop
endfacet
facet normal 0.713515 0.480242 -0.510161
  outer loop
    vertex 169.425463657614 121.092715324815 -138.3169062684163
    vertex 178.0411191335326 130.1351987246227 -117.7547873786124
    vertex 186.3687068904333 108.5598631328828 -126.417804159689
  endloop
endfacet
facet normal 0.598882 0.788031 -0.142647
  outer loop
    vertex 147.6102209142405 200.3750876140585 -23.68642956014057
    vertex 159.0831550735003 188.9968781158379 -38.3761623189156
    vertex 145.0255529919224 198.060267066768 -47.32567578838823
  endloop
endfacet
facet normal 0.419146 0.858185 -0.296372
  outer loop
    vertex 93.44444727208102 216.6781213457328 -82.57558358315821
    vertex 105.1484756649979 218.6305279836973 -60.36961403634375
    vertex 116.8757306418183 207.292085816643 -76.61628250396025
  endloop
endfacet
facet normal 0.659461 0.0711689 -0.748363
  outer loop
    vertex 174.5842219864973 16.71041638770727 -178.1603531022513
    vertex 160.9317779943195 5.841430759833088 -191.2245813651193
    vertex 159.1909964265278 29.25268178712107 -190.532168583131
  endloop
endfacet
facet normal 0.871591 -0.25944 -0.415956
  outer loop
    vertex 212.463328074373 -76.0859025157924 -107.5651879648741
    vertex 214.5759599253358 -57.94523055653305 -114.4530806831818
    vertex 223.6122336166783 -55.515875910412 -97.03379050031914
  endloop
endfacet
facet normal 0.872779 -0.105835 -0.476503
  outer loop
    vertex 219.2052608619898 -38.94590907046425 -113.7201379576288
    vertex 211.5414217279776 -24.73774282961341 -130.9132192446653
    vertex 222.4292037235946 -14.94920528732115 -113.1449097050557
  endloop
endfacet
facet normal -0.215518 0.862791 -0.457322
  outer loop
    vertex -61.68155333312314 209.493276774208 -121.6879327000757
    vertex -58.94483280076559 219.6848771833657 -103.7499948097315
    vertex -41.76087814064459 218.2680180599895 -114.5211829710396
  endloop
endfacet
facet normal -0.821438 -0.488784 -0.293821
  outer loop
    vertex -199.2301448330927 -124.6979143850373 -85.19260260026586
    vertex -203.1617872039623 -131.0878552372864 -63.57092440243554
    vertex -212.5330786695206 -111.181087821485 -70.48727673904402
  endloop
endfacet
facet normal 0.790303 0.59762 -0.135173
  outer loop
    vertex 199.9050881569687 148.6697352620263 -20.8630186232381
    vertex 202.9481761277047 140.0238811083859 -41.29588993813732
    vertex 189.8639984256371 157.4376159887043 -40.80513660831154
  endloop
endfacet
facet normal -0.548161 -0.669856 -0.500813
  outer loop
    vertex -147.2163501793268 -158.3616988293525 -125.4946954407208
    vertex -127.8522257350411 -166.8847408523009 -135.2896583085953
    vertex -133.4171686528825 -176.8075940865577 -115.9264153761831
  endloop
endfacet
facet normal 0.547448 0.83033 -0.104178
  outer loop
    vertex 147.6102209142405 200.3750876140585 -23.68642956014057
    vertex 132.0516130036422 208.8088786007627 -38.22595611136834
    vertex 126.9861173786002 214.3592645285151 -20.60659369965025
  endloop
endfacet
facet normal -0.227267 0.90164 -0.367961
  outer loop
    vertex -44.30708278086286 229.1182324565885 -89.6756264066132
    vertex -58.94483280076559 219.6848771833657 -103.7499948097315
    vertex -68.76899570220544 224.2983661564454 -86.37747489744748
  endloop
endfacet
facet normal -0.265126 0.855166 -0.445421
  outer loop
    vertex -77.14567190763161 212.8075150721612 -106.1202470536699
    vertex -58.94483280076559 219.6848771833657 -103.7499948097315
    vertex -61.68155333312314 209.493276774208 -121.6879327000757
  endloop
endfacet
facet normal 0.129545 -0.968645 -0.212002
  outer loop
    vertex 44.6227143208931 -238.5481268308045 -60.0300304193692
    vertex 35.36998228780664 -244.4057794290141 -38.92016616943396
    vertex 17.9477321778308 -243.3149806240893 -54.5499689603203
  endloop
endfacet
facet normal 0.786651 -0.604242 -0.126777
  outer loop
    vertex 190.1540106004592 -157.2721810796533 -40.08632324133989
    vertex 203.4067030064586 -141.1778270396649 -34.56203588333334
    vertex 197.2657703996118 -152.338599489602 -19.47220927872046
  endloop
endfacet
facet normal 0.405632 0.00309312 -0.914031
  outer loop
    vertex 92.74069068719146 10.48477640621136 -231.9250606436795
    vertex 112.6651660958884 5.786832149880348 -223.0987963263249
    vertex 101.895752946023 -12.66379944880254 -227.9405267061642
  endloop
endfacet
facet normal 0.359311 0.254852 -0.897745
  outer loop
    vertex 101.4157209456717 63.01971569547356 -219.6437273830767
    vertex 90.27721097231885 51.5094547934675 -227.3693058570993
    vertex 81.90068689668323 73.45391179377681 -224.4923168574896
  endloop
endfacet
facet normal -0.0443914 -0.576457 -0.815921
  outer loop
    vertex -23.61887885115074 -147.7960288701945 -200.2460546727832
    vertex -10.24090806825092 -132.8618702498539 -211.5250510829595
    vertex 1.268628951393622 -148.788693617375 -200.8987686179749
  endloop
endfacet
facet normal -0.482991 -0.113761 -0.868204
  outer loop
    vertex -123.5957364019976 -41.45911522428968 -213.3195624129841
    vertex -129.0183835243112 -17.96852641422682 -213.3808538066969
    vertex -108.7151789587969 -26.38680052741577 -223.5726875579464
  endloop
endfacet
facet normal -0.857113 -0.234934 -0.458435
  outer loop
    vertex -208.2002952742394 -70.51664280738177 -119.0799736937142
    vertex -220.775679059252 -57.40364565190552 -102.2884206633214
    vertex -212.6941017762711 -47.33031891095116 -122.5604339963468
  endloop
endfacet
facet normal -0.0633389 0.376097 -0.924413
  outer loop
    vertex -19.24264928674295 79.36181281743156 -236.2867391851654
    vertex -23.29120331225695 106.6522057157804 -224.9062623944161
    vertex 0 95.67085819312797 -230.9698833099735
  endloop
endfacet
facet normal -0.136314 0.596308 -0.791098
  outer loop
    vertex -42.09218640825083 138.7983362744938 -203.6253169200863
    vertex -39.18071257471146 159.0251443233361 -188.8805845900525
    vertex -20.28937562391052 147.2330664999835 -201.0242904870039
  endloop
endfacet
facet normal -0.104784 -0.788112 -0.606547
  outer loop
    vertex -13.78312138628571 -193.9299893128323 -157.1661057924884
    vertex -25.56415366295151 -205.2606651179137 -140.4084520349423
    vertex -38.83874553862362 -192.2428417857251 -155.0298088340907
  endloop
endfacet
facet normal -0.485389 -0.853766 -0.188363
  outer loop
    vertex -110.6939474134193 -220.2577204863474 -41.63395936243943
    vertex -130.9115300627749 -209.5731271879769 -37.9641364616033
    vertex -127.1550285704836 -207.2961836960507 -57.96456619601898
  endloop
endfacet
facet normal 0.496207 -0.257177 -0.82924
  outer loop
    vertex 135.5940812267464 -61.39107990917076 -200.8615952437407
    vertex 123.4540088990631 -77.18634859360374 -203.2273979500224
    vertex 114.5986567945618 -57.83210022541275 -214.5287767279719
  endloop
endfacet
facet normal -0.362968 0.437711 -0.822596
  outer loop
    vertex -103.674160001326 107.4567433581242 -200.5111389795731
    vertex -84.47282868394964 121.3360716384668 -201.5983604434246
    vertex -83.72071888191243 99.9609298512097 -213.3041343555659
  endloop
endfacet
facet normal -0.224178 0.497532 -0.837977
  outer loop
    vertex -63.15111174854147 132.9505108197792 -202.0794367512019
    vertex -43.46036860243788 122.4408907722172 -213.5870422751489
    vertex -63.41736785322474 113.8999154106945 -213.3191194525362
  endloop
endfacet
facet normal 0.824102 0.555219 -0.112198
  outer loop
    vertex 213.157413012081 128.7248720652202 -22.22216438130653
    vertex 202.9481761277047 140.0238811083859 -41.29588993813732
    vertex 199.9050881569687 148.6697352620263 -20.8630186232381
  endloop
endfacet
facet normal 0.848461 -0.52885 -0.0207794
  outer loop
    vertex 205.1908603018192 -142.8170537736979 -1.749004477676146e-14
    vertex 211.5559593663316 -131.8638377467306 -18.86807757284615
    vertex 218.5866540361456 -121.3254906327701 -1.485808737584041e-14
  endloop
endfacet
facet normal 0.702019 0.59566 -0.390331
  outer loop
    vertex 183.8293334187016 138.5376218101654 -97.54026613670591
    vertex 167.9255191086874 150.1331342595358 -108.4484302767268
    vertex 172.4115328722709 158.0023297491953 -88.37152893585362
  endloop
endfacet
facet normal 0.938744 0.263687 -0.221873
  outer loop
    vertex 230.5247475758921 76.96553954181077 -58.60585702904796
    vertex 237.1179642159946 66.19989219216747 -43.50454366853766
    vertex 235.5095271193228 55.95860689604185 -62.48117276657975
  endloop
endfacet
facet normal 0.842362 0.519568 -0.143091
  outer loop
    vertex 214.7999230405591 119.9460543862226 -44.42901190604238
    vertex 202.9481761277047 140.0238811083859 -41.29588993813732
    vertex 213.157413012081 128.7248720652202 -22.22216438130653
  endloop
endfacet
facet normal 0.67882 0.523693 -0.514731
  outer loop
    vertex 160.9400891799895 141.5395994305643 -128.7044268382888
    vertex 178.0411191335326 130.1351987246227 -117.7547873786124
    vertex 169.425463657614 121.092715324815 -138.3169062684163
  endloop
endfacet
facet normal 0.432719 -0.860859 -0.267724
  outer loop
    vertex 112.5749600507568 -209.2856115753078 -77.62996301119746
    vertex 117.3903694790261 -212.956774236098 -58.04234196285778
    vertex 97.86301873517525 -221.4996828844332 -62.13469277412001
  endloop
endfacet
facet normal 0.57942 -0.763338 -0.285635
  outer loop
    vertex 147.9085731067888 -183.5975166664617 -83.15651432943808
    vertex 154.9201004436747 -185.8889430911174 -62.80973901385887
    vertex 135.3214225540708 -199.6404756750485 -65.81635868219213
  endloop
endfacet
facet normal 0.65925 -0.0237112 -0.75155
  outer loop
    vertex 174.0985777145267 -7.862810879342263 -179.2424655120951
    vertex 159.0975881040879 -16.60918217160506 -192.1252001353608
    vertex 160.9317779943195 5.841430759833088 -191.2245813651193
  endloop
endfacet
facet normal 0.988632 0.102004 -0.110459
  outer loop
    vertex 248.4868936634786 13.30892981344504 -24.02365635568129
    vertex 245.1239098536756 28.8389919601848 -39.78167116609777
    vertex 246.400138471072 36.55000786969202 -21.23837767255313
  endloop
endfacet
facet normal 0.903224 -0.370962 -0.21581
  outer loop
    vertex 227.2279691430804 -82.56979288894053 -63.63709092493766
    vertex 229.2024758501019 -91.32439329585922 -40.32468540889918
    vertex 220.744238787121 -105.6175698333732 -51.15574244194909
  endloop
endfacet
facet normal 0.89322 -0.267522 -0.361373
  outer loop
    vertex 223.6122336166783 -55.515875910412 -97.03379050031914
    vertex 228.6376219808483 -63.3657972611591 -78.80110121312005
    vertex 220.31049924868 -79.41028425038303 -87.50594651834081
  endloop
endfacet
facet normal -0.468267 -0.0622888 -0.881389
  outer loop
    vertex -108.7151789587969 -26.38680052741577 -223.5726875579464
    vertex -129.0183835243112 -17.96852641422682 -213.3808538066969
    vertex -113.5867962359645 -2.175017316051921 -222.695552314195
  endloop
endfacet
facet normal -0.605826 -0.0880537 -0.790709
  outer loop
    vertex -161.9430806767435 -21.51716982055866 -189.2391344934736
    vertex -148.3977737743838 -9.317619391902403 -200.975826177365
    vertex -143.3571727679238 -31.71093303096437 -202.3441072586334
  endloop
endfacet
facet normal -0.0502992 -0.831882 -0.552669
  outer loop
    vertex -25.56415366295151 -205.2606651179137 -140.4084520349423
    vertex -1.486775150909104 -203.9152954218811 -144.6248311759001
    vertex -7.741611257899788 -214.8206429135197 -127.6407412754784
  endloop
endfacet
facet normal 0.627453 -0.719676 -0.29727
  outer loop
    vertex 166.5302035234238 -171.0656048950886 -74.19063375065927
    vertex 154.9201004436747 -185.8889430911174 -62.80973901385887
    vertex 147.9085731067888 -183.5975166664617 -83.15651432943808
  endloop
endfacet
facet normal 0.456791 -0.283381 -0.84323
  outer loop
    vertex 114.5986567945618 -57.83210022541275 -214.5287767279719
    vertex 123.4540088990631 -77.18634859360374 -203.2273979500224
    vertex 106.4511194402899 -81.95076037824595 -210.8369797813857
  endloop
endfacet
facet normal 0.136682 0.929958 -0.341315
  outer loop
    vertex 21.23837811379635 234.5350760475434 -83.91799210222126
    vertex 36.69446953847599 236.2805742625867 -72.97263960850066
    vertex 43.36422990845691 227.7698373228107 -93.49034586729724
  endloop
endfacet
facet normal -0.735183 0.663439 -0.139124
  outer loop
    vertex -184.8829888962971 166.973523468879 -20.93138497948437
    vertex -174.7050560980621 173.9145954549055 -41.61558435886182
    vertex -190.5224934302944 156.2434369975133 -42.29855662203529
  endloop
endfacet
facet normal -0.128082 -0.473175 -0.871608
  outer loop
    vertex -18.84137240653441 -116.1708382587348 -220.5659516428163
    vertex -34.51391536506956 -129.7064086297729 -210.9147628937794
    vertex -42.90744480315625 -110.4359691958859 -220.1427897711607
  endloop
endfacet
facet normal 0.200862 -0.325797 -0.923856
  outer loop
    vertex 54.23107553053971 -69.20732070825615 -234.0284965707926
    vertex 60.66070216097199 -87.92490466737759 -226.0298439422777
    vertex 38.57040655872306 -87.75585910173413 -230.8922539437202
  endloop
endfacet
facet normal -0.650302 0.555761 -0.517915
  outer loop
    vertex -171.4406956471325 128.155945317287 -129.1671070972012
    vertex -163.2011873664418 147.6565092664378 -118.5872156407846
    vertex -151.8007768150196 144.1261065929269 -136.6901223816882
  endloop
endfacet
facet normal 0.320975 -0.234027 -0.917718
  outer loop
    vertex 92.30347207781432 -53.46518013370176 -226.1007376273925
    vertex 76.1868135409446 -71.179130934537 -227.2203792838164
    vertex 70.48638388183545 -50.66096075191344 -234.4464474948503
  endloop
endfacet
facet normal -0.128119 0.668741 -0.732374
  outer loop
    vertex -39.18071257471146 159.0251443233361 -188.8805845900525
    vertex -36.36733460526665 175.0747565445365 -174.7176195882369
    vertex -19.8234112139383 167.4707536737454 -184.5550840041824
  endloop
endfacet
facet normal 0.0476832 -0.812004 -0.581701
  outer loop
    vertex 19.21702084086177 -208.9986506740506 -135.8317714175445
    vertex -1.486775150909104 -203.9152954218811 -144.6248311759001
    vertex 11.0076089636381 -194.9216750444247 -156.1549651557047
  endloop
endfacet
facet normal 0.678032 0.562922 -0.472642
  outer loop
    vertex 160.9400891799895 141.5395994305643 -128.7044268382888
    vertex 167.9255191086874 150.1331342595358 -108.4484302767268
    vertex 178.0411191335326 130.1351987246227 -117.7547873786124
  endloop
endfacet
facet normal 0.0191788 0.242935 -0.969853
  outer loop
    vertex 0 72.57116940150476 -239.2350840481019
    vertex 17.95418697428689 60.58819183434706 -241.8816201788319
    vertex 0 48.77258050384022 -245.1963198262603
  endloop
endfacet
facet normal 0.805385 -0.242369 -0.540937
  outer loop
    vertex 193.9889278230097 -59.57577290506363 -146.0103529371921
    vertex 207.3859614244955 -50.07180761782922 -130.3222048843588
    vertex 203.0336168336965 -70.96904932364632 -127.4391795074246
  endloop
endfacet
facet normal 0.805082 -0.398049 -0.439773
  outer loop
    vertex 207.9683740128878 -96.20750307587814 -99.96635315115041
    vertex 197.8997464129372 -110.6040944360579 -105.3680438447764
    vertex 197.0477300201667 -95.21789263602217 -120.854230442523
  endloop
endfacet
facet normal 0.973638 -0.143947 -0.17694
  outer loop
    vertex 240.937071769355 -34.1006384396802 -57.32777603583551
    vertex 245.9025605386151 -24.36557794185348 -37.92425783205523
    vertex 241.8904041656066 -48.72855640038323 -40.18158986070775
  endloop
endfacet
facet normal -0.95549 -0.186412 -0.228668
  outer loop
    vertex -238.8558486753796 -35.24567914701088 -64.8507953307445
    vertex -234.4804729810009 -55.5731439765951 -66.56225250968248
    vertex -240.2473014290597 -52.58222841978088 -44.9037126579144
  endloop
endfacet
facet normal 0.0546204 0.551883 -0.832131
  outer loop
    vertex 0 138.8925582180984 -207.8674030144875
    vertex 15.89799041990926 148.9401944503616 -200.1601168507277
    vertex 21.23837812228196 128.0610548889111 -213.6569622443282
  endloop
endfacet
facet normal 0.557766 -0.653707 -0.511434
  outer loop
    vertex 128.8696505113188 -171.7861633495857 -127.99268439532
    vertex 140.394588444281 -154.3198151176829 -137.7488809305003
    vertex 149.4640309335653 -161.1387207632837 -119.1419998483436
  endloop
endfacet
facet normal 0.0558706 0.832842 -0.550684
  outer loop
    vertex 21.66747764825148 213.9718554382429 -127.4620158819019
    vertex 20.87272354876525 200.8402038280458 -147.402652411569
    vertex 0 207.8674030144876 -138.8925582180983
  endloop
endfacet
facet normal 0.316843 0.680311 -0.660899
  outer loop
    vertex 67.4335008354973 169.1818706063488 -171.2606715600685
    vertex 79.3552501673893 179.0143910476833 -155.4239108654077
    vertex 89.09418298292948 161.8355983093078 -168.4383141641848
  endloop
endfacet
facet normal 0.664028 -0.706976 -0.243418
  outer loop
    vertex 170.5322050988683 -176.642965683116 -47.07472462788274
    vertex 154.9201004436747 -185.8889430911174 -62.80973901385887
    vertex 166.5302035234238 -171.0656048950886 -74.19063375065927
  endloop
endfacet
facet normal -0.904774 -0.224006 -0.362222
  outer loop
    vertex -226.890233496682 -65.67501023115759 -81.9000303721462
    vertex -230.7367500594883 -45.18033766053539 -84.96640077621987
    vertex -220.775679059252 -57.40364565190552 -102.2884206633214
  endloop
endfacet
facet normal 0.855791 -0.33881 -0.390935
  outer loop
    vertex 207.9683740128878 -96.20750307587814 -99.96635315115041
    vertex 212.463328074373 -76.0859025157924 -107.5651879648741
    vertex 220.31049924868 -79.41028425038303 -87.50594651834081
  endloop
endfacet
facet normal -0.0576006 -0.807774 -0.586671
  outer loop
    vertex -13.78312138628571 -193.9299893128323 -157.1661057924884
    vertex -1.486775150909104 -203.9152954218811 -144.6248311759001
    vertex -25.56415366295151 -205.2606651179137 -140.4084520349423
  endloop
endfacet
facet normal 0.627579 -0.0200508 -0.778295
  outer loop
    vertex 159.0975881040879 -16.60918217160506 -192.1252001353608
    vertex 147.7082376087666 -1.80553284570638 -201.6903978717262
    vertex 160.9317779943195 5.841430759833088 -191.2245813651193
  endloop
endfacet
facet normal 0.294269 -0.336434 -0.894549
  outer loop
    vertex 60.66070216097199 -87.92490466737759 -226.0298439422777
    vertex 76.1868135409446 -71.179130934537 -227.2203792838164
    vertex 85.55886974013791 -87.47988692758791 -218.0067640967283
  endloop
endfacet
facet normal -0.308286 -0.942968 -0.12558
  outer loop
    vertex -70.26384904208267 -236.1152309683913 -42.57451376744817
    vertex -72.12269865288239 -238.5664263784718 -19.60552330417873
    vertex -89.37958126160892 -231.5665363577848 -29.80318259445104
  endloop
endfacet
facet normal 0.0587446 0.700074 -0.71165
  outer loop
    vertex 0 176.7766952833549 -176.7766952833547
    vertex 20.10319672271425 184.3157383129396 -167.700835095368
    vertex 22.51731826901974 165.4273792893747 -186.0826498076084
  endloop
endfacet
facet normal 0.269159 0.714245 -0.646071
  outer loop
    vertex 57.85520800095954 186.5568493086819 -156.0426764804534
    vertex 79.3552501673893 179.0143910476833 -155.4239108654077
    vertex 67.4335008354973 169.1818706063488 -171.2606715600685
  endloop
endfacet
facet normal 0.214301 0.280361 -0.935667
  outer loop
    vertex 60.23708467886834 81.47696153584484 -228.5453967339472
    vertex 54.10115296247233 56.3123556198908 -237.4910184673731
    vertex 39.60845958081444 71.70457458375607 -236.1982724606544
  endloop
endfacet
facet normal -0.103647 0.953851 -0.281826
  outer loop
    vertex -20.91521680473468 235.2808890096055 -81.8868547012319
    vertex -38.61054876834712 237.2478502660409 -68.72178015701658
    vertex -21.00272226278721 242.005572866592 -59.0947405364036
  endloop
endfacet
facet normal 0.0920286 -0.980956 -0.171043
  outer loop
    vertex 35.36998228780664 -244.4057794290141 -38.92016616943396
    vertex 12.22048225973709 -247.1208265789826 -35.80442548428733
    vertex 17.9477321778308 -243.3149806240893 -54.5499689603203
  endloop
endfacet
facet normal 0.150224 -0.98333 -0.102443
  outer loop
    vertex 25.20921235749044 -247.8888022262278 -20.3871857587323
    vertex 35.36998228780664 -244.4057794290141 -38.92016616943396
    vertex 50.06303735380769 -244.0622860242727 -20.67106266057421
  endloop
endfacet
facet normal 0.923983 -0.276471 -0.264235
  outer loop
    vertex 227.2279691430804 -82.56979288894053 -63.63709092493766
    vertex 228.6376219808483 -63.3657972611591 -78.80110121312005
    vertex 235.8426704548893 -57.24695358816923 -60.00850854320984
  endloop
endfacet
facet normal 0.00830702 -0.0567973 -0.998351
  outer loop
    vertex 15.51346954878179 -19.18974833516721 -248.7791908930326
    vertex -11.7474539870825 -18.03707197365393 -249.0715988615294
    vertex -3.749151804555344e-30 1.530757942277972e-14 -250
  endloop
endfacet
facet normal -0.279887 0.235245 -0.930765
  outer loop
    vertex -62.83432659762661 70.49294200699775 -231.4791405898615
    vertex -63.25311709361044 47.67069992814069 -237.1213772444466
    vertex -82.76612658119939 55.02832552342506 -229.3940968744245
  endloop
endfacet
facet normal -0.784201 0.182791 -0.592973
  outer loop
    vertex -187.9027321575621 46.99872127021357 -158.0622771147128
    vertex -198.8840277405917 33.19750325897282 -147.7940096453507
    vertex -201.8203199962346 51.38853662589742 -138.3032058199169
  endloop
endfacet
facet normal -0.939888 -0.177757 -0.291569
  outer loop
    vertex -230.7367500594883 -45.18033766053539 -84.96640077621987
    vertex -234.4804729810009 -55.5731439765951 -66.56225250968248
    vertex -238.8558486753796 -35.24567914701088 -64.8507953307445
  endloop
endfacet
facet normal -0.813268 0.329976 -0.479282
  outer loop
    vertex -201.5509100633584 72.64947186754883 -128.8382120723438
    vertex -210.7605430490863 74.52090712659434 -111.9224190887766
    vertex -199.8347994324757 95.02900639895626 -116.3423434464397
  endloop
endfacet
facet normal -0.930794 0.34069 -0.132485
  outer loop
    vertex -235.6742087227173 73.4494869066727 -39.53277394855593
    vertex -234.2242907968244 85.19420217692192 -19.51741571423871
    vertex -227.34916540535 96.79232099077817 -37.9947836776179
  endloop
endfacet
facet normal 0.952509 -0.239993 -0.18743
  outer loop
    vertex 235.6874252349815 -72.29980142894826 -41.52320194107913
    vertex 235.8426704548893 -57.24695358816923 -60.00850854320984
    vertex 241.8904041656066 -48.72855640038323 -40.18158986070775
  endloop
endfacet
facet normal 0.966 -0.0838435 -0.24457
  outer loop
    vertex 243.979935103922 -9.769986546848255 -53.65015032188107
    vertex 240.937071769355 -34.1006384396802 -57.32777603583551
    vertex 237.8620245711005 -19.995407460921 -74.30909061083251
  endloop
endfacet
facet normal 0.923238 -0.327377 -0.201137
  outer loop
    vertex 235.6874252349815 -72.29980142894826 -41.52320194107913
    vertex 229.2024758501019 -91.32439329585922 -40.32468540889918
    vertex 227.2279691430804 -82.56979288894053 -63.63709092493766
  endloop
endfacet
facet normal -0.873971 0.482651 -0.0567685
  outer loop
    vertex -212.359013322149 129.7510996083901 -23.83907739944975
    vertex -224.4179080487026 108.4233593789127 -19.51864974928382
    vertex -220.4803160870887 117.8491842064995 0
  endloop
endfacet
facet normal 0.139862 0.0481942 -0.988997
  outer loop
    vertex 46.57872927201692 19.20635030033197 -244.8704516423839
    vertex 37.62430591722797 -1.54119099460799 -247.147802609218
    vertex 21.20542256858416 12.10209431752915 -248.8048821201413
  endloop
endfacet
facet normal 0.356787 0.684166 -0.636097
  outer loop
    vertex 89.09418298292948 161.8355983093078 -168.4383141641848
    vertex 79.3552501673893 179.0143910476833 -155.4239108654077
    vertex 100.2818700968184 171.3548445784321 -151.9245331386153
  endloop
endfacet
facet normal -0.579012 0.0126078 -0.815222
  outer loop
    vertex -133.898651381154 5.722293177467237 -211.0412436446945
    vertex -148.3977737743838 -9.317619391902403 -200.975826177365
    vertex -151.6126064259753 13.14751231112026 -198.3450541171905
  endloop
endfacet
facet normal 0.520139 -0.618734 -0.588747
  outer loop
    vertex 130.9928318215575 -144.313228993982 -156.571293501394
    vertex 140.394588444281 -154.3198151176829 -137.7488809305003
    vertex 118.6318880092856 -162.7902104680351 -148.0737063868031
  endloop
endfacet
facet normal -0.763544 0.138218 -0.630791
  outer loop
    vertex -187.3476031372436 23.87198535214035 -163.801721340397
    vertex -198.8840277405917 33.19750325897282 -147.7940096453507
    vertex -187.9027321575621 46.99872127021357 -158.0622771147128
  endloop
endfacet
facet normal 0.631862 0.768384 -0.101671
  outer loop
    vertex 167.7245793482794 184.2186468968518 -20.78354199687213
    vertex 159.0831550735003 188.9968781158379 -38.3761623189156
    vertex 147.6102209142405 200.3750876140585 -23.68642956014057
  endloop
endfacet
facet normal -0.738193 -0.616628 -0.273571
  outer loop
    vertex -177.0138856454016 -164.6140386285222 -63.78324682174861
    vertex -191.8580171435829 -149.498515232813 -57.79874739920432
    vertex -188.6145057400028 -144.6855270932435 -77.39939582583803
  endloop
endfacet
facet normal 0.122754 0.409497 -0.904015
  outer loop
    vertex 19.1719380610207 106.5740028459889 -225.3317969314751
    vertex 35.75676187281229 112.1406041382295 -220.5582437450115
    vertex 36.47286150279987 92.13360998913541 -229.5236987419109
  endloop
endfacet
facet normal -0.889078 0.421819 -0.17779
  outer loop
    vertex -227.34916540535 96.79232099077817 -37.9947836776179
    vertex -219.1143140135164 114.4548308778889 -37.26941216466911
    vertex -218.3765447783595 108.3923310502084 -55.34245441039967
  endloop
endfacet
facet normal -0.83066 0.349046 -0.433786
  outer loop
    vertex -199.8347994324757 95.02900639895626 -116.3423434464397
    vertex -210.7605430490863 74.52090712659434 -111.9224190887766
    vertex -213.9721710466968 86.04480351805853 -96.49975028517865
  endloop
endfacet
facet normal -0.622122 0.00265547 -0.782916
  outer loop
    vertex -148.3977737743838 -9.317619391902403 -200.975826177365
    vertex -165.7340014971909 -0.1418365244178643 -187.1689627853119
    vertex -151.6126064259753 13.14751231112026 -198.3450541171905
  endloop
endfacet
facet normal 0.931964 -0.284924 -0.224191
  outer loop
    vertex 227.2279691430804 -82.56979288894053 -63.63709092493766
    vertex 235.8426704548893 -57.24695358816923 -60.00850854320984
    vertex 235.6874252349815 -72.29980142894826 -41.52320194107913
  endloop
endfacet
facet normal -0.87747 -0.18585 -0.44216
  outer loop
    vertex -212.6941017762711 -47.33031891095116 -122.5604339963468
    vertex -220.775679059252 -57.40364565190552 -102.2884206633214
    vertex -224.3217048957978 -35.03523450027175 -104.6532610870467
  endloop
endfacet
facet normal -0.862316 0.468422 -0.192331
  outer loop
    vertex -218.3765447783595 108.3923310502084 -55.34245441039967
    vertex -219.1143140135164 114.4548308778889 -37.26941216466911
    vertex -209.561832798879 127.016284681408 -49.50456200903279
  endloop
endfacet
facet normal -0.138101 0.935442 -0.325386
  outer loop
    vertex -44.30708278086286 229.1182324565885 -89.6756264066132
    vertex -38.61054876834712 237.2478502660409 -68.72178015701658
    vertex -20.91521680473468 235.2808890096055 -81.8868547012319
  endloop
endfacet
facet normal 0.830767 0.520977 -0.195984
  outer loop
    vertex 202.5153518699528 133.3506631097293 -60.86980290082028
    vertex 202.9481761277047 140.0238811083859 -41.29588993813732
    vertex 214.7999230405591 119.9460543862226 -44.42901190604238
  endloop
endfacet
facet normal 0.96305 0.231708 -0.13728
  outer loop
    vertex 241.6160018025207 48.06041050631038 -42.56647289744874
    vertex 237.1179642159946 66.19989219216747 -43.50454366853766
    vertex 240.8670475252879 63.06186340446325 -22.50037333929163
  endloop
endfacet
facet normal -0.609138 0.613013 -0.503157
  outer loop
    vertex -151.8007768150196 144.1261065929269 -136.6901223816882
    vertex -163.2011873664418 147.6565092664378 -118.5872156407846
    vertex -146.6815614883968 164.1242912520722 -118.5231476983743
  endloop
endfacet
facet normal 0.065404 -0.451949 -0.889643
  outer loop
    vertex 21.83483520714843 -102.8562382619892 -226.8123326057681
    vertex 26.18463529401673 -119.1381872704209 -218.2211199871302
    vertex 5.516879535059545 -118.4108669603421 -220.110042083263
  endloop
endfacet
facet normal -0.0876994 -0.509006 -0.856284
  outer loop
    vertex -18.84137240653441 -116.1708382587348 -220.5659516428163
    vertex -10.24090806825092 -132.8618702498539 -211.5250510829595
    vertex -34.51391536506956 -129.7064086297729 -210.9147628937794
  endloop
endfacet
facet normal -0.629118 0.632855 -0.451337
  outer loop
    vertex -146.6815614883968 164.1242912520722 -118.5231476983743
    vertex -163.2011873664418 147.6565092664378 -118.5872156407846
    vertex -164.383254605939 158.6824952469563 -101.4791175925309
  endloop
endfacet
facet normal -0.861559 0.25453 -0.439239
  outer loop
    vertex -220.7922167205913 62.66156092724685 -99.11773715016076
    vertex -210.7605430490863 74.52090712659434 -111.9224190887766
    vertex -213.4605845432129 54.99476393018931 -117.941319251281
  endloop
endfacet
facet normal -0.205607 0.521513 -0.8281
  outer loop
    vertex -42.09218640825083 138.7983362744938 -203.6253169200863
    vertex -43.46036860243788 122.4408907722172 -213.5870422751489
    vertex -63.15111174854147 132.9505108197792 -202.0794367512019
  endloop
endfacet
facet normal -0.418535 -0.734121 -0.534691
  outer loop
    vertex -107.3459394229974 -174.7940337441244 -142.9121935205393
    vertex -93.46312928953398 -190.1175589838157 -132.7401869421736
    vertex -114.2051882664998 -184.0122854899845 -124.8865635757737
  endloop
endfacet
facet normal 0.0957309 0.468105 -0.878472
  outer loop
    vertex 21.23837812228196 128.0610548889111 -213.6569622443282
    vertex 35.75676187281229 112.1406041382295 -220.5582437450115
    vertex 19.1719380610207 106.5740028459889 -225.3317969314751
  endloop
endfacet
facet normal 0.0980041 0.951934 -0.290202
  outer loop
    vertex 19.97815065308016 241.4589768877532 -61.63145282079832
    vertex 36.69446953847599 236.2805742625867 -72.97263960850066
    vertex 21.23837811379635 234.5350760475434 -83.91799210222126
  endloop
endfacet
facet normal 0.58246 -0.780404 -0.227399
  outer loop
    vertex 135.3214225540708 -199.6404756750485 -65.81635868219213
    vertex 154.9201004436747 -185.8889430911174 -62.80973901385887
    vertex 150.9160447021329 -194.5072768389927 -43.48869632609444
  endloop
endfacet
facet normal 0.782979 0.593553 -0.186113
  outer loop
    vertex 202.9481761277047 140.0238811083859 -41.29588993813732
    vertex 192.4490111111358 148.5450147088722 -58.29027987140647
    vertex 189.8639984256371 157.4376159887043 -40.80513660831154
  endloop
endfacet
facet normal -0.330244 -0.784892 -0.524294
  outer loop
    vertex -93.46312928953398 -190.1175589838157 -132.7401869421736
    vertex -74.00966870056082 -193.5019626547614 -139.9269787696016
    vertex -75.87522539361879 -203.7192036825502 -123.456211761155
  endloop
endfacet
facet normal 0.60047 -0.610525 -0.516424
  outer loop
    vertex 140.394588444281 -154.3198151176829 -137.7488809305003
    vertex 159.8007414009452 -143.9356150950377 -127.4608243929145
    vertex 149.4640309335653 -161.1387207632837 -119.1419998483436
  endloop
endfacet
facet normal 0.452867 0.12539 -0.882717
  outer loop
    vertex 123.8380379107977 26.34554666825451 -215.5691363278952
    vertex 105.11192148642 22.79005635155516 -225.6814066176601
    vertex 104.9964665019531 40.84109934392578 -223.1764921009465
  endloop
endfacet
facet normal 0.42906 -0.876854 -0.216873
  outer loop
    vertex 97.86301873517525 -221.4996828844332 -62.13469277412001
    vertex 117.3903694790261 -212.956774236098 -58.04234196285778
    vertex 108.5795290522975 -221.2474182285946 -41.95313811817446
  endloop
endfacet
facet normal 0.372465 0.0940038 -0.923273
  outer loop
    vertex 85.02019005960497 33.58785872391365 -232.6873933597845
    vertex 105.11192148642 22.79005635155516 -225.6814066176601
    vertex 92.74069068719146 10.48477640621136 -231.9250606436795
  endloop
endfacet
facet normal 0.654896 0.670407 -0.348805
  outer loop
    vertex 172.4115328722709 158.0023297491953 -88.37152893585362
    vertex 156.3186275057184 168.8085991692598 -97.81688781207777
    vertex 159.1009342063274 176.1209810528307 -78.53847953495348
  endloop
endfacet
facet normal 0.638883 0.603935 -0.476541
  outer loop
    vertex 150.6196248731469 160.8916305936463 -118.0153032788128
    vertex 167.9255191086874 150.1331342595358 -108.4484302767268
    vertex 160.9400891799895 141.5395994305643 -128.7044268382888
  endloop
endfacet
facet normal -0.698338 0.467245 -0.542223
  outer loop
    vertex -171.9050110596124 108.3791215434915 -145.6112399028853
    vertex -183.8681113067114 109.5429249026752 -129.2008717008893
    vertex -171.4406956471325 128.155945317287 -129.1671070972012
  endloop
endfacet
facet normal 0.67198 0.728682 -0.132161
  outer loop
    vertex 174.2889230638189 174.5712312164659 -40.59872570440375
    vertex 159.0831550735003 188.9968781158379 -38.3761623189156
    vertex 167.7245793482794 184.2186468968518 -20.78354199687213
  endloop
endfacet
facet normal 0.0979703 -0.98644 -0.131675
  outer loop
    vertex 25.20921235749044 -247.8888022262278 -20.3871857587323
    vertex 12.22048225973709 -247.1208265789826 -35.80442548428733
    vertex 35.36998228780664 -244.4057794290141 -38.92016616943396
  endloop
endfacet
facet normal -0.676615 -0.0488416 -0.734716
  outer loop
    vertex -178.4971689420363 -10.9847434471092 -174.6942932413058
    vertex -165.7340014971909 -0.1418365244178643 -187.1689627853119
    vertex -161.9430806767435 -21.51716982055866 -189.2391344934736
  endloop
endfacet
facet normal -0.248213 0.0323249 -0.968166
  outer loop
    vertex -74.87879569228045 4.635342931889076 -238.4778387011621
    vertex -59.94515004296461 21.66542979241247 -241.7378500322953
    vertex -52.33701396550383 -1.343645399102415 -244.4566047097442
  endloop
endfacet
facet normal 0.160118 -0.481054 -0.861945
  outer loop
    vertex 39.04636633489402 -132.4738584507972 -208.3891986241115
    vertex 26.18463529401673 -119.1381872704209 -218.2211199871302
    vertex 44.83330973752537 -108.1033436061357 -220.9154622002563
  endloop
endfacet
facet normal 0.30101 0.952285 -0.0504587
  outer loop
    vertex 84.52720966329278 234.351101740336 -20.84974675214117
    vertex 64.30204791617437 240.8450822522653 -18.94447119044483
    vertex 72.57116931361568 239.2350839330522 0
  endloop
endfacet
facet normal -0.469848 -0.700576 -0.537063
  outer loop
    vertex -127.8522257350411 -166.8847408523009 -135.2896583085953
    vertex -107.3459394229974 -174.7940337441244 -142.9121935205393
    vertex -114.2051882664998 -184.0122854899845 -124.8865635757737
  endloop
endfacet
facet normal -0.110679 0.0974149 -0.989071
  outer loop
    vertex -21.23837813222288 36.55000790826861 -246.4001384257286
    vertex -21.238378131919 12.22257262882975 -248.7961816681651
    vertex -39.61383156347358 17.49049009478678 -246.2210939483149
  endloop
endfacet
facet normal 0.362108 0.717414 -0.595143
  outer loop
    vertex 100.2818700968184 171.3548445784321 -151.9245331386153
    vertex 79.3552501673893 179.0143910476833 -155.4239108654077
    vertex 88.55153885138169 187.8644711797674 -139.1602149876127
  endloop
endfacet
facet normal -0.435028 -0.660889 -0.611537
  outer loop
    vertex -97.49305487302294 -164.5503828744016 -160.9915393659356
    vertex -107.3459394229974 -174.7940337441244 -142.9121935205393
    vertex -119.3477011446722 -156.3428228162387 -154.3147691743477
  endloop
endfacet
facet normal 0.644343 -0.270924 -0.715138
  outer loop
    vertex 160.4220949128641 -79.89255743627795 -174.3041328542128
    vertex 151.6133150510455 -66.03317072312936 -187.4913946384806
    vertex 167.2516283157562 -56.44696882130622 -177.0328572232133
  endloop
endfacet
facet normal -0.0284873 -0.487396 -0.872716
  outer loop
    vertex 5.516879535059545 -118.4108669603421 -220.110042083263
    vertex -10.24090806825092 -132.8618702498539 -211.5250510829595
    vertex -18.84137240653441 -116.1708382587348 -220.5659516428163
  endloop
endfacet
facet normal 0.0962589 0.382128 -0.919083
  outer loop
    vertex 19.1719380610207 106.5740028459889 -225.3317969314751
    vertex 36.47286150279987 92.13360998913541 -229.5236987419109
    vertex 21.23837811379603 83.91799210222128 -234.5350760475434
  endloop
endfacet
facet normal 0.124116 0.249265 -0.960449
  outer loop
    vertex 39.60845958081444 71.70457458375607 -236.1982724606544
    vertex 37.71467405043309 50.94047586159665 -241.8319070765139
    vertex 17.95418697428689 60.58819183434706 -241.8816201788319
  endloop
endfacet
facet normal 0.675936 -0.0802793 -0.732574
  outer loop
    vertex 172.2048517995366 -32.57489267536395 -178.2817023249671
    vertex 159.0975881040879 -16.60918217160506 -192.1252001353608
    vertex 174.0985777145267 -7.862810879342263 -179.2424655120951
  endloop
endfacet
facet normal 0.660785 0.63683 -0.397254
  outer loop
    vertex 167.9255191086874 150.1331342595358 -108.4484302767268
    vertex 156.3186275057184 168.8085991692598 -97.81688781207777
    vertex 172.4115328722709 158.0023297491953 -88.37152893585362
  endloop
endfacet
facet normal 0.0487578 0.992571 -0.111467
  outer loop
    vertex 0 248.7961812346479 -24.5042850600455
    vertex 15.54800353427601 249.0222234899066 -15.69050012718352
    vertex 21.23837813220378 246.400138425742 -36.55000790818957
  endloop
endfacet
facet normal 0.134493 -0.897794 -0.419377
  outer loop
    vertex 42.57870989769592 -226.7093331658474 -96.38429186825338
    vertex 22.55733481788425 -227.9546349901324 -100.1391583369332
    vertex 33.18675294529615 -218.9186130231285 -116.0744601580278
  endloop
endfacet
facet normal 0.344567 -0.256417 -0.903063
  outer loop
    vertex 92.30347207781432 -53.46518013370176 -226.1007376273925
    vertex 94.3997348972522 -71.3414636625111 -220.2250794387849
    vertex 76.1868135409446 -71.179130934537 -227.2203792838164
  endloop
endfacet
facet normal 0.256978 0.194422 -0.946658
  outer loop
    vertex 60.18256815257462 36.92250463335299 -239.8224075063895
    vertex 54.10115296247233 56.3123556198908 -237.4910184673731
    vertex 73.66838836230902 55.99596346695964 -232.2443123770891
  endloop
endfacet
facet normal 0.22417 0.782477 -0.580928
  outer loop
    vertex 48.75024882627422 203.8725683602597 -136.2328488638756
    vertex 69.76728437859353 193.3913585393454 -142.2403194341984
    vertex 57.85520800095954 186.5568493086819 -156.0426764804534
  endloop
endfacet
facet normal 0.111082 -0.554795 -0.824539
  outer loop
    vertex 26.44755968021853 -149.380797264205 -198.7106036316929
    vertex 15.59532595932851 -135.4008910732791 -209.5790650441602
    vertex 39.04636633489402 -132.4738584507972 -208.3891986241115
  endloop
endfacet
facet normal -0.63471 -0.0378157 -0.771825
  outer loop
    vertex -161.9430806767435 -21.51716982055866 -189.2391344934736
    vertex -165.7340014971909 -0.1418365244178643 -187.1689627853119
    vertex -148.3977737743838 -9.317619391902403 -200.975826177365
  endloop
endfacet
facet normal -0.949579 -0.298086 -0.0971821
  outer loop
    vertex -241.1672746551311 -62.47849824886666 -20.85144819869662
    vertex -235.6635442362616 -74.66111471280669 -37.26139916649264
    vertex -233.6170115957322 -86.54779184810302 -20.79835616814361
  endloop
endfacet
facet normal 0.612323 0.705866 -0.35611
  outer loop
    vertex 156.3186275057184 168.8085991692598 -97.81688781207777
    vertex 143.9876152337773 184.3960531839156 -88.12299489624871
    vertex 159.1009342063274 176.1209810528307 -78.53847953495348
  endloop
endfacet
facet normal 0.636907 -0.610408 -0.470906
  outer loop
    vertex 149.4640309335653 -161.1387207632837 -119.1419998483436
    vertex 159.8007414009452 -143.9356150950377 -127.4608243929145
    vertex 168.7091162706737 -148.147544889998 -109.9524398557593
  endloop
endfacet
facet normal -0.677912 0.595712 -0.43077
  outer loop
    vertex -164.383254605939 158.6824952469563 -101.4791175925309
    vertex -163.2011873664418 147.6565092664378 -118.5872156407846
    vertex -177.8857530575561 139.5460364430625 -106.6937794446219
  endloop
endfacet
facet normal 0.0985512 0.196827 -0.975473
  outer loop
    vertex 17.95418697428689 60.58819183434706 -241.8816201788319
    vertex 37.71467405043309 50.94047586159665 -241.8319070765139
    vertex 21.23837813219502 36.55000790818159 -246.4001384257439
  endloop
endfacet
facet normal -0.919402 -0.135301 -0.369315
  outer loop
    vertex -224.3217048957978 -35.03523450027175 -104.6532610870467
    vertex -230.7367500594883 -45.18033766053539 -84.96640077621987
    vertex -233.9262042153612 -23.08396426560708 -85.12145190947638
  endloop
endfacet
facet normal -0.0133815 0.242958 -0.969944
  outer loop
    vertex 0 48.77258050384022 -245.1963198262603
    vertex -16.00779577899521 59.5721796192974 -242.27031574195
    vertex 0 72.57116940150476 -239.2350840481019
  endloop
endfacet
facet normal -0.14022 -0.966697 -0.214092
  outer loop
    vertex -24.79876000488701 -240.9962279558407 -61.69148736476111
    vertex -30.70106765381684 -244.6138985716172 -41.4907829585117
    vertex -47.96762729701175 -239.7533832622198 -52.12889741606021
  endloop
endfacet
facet normal -0.575994 0.735795 -0.356142
  outer loop
    vertex -149.5021750651937 175.6384951225105 -96.4376414159743
    vertex -151.4431861718444 182.4564048790275 -79.21250962278904
    vertex -134.5975218641455 191.8246044449234 -87.10240087150022
  endloop
endfacet
facet normal 0.278283 0.743357 -0.608259
  outer loop
    vertex 57.85520800095954 186.5568493086819 -156.0426764804534
    vertex 69.76728437859353 193.3913585393454 -142.2403194341984
    vertex 79.3552501673893 179.0143910476833 -155.4239108654077
  endloop
endfacet
facet normal 0.989892 -0.100969 -0.0995996
  outer loop
    vertex 246.2677197923497 -37.6766383359904 -20.80098824516973
    vertex 245.9025605386151 -24.36557794185348 -37.92425783205523
    vertex 248.7569639668043 -12.61552540414986 -21.46675096038659
  endloop
endfacet
facet normal -0.533068 -0.840418 -0.0976491
  outer loop
    vertex -144.7061275454124 -202.4807604705758 -23.69975295373663
    vertex -130.9115300627749 -209.5731271879769 -37.9641364616033
    vertex -122.153141469974 -217.1687579710708 -20.40442575322811
  endloop
endfacet
facet normal -0.902608 -0.18422 -0.389052
  outer loop
    vertex -220.775679059252 -57.40364565190552 -102.2884206633214
    vertex -230.7367500594883 -45.18033766053539 -84.96640077621987
    vertex -224.3217048957978 -35.03523450027175 -104.6532610870467
  endloop
endfacet
facet normal 0.601513 -0.582809 -0.546366
  outer loop
    vertex 151.0351348822043 -136.0002475803974 -145.5758245354805
    vertex 159.8007414009452 -143.9356150950377 -127.4608243929145
    vertex 140.394588444281 -154.3198151176829 -137.7488809305003
  endloop
endfacet
facet normal 0.594622 0.677292 -0.433244
  outer loop
    vertex 139.9845113894407 178.475467099126 -105.1229956517999
    vertex 156.3186275057184 168.8085991692598 -97.81688781207777
    vertex 150.6196248731469 160.8916305936463 -118.0153032788128
  endloop
endfacet
facet normal -0.669637 -0.731342 -0.129329
  outer loop
    vertex -173.5516409677613 -175.2546575846933 -40.81216622857918
    vertex -158.1190503325072 -189.9024595520102 -37.88696052790697
    vertex -164.5153955020105 -187.1230239573598 -20.48556925912547
  endloop
endfacet
facet normal 0.186451 0.330859 -0.925078
  outer loop
    vertex 39.60845958081444 71.70457458375607 -236.1982724606544
    vertex 36.47286150279987 92.13360998913541 -229.5236987419109
    vertex 60.23708467886834 81.47696153584484 -228.5453967339472
  endloop
endfacet
facet normal 0.483783 -0.0140329 -0.875075
  outer loop
    vertex 112.6651660958884 5.786832149880348 -223.0987963263249
    vertex 131.1620006632464 2.31624830025365 -212.8172093037265
    vertex 122.9060789734256 -16.43200608909757 -217.0808257936797
  endloop
endfacet
facet normal 0.79824 0.564508 -0.210105
  outer loop
    vertex 202.5153518699528 133.3506631097293 -60.86980290082028
    vertex 192.4490111111358 148.5450147088722 -58.29027987140647
    vertex 202.9481761277047 140.0238811083859 -41.29588993813732
  endloop
endfacet
facet normal 0.673391 -0.563759 -0.478247
  outer loop
    vertex 159.8007414009452 -143.9356150950377 -127.4608243929145
    vertex 176.7358869452285 -132.8153355273033 -116.7240888353953
    vertex 168.7091162706737 -148.147544889998 -109.9524398557593
  endloop
endfacet
facet normal 0.387663 0.129135 -0.912711
  outer loop
    vertex 104.9964665019531 40.84109934392578 -223.1764921009465
    vertex 105.11192148642 22.79005635155516 -225.6814066176601
    vertex 85.02019005960497 33.58785872391365 -232.6873933597845
  endloop
endfacet
facet normal 0.215181 -0.907739 -0.360149
  outer loop
    vertex 66.09296286504831 -223.225882394552 -91.11490376932296
    vertex 51.44591474710959 -231.7731675463855 -78.32315533319812
    vertex 42.57870989769592 -226.7093331658474 -96.38429186825338
  endloop
endfacet
facet normal 0.56345 -0.579033 -0.589274
  outer loop
    vertex 151.0351348822043 -136.0002475803974 -145.5758245354805
    vertex 140.394588444281 -154.3198151176829 -137.7488809305003
    vertex 130.9928318215575 -144.313228993982 -156.571293501394
  endloop
endfacet
facet normal -0.114123 0.992369 -0.0466771
  outer loop
    vertex -24.5042850823901 248.7961816680492 0
    vertex -17.88824602800404 248.7135553138938 -17.93259761340524
    vertex -37.07668864628476 246.3888695438625 -20.44123587075785
  endloop
endfacet
facet normal 0.941464 0.336861 -0.0130115
  outer loop
    vertex 239.2350839330522 72.57116931361553 0
    vertex 234.9064326396665 84.05334569544225 -15.93747100101809
    vertex 230.9698831278217 95.67085809127234 0
  endloop
endfacet
facet normal 0.157336 0.408525 -0.899084
  outer loop
    vertex 36.47286150279987 92.13360998913541 -229.5236987419109
    vertex 35.75676187281229 112.1406041382295 -220.5582437450115
    vertex 50.3341438958542 103.4626351302895 -221.9503482542166
  endloop
endfacet
facet normal 0.662421 0.726438 -0.182994
  outer loop
    vertex 160.4221664239305 183.1331776973715 -56.80640585634457
    vertex 159.0831550735003 188.9968781158379 -38.3761623189156
    vertex 174.2889230638189 174.5712312164659 -40.59872570440375
  endloop
endfacet
facet normal 0.989554 -0.0521356 -0.134406
  outer loop
    vertex 245.9025605386151 -24.36557794185348 -37.92425783205523
    vertex 247.2757949666614 -1.237603768716663 -36.78518126253145
    vertex 248.7569639668043 -12.61552540414986 -21.46675096038659
  endloop
endfacet
facet normal -0.109169 0.199488 -0.9738
  outer loop
    vertex -36.77310600382229 60.77383503101484 -239.6962236883482
    vertex -16.00779577899521 59.5721796192974 -242.27031574195
    vertex -21.23837813222288 36.55000790826861 -246.4001384257286
  endloop
endfacet
facet normal -0.538354 -0.819975 -0.194464
  outer loop
    vertex -127.1550285704836 -207.2961836960507 -57.96456619601898
    vertex -130.9115300627749 -209.5731271879769 -37.9641364616033
    vertex -144.6752431732552 -198.3354745572974 -47.24524891342086
  endloop
endfacet
facet normal 0.294801 0.949545 -0.107034
  outer loop
    vertex 84.52720966329278 234.351101740336 -20.84974675214117
    vertex 78.00667573421946 234.4050046843192 -38.33082727832324
    vertex 64.30204791617437 240.8450822522653 -18.94447119044483
  endloop
endfacet
facet normal 0.0490631 0.998703 -0.0136181
  outer loop
    vertex 24.50428508239019 248.7961816680492 0
    vertex 15.54800353427601 249.0222234899066 -15.69050012718352
    vertex 0 250 0
  endloop
endfacet
facet normal 0.636078 0.640386 -0.430476
  outer loop
    vertex 150.6196248731469 160.8916305936463 -118.0153032788128
    vertex 156.3186275057184 168.8085991692598 -97.81688781207777
    vertex 167.9255191086874 150.1331342595358 -108.4484302767268
  endloop
endfacet
facet normal 0.0132933 0.998707 -0.0490634
  outer loop
    vertex 0 250 0
    vertex 15.54800353427601 249.0222234899066 -15.69050012718352
    vertex 0 248.7961812346479 -24.5042850600455
  endloop
endfacet
facet normal -0.781392 -0.563695 -0.267721
  outer loop
    vertex -188.6145057400028 -144.6855270932435 -77.39939582583803
    vertex -191.8580171435829 -149.498515232813 -57.79874739920432
    vertex -203.1617872039623 -131.0878552372864 -63.57092440243554
  endloop
endfacet
facet normal -0.0525272 0.187872 -0.980788
  outer loop
    vertex -21.23837813222288 36.55000790826861 -246.4001384257286
    vertex -16.00779577899521 59.5721796192974 -242.27031574195
    vertex 0 48.77258050384022 -245.1963198262603
  endloop
endfacet
facet normal -0.280263 0.876561 -0.391271
  outer loop
    vertex -68.76899570220544 224.2983661564454 -86.37747489744748
    vertex -58.94483280076559 219.6848771833657 -103.7499948097315
    vertex -77.14567190763161 212.8075150721612 -106.1202470536699
  endloop
endfacet
facet normal -0.565952 -0.811824 -0.143667
  outer loop
    vertex -144.6752431732552 -198.3354745572974 -47.24524891342086
    vertex -130.9115300627749 -209.5731271879769 -37.9641364616033
    vertex -144.7061275454124 -202.4807604705758 -23.69975295373663
  endloop
endfacet
facet normal 0.616936 0.761815 -0.197554
  outer loop
    vertex 145.0255529919224 198.060267066768 -47.32567578838823
    vertex 159.0831550735003 188.9968781158379 -38.3761623189156
    vertex 160.4221664239305 183.1331776973715 -56.80640585634457
  endloop
endfacet
facet normal 0.881097 -0.198118 -0.429439
  outer loop
    vertex 223.6122336166783 -55.515875910412 -97.03379050031914
    vertex 214.5759599253358 -57.94523055653305 -114.4530806831818
    vertex 219.2052608619898 -38.94590907046425 -113.7201379576288
  endloop
endfacet
facet normal 0.265614 -0.253762 -0.930083
  outer loop
    vertex 70.48638388183545 -50.66096075191344 -234.4464474948503
    vertex 76.1868135409446 -71.179130934537 -227.2203792838164
    vertex 54.23107553053971 -69.20732070825615 -234.0284965707926
  endloop
endfacet
facet normal 0.0414303 -0.911511 -0.409183
  outer loop
    vertex 9.467547472201012 -222.5716529896238 -113.4558276613772
    vertex 22.55733481788425 -227.9546349901324 -100.1391583369332
    vertex 3.678140074394992 -232.1233766229336 -92.76426742426662
  endloop
endfacet
facet normal 0.128306 0.490617 -0.861877
  outer loop
    vertex 43.6653649671186 124.8271931599267 -212.1591566492068
    vertex 35.75676187281229 112.1406041382295 -220.5582437450115
    vertex 21.23837812228196 128.0610548889111 -213.6569622443282
  endloop
endfacet
facet normal 0.59156 0.707937 -0.385852
  outer loop
    vertex 139.9845113894407 178.475467099126 -105.1229956517999
    vertex 143.9876152337773 184.3960531839156 -88.12299489624871
    vertex 156.3186275057184 168.8085991692598 -97.81688781207777
  endloop
endfacet
facet normal 0.641333 -0.538723 -0.546323
  outer loop
    vertex 169.7804137244076 -126.5364190927306 -132.9027680628128
    vertex 159.8007414009452 -143.9356150950377 -127.4608243929145
    vertex 151.0351348822043 -136.0002475803974 -145.5758245354805
  endloop
endfacet
facet normal 0.984674 -0.0502399 -0.167014
  outer loop
    vertex 243.979935103922 -9.769986546848255 -53.65015032188107
    vertex 247.2757949666614 -1.237603768716663 -36.78518126253145
    vertex 245.9025605386151 -24.36557794185348 -37.92425783205523
  endloop
endfacet
facet normal 0.184681 0.94794 -0.259426
  outer loop
    vertex 55.619016679109 232.8791631724208 -71.92927320473905
    vertex 36.69446953847599 236.2805742625867 -72.97263960850066
    vertex 40.14729184042302 240.6524092616956 -54.54001168336194
  endloop
endfacet
facet normal 0.773561 -0.427768 -0.467566
  outer loop
    vertex 197.0477300201667 -95.21789263602217 -120.854230442523
    vertex 197.8997464129372 -110.6040944360579 -105.3680438447764
    vertex 186.0174862410095 -117.349929110109 -118.8549071365093
  endloop
endfacet
facet normal -0.196663 0.930932 -0.307716
  outer loop
    vertex -58.93684583403418 233.5946471348674 -66.78314931981009
    vertex -38.61054876834712 237.2478502660409 -68.72178015701658
    vertex -44.30708278086286 229.1182324565885 -89.6756264066132
  endloop
endfacet
facet normal 0.915711 -0.2098 -0.342721
  outer loop
    vertex 233.614588533638 -43.4712779661541 -77.68186413989022
    vertex 228.6376219808483 -63.3657972611591 -78.80110121312005
    vertex 223.6122336166783 -55.515875910412 -97.03379050031914
  endloop
endfacet
facet normal 0.674053 -0.543189 -0.500597
  outer loop
    vertex 169.7804137244076 -126.5364190927306 -132.9027680628128
    vertex 176.7358869452285 -132.8153355273033 -116.7240888353953
    vertex 159.8007414009452 -143.9356150950377 -127.4608243929145
  endloop
endfacet
facet normal -0.046788 0.992277 -0.114882
  outer loop
    vertex -21.23837813222506 246.4001384257437 -36.55000790816577
    vertex -17.88824602800404 248.7135553138938 -17.93259761340524
    vertex 0 248.7961812346479 -24.5042850600455
  endloop
endfacet
facet normal 0.403946 0.207145 -0.891021
  outer loop
    vertex 104.9964665019531 40.84109934392578 -223.1764921009465
    vertex 90.27721097231885 51.5094547934675 -227.3693058570993
    vertex 101.4157209456717 63.01971569547356 -219.6437273830767
  endloop
endfacet
facet normal 0.129037 -0.435586 -0.89085
  outer loop
    vertex 44.83330973752537 -108.1033436061357 -220.9154622002563
    vertex 26.18463529401673 -119.1381872704209 -218.2211199871302
    vertex 21.83483520714843 -102.8562382619892 -226.8123326057681
  endloop
endfacet
facet normal -0.625947 0.698423 -0.346979
  outer loop
    vertex -165.4363907878132 168.9922362696522 -81.07049206514056
    vertex -151.4431861718444 182.4564048790275 -79.21250962278904
    vertex -149.5021750651937 175.6384951225105 -96.4376414159743
  endloop
endfacet
facet normal 0.81809 -0.568398 -0.0874713
  outer loop
    vertex 197.2657703996118 -152.338599489602 -19.47220927872046
    vertex 203.4067030064586 -141.1778270396649 -34.56203588333334
    vertex 211.5559593663316 -131.8638377467306 -18.86807757284615
  endloop
endfacet
facet normal 0.315728 0.747029 -0.585033
  outer loop
    vertex 79.3552501673893 179.0143910476833 -155.4239108654077
    vertex 69.76728437859353 193.3913585393454 -142.2403194341984
    vertex 88.55153885138169 187.8644711797674 -139.1602149876127
  endloop
endfacet
facet normal 0.547836 0.769545 -0.32814
  outer loop
    vertex 141.2897092295941 193.7677695921954 -70.64891742328864
    vertex 143.9876152337773 184.3960531839156 -88.12299489624871
    vertex 128.5029342209098 194.3213786977666 -90.69838850616746
  endloop
endfacet
facet normal 0.995424 0.000946237 -0.0955467
  outer loop
    vertex 248.7569639668043 -12.61552540414986 -21.46675096038659
    vertex 247.2757949666614 -1.237603768716663 -36.78518126253145
    vertex 248.4868936634786 13.30892981344504 -24.02365635568129
  endloop
endfacet
facet normal 0.132059 0.326101 -0.936065
  outer loop
    vertex 21.23837811379603 83.91799210222128 -234.5350760475434
    vertex 36.47286150279987 92.13360998913541 -229.5236987419109
    vertex 39.60845958081444 71.70457458375607 -236.1982724606544
  endloop
endfacet
facet normal 0.0250748 -0.981164 -0.191542
  outer loop
    vertex 17.9477321778308 -243.3149806240893 -54.5499689603203
    vertex 12.22048225973709 -247.1208265789826 -35.80442548428733
    vertex -6.771572344258009 -245.983223519035 -44.11801848645208
  endloop
endfacet
facet normal -0.412453 -0.765008 -0.494617
  outer loop
    vertex -114.2051882664998 -184.0122854899845 -124.8865635757737
    vertex -93.46312928953398 -190.1175589838157 -132.7401869421736
    vertex -97.39526052724243 -199.5108116215987 -114.9330208117821
  endloop
endfacet
facet normal -0.72362 0.408305 -0.556473
  outer loop
    vertex -187.6575618401681 91.35027867235104 -137.6218226542844
    vertex -183.8681113067114 109.5429249026752 -129.2008717008893
    vertex -171.9050110596124 108.3791215434915 -145.6112399028853
  endloop
endfacet
facet normal 0.477264 -0.859775 -0.181674
  outer loop
    vertex 108.5795290522975 -221.2474182285946 -41.95313811817446
    vertex 117.3903694790261 -212.956774236098 -58.04234196285778
    vertex 130.4123806102155 -209.0240690606569 -42.44466441028881
  endloop
endfacet
facet normal 0.126741 0.959567 -0.251331
  outer loop
    vertex 40.14729184042302 240.6524092616956 -54.54001168336194
    vertex 36.69446953847599 236.2805742625867 -72.97263960850066
    vertex 19.97815065308016 241.4589768877532 -61.63145282079832
  endloop
endfacet
facet normal 0.0878741 -0.890531 -0.446355
  outer loop
    vertex 33.18675294529615 -218.9186130231285 -116.0744601580278
    vertex 22.55733481788425 -227.9546349901324 -100.1391583369332
    vertex 9.467547472201012 -222.5716529896238 -113.4558276613772
  endloop
endfacet
facet normal 0.598804 0.740641 -0.304769
  outer loop
    vertex 159.1009342063274 176.1209810528307 -78.53847953495348
    vertex 143.9876152337773 184.3960531839156 -88.12299489624871
    vertex 141.2897092295941 193.7677695921954 -70.64891742328864
  endloop
endfacet
facet normal -0.921644 -0.271366 -0.277367
  outer loop
    vertex -230.8476174665481 -75.82946830051213 -58.8155527669331
    vertex -234.4804729810009 -55.5731439765951 -66.56225250968248
    vertex -226.890233496682 -65.67501023115759 -81.9000303721462
  endloop
endfacet
facet normal -0.133327 0.0192999 -0.990884
  outer loop
    vertex -39.61383156347358 17.49049009478678 -246.2210939483149
    vertex -21.238378131919 12.22257262882975 -248.7961816681651
    vertex -29.12476995486001 -8.748998714550988 -248.1435125014742
  endloop
endfacet
facet normal -0.204699 0.451052 -0.868706
  outer loop
    vertex -63.41736785322474 113.8999154106945 -213.3191194525362
    vertex -43.46036860243788 122.4408907722172 -213.5870422751489
    vertex -42.48452179953043 105.1019365566154 -222.8197664919215
  endloop
endfacet
facet normal 0.462438 -0.347416 -0.815753
  outer loop
    vertex 106.4511194402899 -81.95076037824595 -210.8369797813857
    vertex 123.4540088990631 -77.18634859360374 -203.2273979500224
    vertex 119.1306229404679 -96.81764717669245 -197.3176065965365
  endloop
endfacet
facet normal 0.932417 0.309624 -0.186363
  outer loop
    vertex 233.190211759297 82.81671432034285 -35.54879700970119
    vertex 237.1179642159946 66.19989219216747 -43.50454366853766
    vertex 230.5247475758921 76.96553954181077 -58.60585702904796
  endloop
endfacet
facet normal -0.457265 -0.888097 -0.0468191
  outer loop
    vertex -122.153141469974 -217.1687579710708 -20.40442575322811
    vertex -104.3459140092358 -226.4558255143818 -18.15734893031036
    vertex -110.0985378894084 -224.4511348926855 -2.748733639113181e-14
  endloop
endfacet
facet normal -0.567806 0.764958 -0.304033
  outer loop
    vertex -134.5975218641455 191.8246044449234 -87.10240087150022
    vertex -151.4431861718444 182.4564048790275 -79.21250962278904
    vertex -145.5324514721279 193.1602022577297 -63.32015344474214
  endloop
endfacet
facet normal 0.31791 0.780482 -0.538313
  outer loop
    vertex 88.55153885138169 187.8644711797674 -139.1602149876127
    vertex 69.76728437859353 193.3913585393454 -142.2403194341984
    vertex 75.53079738667357 202.6431079274365 -125.4227629086626
  endloop
endfacet
facet normal 0.333685 0.246656 -0.909843
  outer loop
    vertex 81.90068689668323 73.45391179377681 -224.4923168574896
    vertex 90.27721097231885 51.5094547934675 -227.3693058570993
    vertex 73.66838836230902 55.99596346695964 -232.2443123770891
  endloop
endfacet
facet normal 0.978181 0.159175 -0.133513
  outer loop
    vertex 246.400138471072 36.55000786969202 -21.23837767255313
    vertex 245.1239098536756 28.8389919601848 -39.78167116609777
    vertex 241.6160018025207 48.06041050631038 -42.56647289744874
  endloop
endfacet
facet normal -0.471726 -0.664799 -0.579238
  outer loop
    vertex -119.3477011446722 -156.3428228162387 -154.3147691743477
    vertex -107.3459394229974 -174.7940337441244 -142.9121935205393
    vertex -127.8522257350411 -166.8847408523009 -135.2896583085953
  endloop
endfacet
facet normal 0.0516139 -0.994326 -0.0930138
  outer loop
    vertex 0.4572399449701959 -249.1133315583771 -21.03185611207008
    vertex 12.22048225973709 -247.1208265789826 -35.80442548428733
    vertex 25.20921235749044 -247.8888022262278 -20.3871857587323
  endloop
endfacet
facet normal 0.818758 -0.429784 -0.380686
  outer loop
    vertex 202.8141435177068 -117.2064304553973 -87.34458110886544
    vertex 197.8997464129372 -110.6040944360579 -105.3680438447764
    vertex 207.9683740128878 -96.20750307587814 -99.96635315115041
  endloop
endfacet
facet normal -0.00615736 -0.785237 -0.619165
  outer loop
    vertex 11.0076089636381 -194.9216750444247 -156.1549651557047
    vertex -1.486775150909104 -203.9152954218811 -144.6248311759001
    vertex -13.78312138628571 -193.9299893128323 -157.1661057924884
  endloop
endfacet
facet normal -0.738776 -0.0111671 -0.673859
  outer loop
    vertex -192.303241667081 0.4394076594368031 -159.7475200597526
    vertex -179.6241000300812 6.73027769125959 -173.7523699135696
    vertex -178.4971689420363 -10.9847434471092 -174.6942932413058
  endloop
endfacet
facet normal 0.980993 0.00450462 -0.193991
  outer loop
    vertex 244.7875537401024 13.22508929814207 -49.03213789947002
    vertex 247.2757949666614 -1.237603768716663 -36.78518126253145
    vertex 243.979935103922 -9.769986546848255 -53.65015032188107
  endloop
endfacet
facet normal -0.72726 -0.672991 -0.134819
  outer loop
    vertex -187.7296189857948 -159.7880728908034 -41.53747605827284
    vertex -173.5516409677613 -175.2546575846933 -40.81216622857918
    vertex -181.1860281131961 -170.9634402759272 -21.05054169335314
  endloop
endfacet
facet normal 0.600987 -0.0529224 -0.797505
  outer loop
    vertex 141.6708603137789 -19.2493279847766 -205.0824973275102
    vertex 147.7082376087666 -1.80553284570638 -201.6903978717262
    vertex 159.0975881040879 -16.60918217160506 -192.1252001353608
  endloop
endfacet
facet normal -0.787625 0.601664 -0.132844
  outer loop
    vertex -190.5224934302944 156.2434369975133 -42.29855662203529
    vertex -202.2343295367105 141.3957695605655 -40.10626269315843
    vertex -199.3055433674755 149.4620667221196 -20.93778866423159
  endloop
endfacet
facet normal 0.82346 -0.537992 -0.180219
  outer loop
    vertex 212.7508372203733 -124.9128645082414 -40.42100372796246
    vertex 203.4067030064586 -141.1778270396649 -34.56203588333334
    vertex 199.2715211792245 -141.1220973756398 -53.62289137316565
  endloop
endfacet
facet normal 0.353567 0.926468 -0.129025
  outer loop
    vertex 94.28820495224346 227.6318621298913 -42.34937721102757
    vertex 78.00667573421946 234.4050046843192 -38.33082727832324
    vertex 84.52720966329278 234.351101740336 -20.84974675214117
  endloop
endfacet
facet normal -0.000629753 -0.990959 -0.134161
  outer loop
    vertex -6.771572344258009 -245.983223519035 -44.11801848645208
    vertex 12.22048225973709 -247.1208265789826 -35.80442548428733
    vertex 0.4572399449701959 -249.1133315583771 -21.03185611207008
  endloop
endfacet
facet normal -0.498955 0.736699 -0.456419
  outer loop
    vertex -127.0838292508791 176.2880555718484 -123.5808310606071
    vertex -134.9864613253609 180.7675110010078 -107.7114767578523
    vertex -119.5712532403301 192.2589344761567 -106.0151758600142
  endloop
endfacet
facet normal -0.647698 0.0488269 -0.760331
  outer loop
    vertex -151.6126064259753 13.14751231112026 -198.3450541171905
    vertex -165.7340014971909 -0.1418365244178643 -187.1689627853119
    vertex -169.4874460962365 20.16333053965732 -182.6675825572886
  endloop
endfacet
facet normal -0.798828 -0.559638 -0.220634
  outer loop
    vertex -203.1617872039623 -131.0878552372864 -63.57092440243554
    vertex -191.8580171435829 -149.498515232813 -57.79874739920432
    vertex -201.9505549706043 -141.0294892007677 -42.73940246231198
  endloop
endfacet
facet normal 0.935469 -0.327277 -0.13337
  outer loop
    vertex 234.0009157429061 -85.41079076784887 -21.17942992368141
    vertex 229.2024758501019 -91.32439329585922 -40.32468540889918
    vertex 235.6874252349815 -72.29980142894826 -41.52320194107913
  endloop
endfacet
facet normal 0.780988 0.563226 -0.26988
  outer loop
    vertex 188.1756170771439 145.8914573142054 -76.19461805385907
    vertex 192.4490111111358 148.5450147088722 -58.29027987140647
    vertex 202.5153518699528 133.3506631097293 -60.86980290082028
  endloop
endfacet
facet normal -0.89735 0.423476 -0.12422
  outer loop
    vertex -224.4179080487026 108.4233593789127 -19.51864974928382
    vertex -219.1143140135164 114.4548308778889 -37.26941216466911
    vertex -227.34916540535 96.79232099077817 -37.9947836776179
  endloop
endfacet
facet normal 0.012905 0.59565 -0.803141
  outer loop
    vertex 0 158.598321010842 -193.2526132978953
    vertex 15.89799041990926 148.9401944503616 -200.1601168507277
    vertex 0 138.8925582180984 -207.8674030144875
  endloop
endfacet
facet normal 0.321758 0.181376 -0.929287
  outer loop
    vertex 73.66838836230902 55.99596346695964 -232.2443123770891
    vertex 90.27721097231885 51.5094547934675 -227.3693058570993
    vertex 85.02019005960497 33.58785872391365 -232.6873933597845
  endloop
endfacet
facet normal -0.715972 0.0799959 -0.693531
  outer loop
    vertex -169.4874460962365 20.16333053965732 -182.6675825572886
    vertex -179.6241000300812 6.73027769125959 -173.7523699135696
    vertex -187.3476031372436 23.87198535214035 -163.801721340397
  endloop
endfacet
facet normal -0.094604 0.704342 -0.703529
  outer loop
    vertex -19.8234112139383 167.4707536737454 -184.5550840041824
    vertex -36.36733460526665 175.0747565445365 -174.7176195882369
    vertex -20.55485343670086 184.8444144374269 -167.0629834867093
  endloop
endfacet
facet normal -0.61609 -0.762367 -0.198064
  outer loop
    vertex -144.6752431732552 -198.3354745572974 -47.24524891342086
    vertex -158.1190503325072 -189.9024595520102 -37.88696052790697
    vertex -160.3455434213375 -183.1246879299602 -57.04958698773065
  endloop
endfacet
facet normal -0.871256 -0.39867 -0.286313
  outer loop
    vertex -212.5330786695206 -111.181087821485 -70.48727673904402
    vertex -222.1845111341317 -97.77053588482801 -59.79101374688727
    vertex -220.7639950671757 -88.53788902504181 -76.96947894438028
  endloop
endfacet
facet normal -0.696296 -0.00613219 -0.717729
  outer loop
    vertex -178.4971689420363 -10.9847434471092 -174.6942932413058
    vertex -179.6241000300812 6.73027769125959 -173.7523699135696
    vertex -165.7340014971909 -0.1418365244178643 -187.1689627853119
  endloop
endfacet
facet normal 0.832969 -0.242126 -0.497532
  outer loop
    vertex 207.3859614244955 -50.07180761782922 -130.3222048843588
    vertex 214.5759599253358 -57.94523055653305 -114.4530806831818
    vertex 203.0336168336965 -70.96904932364632 -127.4391795074246
  endloop
endfacet
facet normal 0.711901 -0.559917 -0.423899
  outer loop
    vertex 168.7091162706737 -148.147544889998 -109.9524398557593
    vertex 176.7358869452285 -132.8153355273033 -116.7240888353953
    vertex 186.8438682451425 -132.2645924173371 -100.4760991075365
  endloop
endfacet
facet normal 0.838978 -0.275815 -0.469087
  outer loop
    vertex 203.0336168336965 -70.96904932364632 -127.4391795074246
    vertex 214.5759599253358 -57.94523055653305 -114.4530806831818
    vertex 212.463328074373 -76.0859025157924 -107.5651879648741
  endloop
endfacet
facet normal -0.924115 -0.220168 -0.31231
  outer loop
    vertex -226.890233496682 -65.67501023115759 -81.9000303721462
    vertex -234.4804729810009 -55.5731439765951 -66.56225250968248
    vertex -230.7367500594883 -45.18033766053539 -84.96640077621987
  endloop
endfacet
facet normal 0.257197 -0.303687 -0.917401
  outer loop
    vertex 54.23107553053971 -69.20732070825615 -234.0284965707926
    vertex 76.1868135409446 -71.179130934537 -227.2203792838164
    vertex 60.66070216097199 -87.92490466737759 -226.0298439422777
  endloop
endfacet
facet normal 0.189252 0.457302 -0.868941
  outer loop
    vertex 50.3341438958542 103.4626351302895 -221.9503482542166
    vertex 35.75676187281229 112.1406041382295 -220.5582437450115
    vertex 43.6653649671186 124.8271931599267 -212.1591566492068
  endloop
endfacet
facet normal 0.740272 -0.505367 -0.443398
  outer loop
    vertex 186.8438682451425 -132.2645924173371 -100.4760991075365
    vertex 176.7358869452285 -132.8153355273033 -116.7240888353953
    vertex 186.0174862410095 -117.349929110109 -118.8549071365093
  endloop
endfacet
facet normal 0.54231 0.745557 -0.387356
  outer loop
    vertex 128.5029342209098 194.3213786977666 -90.69838850616746
    vertex 143.9876152337773 184.3960531839156 -88.12299489624871
    vertex 139.9845113894407 178.475467099126 -105.1229956517999
  endloop
endfacet
facet normal -0.297362 -0.743433 -0.599069
  outer loop
    vertex -62.51066090352024 -187.197498873871 -153.4585080364467
    vertex -74.00966870056082 -193.5019626547614 -139.9269787696016
    vertex -85.86029427374784 -181.1101448943534 -149.4226397958882
  endloop
endfacet
facet normal -0.865662 0.297558 -0.402603
  outer loop
    vertex -213.9721710466968 86.04480351805853 -96.49975028517865
    vertex -210.7605430490863 74.52090712659434 -111.9224190887766
    vertex -220.7922167205913 62.66156092724685 -99.11773715016076
  endloop
endfacet
facet normal 0.494681 0.859516 -0.128543
  outer loop
    vertex 126.9861173786002 214.3592645285151 -20.60659369965025
    vertex 132.0516130036422 208.8088786007627 -38.22595611136834
    vertex 115.5903285715457 217.947027116261 -40.47183356244069
  endloop
endfacet
facet normal -0.106241 0.988911 -0.103765
  outer loop
    vertex -37.07668864628476 246.3888695438625 -20.44123587075785
    vertex -17.88824602800404 248.7135553138938 -17.93259761340524
    vertex -21.23837813222506 246.4001384257437 -36.55000790816577
  endloop
endfacet
facet normal -0.685436 0.0345317 -0.727314
  outer loop
    vertex -165.7340014971909 -0.1418365244178643 -187.1689627853119
    vertex -179.6241000300812 6.73027769125959 -173.7523699135696
    vertex -169.4874460962365 20.16333053965732 -182.6675825572886
  endloop
endfacet
facet normal -0.750477 0.04463 -0.659388
  outer loop
    vertex -187.3476031372436 23.87198535214035 -163.801721340397
    vertex -179.6241000300812 6.73027769125959 -173.7523699135696
    vertex -192.303241667081 0.4394076594368031 -159.7475200597526
  endloop
endfacet
facet normal -0.777743 -0.601338 -0.183053
  outer loop
    vertex -201.9505549706043 -141.0294892007677 -42.73940246231198
    vertex -191.8580171435829 -149.498515232813 -57.79874739920432
    vertex -187.7296189857948 -159.7880728908034 -41.53747605827284
  endloop
endfacet
facet normal 0.711443 -0.495617 -0.498209
  outer loop
    vertex 186.0174862410095 -117.349929110109 -118.8549071365093
    vertex 176.7358869452285 -132.8153355273033 -116.7240888353953
    vertex 169.7804137244076 -126.5364190927306 -132.9027680628128
  endloop
endfacet
facet normal 0.090973 0.990847 -0.0997345
  outer loop
    vertex 21.23837813220378 246.400138425742 -36.55000790818957
    vertex 15.54800353427601 249.0222234899066 -15.69050012718352
    vertex 31.73249831346155 247.3724876207206 -17.31764762092631
  endloop
endfacet
facet normal 0.376216 0.160431 -0.912537
  outer loop
    vertex 85.02019005960497 33.58785872391365 -232.6873933597845
    vertex 90.27721097231885 51.5094547934675 -227.3693058570993
    vertex 104.9964665019531 40.84109934392578 -223.1764921009465
  endloop
endfacet
facet normal 0.383206 -0.328583 -0.863242
  outer loop
    vertex 85.55886974013791 -87.47988692758791 -218.0067640967283
    vertex 94.3997348972522 -71.3414636625111 -220.2250794387849
    vertex 106.4511194402899 -81.95076037824595 -210.8369797813857
  endloop
endfacet
facet normal 0.974776 -0.0911129 -0.203739
  outer loop
    vertex 243.979935103922 -9.769986546848255 -53.65015032188107
    vertex 245.9025605386151 -24.36557794185348 -37.92425783205523
    vertex 240.937071769355 -34.1006384396802 -57.32777603583551
  endloop
endfacet
facet normal -0.87467 0.47425 -0.100191
  outer loop
    vertex -212.359013322149 129.7510996083901 -23.83907739944975
    vertex -219.1143140135164 114.4548308778889 -37.26941216466911
    vertex -224.4179080487026 108.4233593789127 -19.51864974928382
  endloop
endfacet
facet normal 0.33875 -0.307785 -0.88911
  outer loop
    vertex 76.1868135409446 -71.179130934537 -227.2203792838164
    vertex 94.3997348972522 -71.3414636625111 -220.2250794387849
    vertex 85.55886974013791 -87.47988692758791 -218.0067640967283
  endloop
endfacet
facet normal 0.93298 -0.217257 -0.286964
  outer loop
    vertex 235.8426704548893 -57.24695358816923 -60.00850854320984
    vertex 228.6376219808483 -63.3657972611591 -78.80110121312005
    vertex 233.614588533638 -43.4712779661541 -77.68186413989022
  endloop
endfacet
facet normal 0.855471 -0.189854 -0.481793
  outer loop
    vertex 219.2052608619898 -38.94590907046425 -113.7201379576288
    vertex 214.5759599253358 -57.94523055653305 -114.4530806831818
    vertex 207.3859614244955 -50.07180761782922 -130.3222048843588
  endloop
endfacet
facet normal 0.49611 0.84909 -0.181444
  outer loop
    vertex 115.5903285715457 217.947027116261 -40.47183356244069
    vertex 132.0516130036422 208.8088786007627 -38.22595611136834
    vertex 126.5401858681284 208.3117070842997 -55.62206443565727
  endloop
endfacet
facet normal -0.338864 -0.754626 -0.561881
  outer loop
    vertex -85.86029427374784 -181.1101448943534 -149.4226397958882
    vertex -74.00966870056082 -193.5019626547614 -139.9269787696016
    vertex -93.46312928953398 -190.1175589838157 -132.7401869421736
  endloop
endfacet
facet normal 0.541114 0.818073 -0.194816
  outer loop
    vertex 126.5401858681284 208.3117070842997 -55.62206443565727
    vertex 132.0516130036422 208.8088786007627 -38.22595611136834
    vertex 145.0255529919224 198.060267066768 -47.32567578838823
  endloop
endfacet
facet normal 0.840595 -0.5274 -0.123488
  outer loop
    vertex 211.5559593663316 -131.8638377467306 -18.86807757284615
    vertex 203.4067030064586 -141.1778270396649 -34.56203588333334
    vertex 212.7508372203733 -124.9128645082414 -40.42100372796246
  endloop
endfacet
facet normal 0.606986 0.0368587 -0.793857
  outer loop
    vertex 160.9317779943195 5.841430759833088 -191.2245813651193
    vertex 147.7082376087666 -1.80553284570638 -201.6903978717262
    vertex 143.7259605745777 16.59654557430131 -203.8808547458909
  endloop
endfacet
facet normal 0.561844 0.0231544 -0.826919
  outer loop
    vertex 143.7259605745777 16.59654557430131 -203.8808547458909
    vertex 147.7082376087666 -1.80553284570638 -201.6903978717262
    vertex 131.1620006632464 2.31624830025365 -212.8172093037265
  endloop
endfacet
facet normal 0.0614197 -0.499268 -0.864268
  outer loop
    vertex 5.516879535059545 -118.4108669603421 -220.110042083263
    vertex 26.18463529401673 -119.1381872704209 -218.2211199871302
    vertex 15.59532595932851 -135.4008910732791 -209.5790650441602
  endloop
endfacet
facet normal 0.173117 0.243159 -0.954413
  outer loop
    vertex 39.60845958081444 71.70457458375607 -236.1982724606544
    vertex 54.10115296247233 56.3123556198908 -237.4910184673731
    vertex 37.71467405043309 50.94047586159665 -241.8319070765139
  endloop
endfacet
facet normal 0.413572 0.0456013 -0.909329
  outer loop
    vertex 92.74069068719146 10.48477640621136 -231.9250606436795
    vertex 105.11192148642 22.79005635155516 -225.6814066176601
    vertex 112.6651660958884 5.786832149880348 -223.0987963263249
  endloop
endfacet
facet normal 0.107934 -0.520414 -0.847066
  outer loop
    vertex 15.59532595932851 -135.4008910732791 -209.5790650441602
    vertex 26.18463529401673 -119.1381872704209 -218.2211199871302
    vertex 39.04636633489402 -132.4738584507972 -208.3891986241115
  endloop
endfacet
facet normal 0.0972242 0.994411 -0.0411707
  outer loop
    vertex 31.73249831346155 247.3724876207206 -17.31764762092631
    vertex 15.54800353427601 249.0222234899066 -15.69050012718352
    vertex 24.50428508239019 248.7961816680492 0
  endloop
endfacet
facet normal -0.658618 -0.7302 -0.181745
  outer loop
    vertex -160.3455434213375 -183.1246879299602 -57.04958698773065
    vertex -158.1190503325072 -189.9024595520102 -37.88696052790697
    vertex -173.5516409677613 -175.2546575846933 -40.81216622857918
  endloop
endfacet
endsolid Gmsh Surface 1
solid Gmsh Surface 2
facet normal -0.0847137 -0.050163 0.995142
  outer loop
    vertex 0 1.530757942277972e-14 250
    vertex -21.20542256961148 12.1020943181196 248.804882120025
    vertex -2.959892086168626 -29.12689962999915 248.2798073883218
  endloop
endfacet
facet normal -0.887073 0.437657 0.146826
  outer loop
    vertex -224.5759211967546 107.7281174928894 21.45479713414425
    vertex -227.1416729459368 95.69367190308112 41.82560900963136
    vertex -214.3330046360868 120.8166506406656 44.32493713067799
  endloop
endfacet
facet normal -0.775035 -0.59527 0.212071
  outer loop
    vertex -193.0366590901941 -143.5848816960618 67.97227372704351
    vertex -202.5920895121193 -139.9378022203686 43.28806737250364
    vertex -187.1873519123985 -159.8460341578827 43.7051558516941
  endloop
endfacet
facet normal 0.882489 0.422832 0.205978
  outer loop
    vertex 216.2463353618931 106.8949036521244 65.65822123508013
    vertex 226.946380772234 96.00894892463693 42.16185456986729
    vertex 217.4119270722213 116.2345857892467 41.49186707229958
  endloop
endfacet
facet normal -0.124326 0.562771 0.81721
  outer loop
    vertex -24.08034672780016 129.7299549816038 212.344709568993
    vertex -21.9421119712738 151.1583484083527 197.913358388713
    vertex -45.10837404129616 144.0985097026701 199.250731724679
  endloop
endfacet
facet normal 0.871196 -0.436453 0.224778
  outer loop
    vertex 214.8420115911169 -105.7242562808625 71.8699637494058
    vertex 213.7032297567464 -121.2614943308356 46.114852099817
    vertex 225.1026784403943 -98.42294940027674 46.27858241466577
  endloop
endfacet
facet normal -0.150453 0.536522 0.830366
  outer loop
    vertex -45.10837404129616 144.0985097026701 199.250731724679
    vertex -48.91977001568954 124.8701461956135 210.9841290019185
    vertex -24.08034672780016 129.7299549816038 212.344709568993
  endloop
endfacet
facet normal -0.759386 -0.610188 0.225839
  outer loop
    vertex -187.1873519123985 -159.8460341578827 43.7051558516941
    vertex -180.1801441268335 -161.0405787338098 64.03942272938701
    vertex -193.0366590901941 -143.5848816960618 67.97227372704351
  endloop
endfacet
facet normal -0.0963775 -0.0282907 0.994943
  outer loop
    vertex -42.19315161171048 -0.5104050478495652 246.4132249773911
    vertex -32.04618240676199 -24.64221291210033 246.7099583234273
    vertex -21.20542256961148 12.1020943181196 248.804882120025
  endloop
endfacet
facet normal 0.145856 0.963569 0.224187
  outer loop
    vertex 21.50930703373104 241.709451636074 60.11564439242996
    vertex 43.98716202691123 236.2829250529017 68.81503400611754
    vertex 45.90016772454653 241.8227158805135 43.76012667978611
  endloop
endfacet
facet normal 0.889799 0.399847 0.219956
  outer loop
    vertex 216.2463353618931 106.8949036521244 65.65822123508013
    vertex 225.896742949986 87.79208617920426 61.34501714802203
    vertex 226.946380772234 96.00894892463693 42.16185456986729
  endloop
endfacet
facet normal 0.209336 0.236057 0.948923
  outer loop
    vertex 43.13287988740537 71.44107020859013 235.6601963846885
    vertex 42.66632187246582 47.68466028504884 241.6728328782005
    vertex 67.40684158927954 57.41530445823017 233.7943551947448
  endloop
endfacet
facet normal 0.889006 -0.386003 0.246312
  outer loop
    vertex 225.1026784403943 -98.42294940027674 46.27858241466577
    vertex 227.1580210879825 -81.93710701083714 64.69578000214781
    vertex 214.8420115911169 -105.7242562808625 71.8699637494058
  endloop
endfacet
facet normal 0.915389 -0.398173 0.0593316
  outer loop
    vertex 233.1195224582606 -87.47492652893449 22.43714504098135
    vertex 222.9513631406504 -110.835470385101 22.54302948228598
    vertex 229.7394529050577 -98.58896377832951 -1.207366589223856e-14
  endloop
endfacet
facet normal 0.123062 0.973989 0.190267
  outer loop
    vertex 20.82510447387018 246.5442244664154 35.80866383860397
    vertex 21.50930703373104 241.709451636074 60.11564439242996
    vertex 45.90016772454653 241.8227158805135 43.76012667978611
  endloop
endfacet
facet normal 0.140751 0.838074 0.527088
  outer loop
    vertex 41.01899941751503 201.0959531263551 142.7510396564196
    vertex 43.03374630689425 214.9534208100575 120.1795471819069
    vertex 21.23837812228281 213.6569622443249 128.0610548889163
  endloop
endfacet
facet normal -0.377585 0.916037 0.135299
  outer loop
    vertex -107.0917803451742 222.0186258542669 41.70228238698682
    vertex -85.32475731254651 230.1261661468029 47.55663407064371
    vertex -84.10796518499173 234.3868383185681 22.105660258532
  endloop
endfacet
facet normal -0.387138 0.913822 0.122696
  outer loop
    vertex -84.10796518499173 234.3868383185681 22.105660258532
    vertex -108.1271561396149 224.5648823439237 19.47130511853374
    vertex -107.0917803451742 222.0186258542669 41.70228238698682
  endloop
endfacet
facet normal -0.190469 0.973295 0.128135
  outer loop
    vertex -60.44427735938881 241.6561291899082 21.18500789359458
    vertex -40.38565640279067 242.1508556529773 47.24364363008729
    vertex -35.70882282110969 246.5842813887191 20.5200425131041
  endloop
endfacet
facet normal 0.00808978 -0.505023 0.863068
  outer loop
    vertex 14.95986078889215 -121.1883717707585 218.1503635402183
    vertex -2.46391338122124 -114.5427486784713 222.202357899349
    vertex -7.145313015028456 -135.3313329978243 210.0818288452127
  endloop
endfacet
facet normal 0.562472 0.797892 0.216779
  outer loop
    vertex 153.1568560753979 190.835711554847 51.23191029480644
    vertex 138.7764827457357 204.1546463864804 39.5217433260938
    vertex 135.3341386651968 198.6391156543604 68.75443726628075
  endloop
endfacet
facet normal -0.640266 0.752452 0.154518
  outer loop
    vertex -159.2480845268884 185.2849570098525 53.00502127510285
    vertex -148.5598861643101 197.1944436188667 39.29773057942187
    vertex -165.0479106090491 186.1061586483467 24.97368448474819
  endloop
endfacet
facet normal -0.556147 -0.799482 0.226999
  outer loop
    vertex -131.5219499750142 -200.8406642100229 69.74958261127217
    vertex -150.5190099679303 -190.5394417189797 59.48738343290648
    vertex -132.8011574330761 -206.9671605850948 45.03828397906509
  endloop
endfacet
facet normal -0.205526 0.968613 0.139815
  outer loop
    vertex -63.59866678535369 237.5453808062984 45.02667698949424
    vertex -40.38565640279067 242.1508556529773 47.24364363008729
    vertex -60.44427735938881 241.6561291899082 21.18500789359458
  endloop
endfacet
facet normal 0.218484 -0.499741 0.838167
  outer loop
    vertex 57.74193177269819 -110.9729478886184 216.4506275159927
    vertex 39.0148165380396 -126.5483268268134 212.0456674111431
    vertex 61.83900474364645 -135.8605631055016 200.5438727185931
  endloop
endfacet
facet normal -0.340888 -0.820869 0.458224
  outer loop
    vertex -94.29654547112597 -196.2350899287836 122.8818578670345
    vertex -84.57227214177401 -212.4133137950863 101.1341431336021
    vertex -70.94987022935486 -208.0381590794839 119.1060043879277
  endloop
endfacet
facet normal -0.66145 0.733086 0.158334
  outer loop
    vertex -165.0479106090491 186.1061586483467 24.97368448474819
    vertex -175.4899493826964 172.8395840622428 42.77564548723431
    vertex -159.2480845268884 185.2849570098525 53.00502127510285
  endloop
endfacet
facet normal -0.286841 0.949683 0.125792
  outer loop
    vertex -63.59866678535369 237.5453808062984 45.02667698949424
    vertex -60.44427735938881 241.6561291899082 21.18500789359458
    vertex -84.10796518499173 234.3868383185681 22.105660258532
  endloop
endfacet
facet normal 0.221492 0.0566697 0.973514
  outer loop
    vertex 42.4046882469021 24.14921202209591 245.1910642201198
    vertex 55.06379779032645 -2.287922115466319 243.8498381900214
    vertex 71.24726126724863 15.25816976637728 239.1464321651001
  endloop
endfacet
facet normal -0.470106 0.874135 0.122015
  outer loop
    vertex -107.0917803451742 222.0186258542669 41.70228238698682
    vertex -108.1271561396149 224.5648823439237 19.47130511853374
    vertex -128.7085275336722 210.8536098183169 38.40403841653767
  endloop
endfacet
facet normal -0.478019 0.871265 0.111334
  outer loop
    vertex -108.1271561396149 224.5648823439237 19.47130511853374
    vertex -128.361822680087 213.968305238731 15.5179519109695
    vertex -128.7085275336722 210.8536098183169 38.40403841653767
  endloop
endfacet
facet normal 0.301281 0.188845 0.934648
  outer loop
    vertex 67.40684158927954 57.41530445823017 233.7943551947448
    vertex 68.35218818882868 37.07687629328726 237.59899750237
    vertex 87.47126599610974 45.15462911628571 229.80391009382
  endloop
endfacet
facet normal -0.881856 0.430459 0.192443
  outer loop
    vertex -214.3330046360868 120.8166506406656 44.32493713067799
    vertex -227.1416729459368 95.69367190308112 41.82560900963136
    vertex -218.9302795375062 103.3010477342361 62.43737853752747
  endloop
endfacet
facet normal 0.536773 0.815333 0.217043
  outer loop
    vertex 135.3341386651968 198.6391156543604 68.75443726628075
    vertex 138.7764827457357 204.1546463864804 39.5217433260938
    vertex 120.9377140174695 211.6563970897325 55.45844299312979
  endloop
endfacet
facet normal -0.304883 0.941585 0.143052
  outer loop
    vertex -84.10796518499173 234.3868383185681 22.105660258532
    vertex -85.32475731254651 230.1261661468029 47.55663407064371
    vertex -63.59866678535369 237.5453808062984 45.02667698949424
  endloop
endfacet
facet normal 0.229582 0.189266 0.95471
  outer loop
    vertex 42.66632187246582 47.68466028504884 241.6728328782005
    vertex 68.35218818882868 37.07687629328726 237.59899750237
    vertex 67.40684158927954 57.41530445823017 233.7943551947448
  endloop
endfacet
facet normal -0.701682 0.675049 0.227926
  outer loop
    vertex -167.3456400857678 172.5272092557676 68.77353277752458
    vertex -175.4899493826964 172.8395840622428 42.77564548723431
    vertex -183.8986067742531 157.6673506270537 61.82482489044613
  endloop
endfacet
facet normal -0.873874 0.470577 0.122074
  outer loop
    vertex -224.5759211967546 107.7281174928894 21.45479713414425
    vertex -214.3330046360868 120.8166506406656 44.32493713067799
    vertex -213.6569622436032 128.0610548893656 21.23837812683451
  endloop
endfacet
facet normal 0.332715 -0.321823 0.886414
  outer loop
    vertex 75.96138714242078 -94.37740690646523 218.6841849083073
    vertex 98.04098966467305 -78.18303141449374 216.276161294794
    vertex 71.32129797303251 -72.27383164212348 228.4507949542043
  endloop
endfacet
facet normal 0.0315259 -0.532004 0.846155
  outer loop
    vertex -7.145313015028456 -135.3313329978243 210.0818288452127
    vertex 18.57757732324915 -141.7809009483499 205.0684026052597
    vertex 14.95986078889215 -121.1883717707585 218.1503635402183
  endloop
endfacet
facet normal -0.572993 -0.794587 0.200777
  outer loop
    vertex -150.5190099679303 -190.5394417189797 59.48738343290648
    vertex -151.4725621006111 -195.0151645623687 39.05314995475759
    vertex -132.8011574330761 -206.9671605850948 45.03828397906509
  endloop
endfacet
facet normal -0.375256 -0.816175 0.439364
  outer loop
    vertex -105.064939510997 -203.810668990717 99.61209610838904
    vertex -84.57227214177401 -212.4133137950863 101.1341431336021
    vertex -94.29654547112597 -196.2350899287836 122.8818578670345
  endloop
endfacet
facet normal -0.141799 0.6126 0.77757
  outer loop
    vertex -21.9421119712738 151.1583484083527 197.913358388713
    vertex -41.93717493973855 162.1044623516326 185.6432510051521
    vertex -45.10837404129616 144.0985097026701 199.250731724679
  endloop
endfacet
facet normal 0.143692 -0.979302 0.14255
  outer loop
    vertex 51.86213898366424 -241.3099722776963 39.74689697795996
    vertex 24.70451104744802 -244.0697704179757 48.16258197006404
    vertex 25.90574811859909 -247.6424239358011 22.40808072139748
  endloop
endfacet
facet normal 0.23372 0.280652 0.930918
  outer loop
    vertex 67.40684158927954 57.41530445823017 233.7943551947448
    vertex 67.06272586913785 81.64493281490901 226.5760264119968
    vertex 43.13287988740537 71.44107020859013 235.6601963846885
  endloop
endfacet
facet normal 0.116121 0.826701 0.550528
  outer loop
    vertex 21.23837812228281 213.6569622443249 128.0610548889163
    vertex 17.93622525498956 202.5482195034343 145.4390270855484
    vertex 41.01899941751503 201.0959531263551 142.7510396564196
  endloop
endfacet
facet normal -0.119546 0.636111 0.762281
  outer loop
    vertex -21.23837812193873 167.2828031981168 184.5681311844753
    vertex -41.93717493973855 162.1044623516326 185.6432510051521
    vertex -21.9421119712738 151.1583484083527 197.913358388713
  endloop
endfacet
facet normal 0.402214 -0.865984 0.297147
  outer loop
    vertex 86.12111996640661 -221.9529533010825 76.28918151782268
    vertex 109.6788515415665 -216.0194656702232 61.69392171092958
    vertex 108.5920518430841 -208.5376174807942 84.96957321266771
  endloop
endfacet
facet normal 0.320469 0.144848 0.936119
  outer loop
    vertex 68.35218818882868 37.07687629328726 237.59899750237
    vertex 86.57571854522598 25.75488366133641 233.1122710754817
    vertex 87.47126599610974 45.15462911628571 229.80391009382
  endloop
endfacet
facet normal 0.509319 0.85003 0.134326
  outer loop
    vertex 113.9236811664476 219.5921800074168 36.06479376172634
    vertex 138.7764827457357 204.1546463864804 39.5217433260938
    vertex 128.1364859477325 213.8835292691761 18.29964142621501
  endloop
endfacet
facet normal 0.837979 -0.525618 0.146689
  outer loop
    vertex 201.5124602174297 -141.4625950418433 43.371218349803
    vertex 210.8497044484363 -132.4594177525102 22.29136116689659
    vertex 213.7032297567464 -121.2614943308356 46.114852099817
  endloop
endfacet
facet normal 0.16076 -0.980004 0.117256
  outer loop
    vertex 25.90574811859909 -247.6424239358011 22.40808072139748
    vertex 50.04707153633961 -244.3748838574234 16.61946961570406
    vertex 51.86213898366424 -241.3099722776963 39.74689697795996
  endloop
endfacet
facet normal 0.897371 -0.440181 0.031085
  outer loop
    vertex 229.7394529050577 -98.58896377832951 -1.207366589223856e-14
    vertex 222.9513631406504 -110.835470385101 22.54302948228598
    vertex 218.5866540361456 -121.3254906327701 -1.485808737584041e-14
  endloop
endfacet
facet normal 0.503798 0.84796 0.164774
  outer loop
    vertex 120.9377140174695 211.6563970897325 55.45844299312979
    vertex 138.7764827457357 204.1546463864804 39.5217433260938
    vertex 113.9236811664476 219.5921800074168 36.06479376172634
  endloop
endfacet
facet normal -0.163522 0.332257 0.928906
  outer loop
    vertex -37.79081975208254 70.37278262567415 236.8956002292681
    vertex -36.91695943441062 95.66844331958873 228.0015067031898
    vertex -54.42271746030183 80.81689646568435 230.2320504836175
  endloop
endfacet
facet normal 0.865215 -0.485661 0.124645
  outer loop
    vertex 213.7032297567464 -121.2614943308356 46.114852099817
    vertex 210.8497044484363 -132.4594177525102 22.29136116689659
    vertex 222.9513631406504 -110.835470385101 22.54302948228598
  endloop
endfacet
facet normal 0.909994 -0.39553 0.124364
  outer loop
    vertex 225.1026784403943 -98.42294940027674 46.27858241466577
    vertex 222.9513631406504 -110.835470385101 22.54302948228598
    vertex 233.1195224582606 -87.47492652893449 22.43714504098135
  endloop
endfacet
facet normal 0.639937 -0.739987 0.207125
  outer loop
    vertex 151.549007808067 -193.9925738391019 43.58646037098069
    vertex 169.8439773694099 -178.3461201098288 42.96143378787425
    vertex 160.7076330498021 -179.8933161960155 65.66164380770998
  endloop
endfacet
facet normal -0.139285 0.332745 0.932674
  outer loop
    vertex -21.23837811379698 83.91799210222131 234.5350760475433
    vertex -36.91695943441062 95.66844331958873 228.0015067031898
    vertex -37.79081975208254 70.37278262567415 236.8956002292681
  endloop
endfacet
facet normal 0.118053 0.950385 0.287804
  outer loop
    vertex 21.23837811379657 234.5350760475433 83.91799210222125
    vertex 43.98716202691123 236.2829250529017 68.81503400611754
    vertex 21.50930703373104 241.709451636074 60.11564439242996
  endloop
endfacet
facet normal 0.35563 -0.922613 0.149371
  outer loop
    vertex 91.06401786657526 -227.2321733689649 50.72360432789388
    vertex 75.85945645840344 -234.803555967974 40.15760165435804
    vertex 95.89482818388009 -229.4874471101355 25.29216373616307
  endloop
endfacet
facet normal 0.405549 0.168285 0.898449
  outer loop
    vertex 87.47126599610974 45.15462911628571 229.80391009382
    vertex 107.8461879276549 28.37249824671099 223.750309704173
    vertex 107.3544344498587 54.845115002143 219.0137866992685
  endloop
endfacet
facet normal -0.845307 0.267782 0.462329
  outer loop
    vertex -205.6178587902499 80.22552960547293 117.4102233454746
    vertex -218.747902663951 60.89476689316549 104.6001072903353
    vertex -207.0953955127171 58.97152242371872 127.0191194287699
  endloop
endfacet
facet normal -0.686442 -0.687459 0.237061
  outer loop
    vertex -164.7601394464829 -173.679149779821 72.03922113219981
    vertex -180.1801441268335 -161.0405787338098 64.03942272938701
    vertex -169.2894975881789 -178.0535838161827 46.23837471792882
  endloop
endfacet
facet normal 0.233407 0.0995712 0.967268
  outer loop
    vertex 71.24726126724863 15.25816976637728 239.1464321651001
    vertex 68.35218818882868 37.07687629328726 237.59899750237
    vertex 42.4046882469021 24.14921202209591 245.1910642201198
  endloop
endfacet
facet normal 0.82847 0.0822193 0.553966
  outer loop
    vertex 203.2537166197282 33.48437325489952 141.657062753658
    vertex 199.7837348684197 16.19002573154386 149.4133272129261
    vertex 214.024575453595 13.95730325984666 128.4471673008832
  endloop
endfacet
facet normal 0.257892 -0.489826 0.832804
  outer loop
    vertex 61.83900474364645 -135.8605631055016 200.5438727185931
    vertex 78.94011209817027 -116.7029486161982 206.5160538220051
    vertex 57.74193177269819 -110.9729478886184 216.4506275159927
  endloop
endfacet
facet normal 0.382851 -0.887272 0.25724
  outer loop
    vertex 91.06401786657526 -227.2321733689649 50.72360432789388
    vertex 109.6788515415665 -216.0194656702232 61.69392171092958
    vertex 86.12111996640661 -221.9529533010825 76.28918151782268
  endloop
endfacet
facet normal -0.676954 0.702218 0.220506
  outer loop
    vertex -159.2480845268884 185.2849570098525 53.00502127510285
    vertex -175.4899493826964 172.8395840622428 42.77564548723431
    vertex -167.3456400857678 172.5272092557676 68.77353277752458
  endloop
endfacet
facet normal -0.157976 -0.715779 0.680224
  outer loop
    vertex -37.83522765400484 -168.4433377445275 180.818520948084
    vertex -53.98024018201941 -179.2422555614141 165.7056048875481
    vertex -25.778584112593 -184.4321694230847 166.7940031387356
  endloop
endfacet
facet normal 0.617374 -0.753728 0.225263
  outer loop
    vertex 160.7076330498021 -179.8933161960155 65.66164380770998
    vertex 143.4268770417609 -194.9821292580387 62.53559156231829
    vertex 151.549007808067 -193.9925738391019 43.58646037098069
  endloop
endfacet
facet normal -0.930461 -0.332461 0.153987
  outer loop
    vertex -228.7128062497259 -86.83504461467855 51.47938698296775
    vertex -236.5671185248916 -69.81646844208665 40.76345381717565
    vertex -232.9339110436501 -87.25514488036673 25.06656693317042
  endloop
endfacet
facet normal -0.25204 0.498469 0.82946
  outer loop
    vertex -71.37970654158117 113.3176248746925 211.1019975907292
    vertex -48.91977001568954 124.8701461956135 210.9841290019185
    vertex -68.44118610441824 135.1236135098739 198.8904550667392
  endloop
endfacet
facet normal -0.920041 -0.36081 0.152773
  outer loop
    vertex -232.9339110436501 -87.25514488036673 25.06656693317042
    vertex -224.3957791537212 -102.6077030806038 40.22677673536674
    vertex -228.7128062497259 -86.83504461467855 51.47938698296775
  endloop
endfacet
facet normal 0.210935 0.325798 0.921608
  outer loop
    vertex 43.13287988740537 71.44107020859013 235.6601963846885
    vertex 67.06272586913785 81.64493281490901 226.5760264119968
    vertex 44.97253950464655 93.7183159899996 227.363910809305
  endloop
endfacet
facet normal 0.506519 -0.0227171 0.861929
  outer loop
    vertex 121.1007916221953 -19.91371193535291 217.8027601878209
    vertex 138.4783776112535 0.9761728751274564 208.1412645793067
    vertex 115.7300951463884 3.412758863413425 221.5736856089822
  endloop
endfacet
facet normal 0.923449 0.0373369 0.381901
  outer loop
    vertex 226.3053683356896 2.32412206919911 106.2095980552386
    vertex 233.5765533590486 -2.368074111672417 89.08639596430608
    vertex 233.0716234558256 20.53187560460539 88.06849847603205
  endloop
endfacet
facet normal 0.73723 -0.0211707 0.67531
  outer loop
    vertex 191.0804678177596 -14.01948859965629 160.5979724590266
    vertex 189.0366811982657 6.484784444603999 163.4719570209285
    vertex 174.7559469169279 -6.737449321565898 178.6476022615675
  endloop
endfacet
facet normal 0.915175 0.0573979 0.39895
  outer loop
    vertex 233.0716234558256 20.53187560460539 88.06849847603205
    vertex 223.8062648709025 23.51323902039505 108.8939088990069
    vertex 226.3053683356896 2.32412206919911 106.2095980552386
  endloop
endfacet
facet normal 0.731001 -0.048392 0.680658
  outer loop
    vertex 174.7559469169279 -6.737449321565898 178.6476022615675
    vertex 179.9030645838923 -24.49287496665613 171.8574596262601
    vertex 191.0804678177596 -14.01948859965629 160.5979724590266
  endloop
endfacet
facet normal 0.490812 -0.838458 0.236838
  outer loop
    vertex 127.0447233614948 -203.0415283282647 71.65037362166164
    vertex 109.6788515415665 -216.0194656702232 61.69392171092958
    vertex 129.722502177574 -208.6339984049029 46.302560818731
  endloop
endfacet
facet normal -0.0698689 -0.422927 0.903466
  outer loop
    vertex -12.12656861662684 -95.13927136658351 230.8711012175881
    vertex -29.82070702782932 -102.1226637213907 226.2336999361681
    vertex -20.74712935001588 -116.7579644724892 220.0843800817647
  endloop
endfacet
facet normal 0.781985 -0.00940938 0.623226
  outer loop
    vertex 203.5422085208218 -1.976070406097232 145.1435995702753
    vertex 189.0366811982657 6.484784444603999 163.4719570209285
    vertex 191.0804678177596 -14.01948859965629 160.5979724590266
  endloop
endfacet
facet normal 0.469606 -0.138072 0.872013
  outer loop
    vertex 121.1007916221953 -19.91371193535291 217.8027601878209
    vertex 103.902957363119 -36.16065708866412 224.4918313215738
    vertex 126.6754445424204 -44.08800573850893 210.9729354679917
  endloop
endfacet
facet normal 0.844929 0.112271 0.522963
  outer loop
    vertex 215.5277657647545 37.89052258086383 120.8804801570633
    vertex 203.2537166197282 33.48437325489952 141.657062753658
    vertex 214.024575453595 13.95730325984666 128.4471673008832
  endloop
endfacet
facet normal -0.64833 -0.723691 0.236514
  outer loop
    vertex -169.2894975881789 -178.0535838161827 46.23837471792882
    vertex -150.5190099679303 -190.5394417189797 59.48738343290648
    vertex -164.7601394464829 -173.679149779821 72.03922113219981
  endloop
endfacet
facet normal -0.0402938 -0.496484 0.86711
  outer loop
    vertex -7.145313015028456 -135.3313329978243 210.0818288452127
    vertex -2.46391338122124 -114.5427486784713 222.202357899349
    vertex -20.74712935001588 -116.7579644724892 220.0843800817647
  endloop
endfacet
facet normal 0.788133 0.0184588 0.615228
  outer loop
    vertex 203.5422085208218 -1.976070406097232 145.1435995702753
    vertex 199.7837348684197 16.19002573154386 149.4133272129261
    vertex 189.0366811982657 6.484784444603999 163.4719570209285
  endloop
endfacet
facet normal 0.143567 0.418901 0.896611
  outer loop
    vertex 42.80010843589604 115.7253020041737 217.4300006758918
    vertex 21.55996339869757 107.6066155100526 224.6240954944917
    vertex 44.97253950464655 93.7183159899996 227.363910809305
  endloop
endfacet
facet normal -0.0524839 -0.429014 0.901772
  outer loop
    vertex -20.74712935001588 -116.7579644724892 220.0843800817647
    vertex -2.46391338122124 -114.5427486784713 222.202357899349
    vertex -12.12656861662684 -95.13927136658351 230.8711012175881
  endloop
endfacet
facet normal -0.424424 -0.863389 0.272806
  outer loop
    vertex -111.6747488162469 -209.3412487151334 78.7717719949021
    vertex -116.4734088848139 -212.9505991412038 59.88311404856371
    vertex -95.06278100242473 -222.3080019584795 63.57845494594622
  endloop
endfacet
facet normal -0.343871 -0.937278 0.0571134
  outer loop
    vertex -86.82631321120476 -234.4380330367702 -2.871037867568821e-14
    vertex -73.54380600046274 -238.0746354545884 20.29227814049306
    vertex -97.65764058691536 -229.2003668397913 20.74071058334224
  endloop
endfacet
facet normal 0.769859 -0.1935 0.608173
  outer loop
    vertex 200.7413043207854 -49.33247507999336 140.6031139131408
    vertex 191.022344168136 -35.33784706990907 157.3585097570955
    vertex 186.2504207648262 -60.65434792488426 155.3442333745681
  endloop
endfacet
facet normal 0.23479 -0.965851 0.109571
  outer loop
    vertex 51.86213898366424 -241.3099722776963 39.74689697795996
    vertex 50.04707153633961 -244.3748838574234 16.61946961570406
    vertex 70.91358715811235 -238.8258027339912 20.82064131657638
  endloop
endfacet
facet normal 0.116142 0.471011 0.874448
  outer loop
    vertex 20.93433686321537 128.0165245549609 213.7136471565784
    vertex 21.55996339869757 107.6066155100526 224.6240954944917
    vertex 42.80010843589604 115.7253020041737 217.4300006758918
  endloop
endfacet
facet normal -0.874949 -0.439718 0.20276
  outer loop
    vertex -217.038095587298 -106.2583452162232 64.05957489516179
    vertex -224.3957791537212 -102.6077030806038 40.22677673536674
    vertex -215.1229896509508 -120.244485169241 41.99241729194846
  endloop
endfacet
facet normal 0.987461 0.0699548 0.141519
  outer loop
    vertex 248.8028529711685 11.34893064237214 21.64121361388349
    vertex 244.8316550673357 32.05233952238139 39.11659760422857
    vertex 245.318592089407 8.38466262132275 47.41820123114889
  endloop
endfacet
facet normal -0.22008 0.539537 0.812689
  outer loop
    vertex -68.44118610441824 135.1236135098739 198.8904550667392
    vertex -48.91977001568954 124.8701461956135 210.9841290019185
    vertex -45.10837404129616 144.0985097026701 199.250731724679
  endloop
endfacet
facet normal 0.186397 0.829768 0.526063
  outer loop
    vertex 41.01899941751503 201.0959531263551 142.7510396564196
    vertex 59.43475764263833 202.3768827847331 134.2054652325874
    vertex 43.03374630689425 214.9534208100575 120.1795471819069
  endloop
endfacet
facet normal -0.810456 0.0120669 0.585676
  outer loop
    vertex -194.6566479775824 10.21881463816278 156.5387020053585
    vertex -207.4039218567291 14.70889890300052 138.8065614137499
    vertex -204.3482951570598 -11.35287915716743 143.5718858316137
  endloop
endfacet
facet normal 0.168211 0.670098 0.722962
  outer loop
    vertex 54.81878955775612 166.5472612448055 178.2046859184038
    vertex 34.14642344212855 175.7873803981238 174.450046313769
    vertex 38.25072436024027 158.5759669371047 189.4480002424918
  endloop
endfacet
facet normal -0.633165 0.0481425 0.772518
  outer loop
    vertex -147.4124706275135 12.37549495649514 201.535134971732
    vertex -166.0080067963441 20.7226065867117 185.7738282314205
    vertex -162.4465831430988 -0.7014030933910498 190.0279338908701
  endloop
endfacet
facet normal -0.953373 -0.197535 0.228165
  outer loop
    vertex -233.9508436094585 -61.76956868542959 62.86114188303182
    vertex -239.3083194376678 -36.1778425942306 62.63139750274015
    vertex -241.2162495992564 -49.68889145069505 42.96201805863262
  endloop
endfacet
facet normal 0.388918 -0.908239 0.15442
  outer loop
    vertex 95.89482818388009 -229.4874471101355 25.29216373616307
    vertex 109.283418737636 -221.131603543466 40.71791133285066
    vertex 91.06401786657526 -227.2321733689649 50.72360432789388
  endloop
endfacet
facet normal 0.257222 -0.957115 0.133297
  outer loop
    vertex 70.91358715811235 -238.8258027339912 20.82064131657638
    vertex 75.85945645840344 -234.803555967974 40.15760165435804
    vertex 51.86213898366424 -241.3099722776963 39.74689697795996
  endloop
endfacet
facet normal -0.794478 -0.00807328 0.607239
  outer loop
    vertex -204.3482951570598 -11.35287915716743 143.5718858316137
    vertex -190.647653629752 -7.441400224905818 161.5490567232223
    vertex -194.6566479775824 10.21881463816278 156.5387020053585
  endloop
endfacet
facet normal 0.193145 0.0427549 0.980238
  outer loop
    vertex 42.4046882469021 24.14921202209591 245.1910642201198
    vertex 36.39475337928732 2.366815411006432 247.3253325303962
    vertex 55.06379779032645 -2.287922115466319 243.8498381900214
  endloop
endfacet
facet normal 0.345282 -0.28258 0.894946
  outer loop
    vertex 71.32129797303251 -72.27383164212348 228.4507949542043
    vertex 98.04098966467305 -78.18303141449374 216.276161294794
    vertex 88.70847637649433 -55.38085043830267 227.076567755661
  endloop
endfacet
facet normal 0.381592 0.918952 0.0995732
  outer loop
    vertex 93.29289753242335 228.7073402965385 38.59258691106483
    vertex 106.2523062517895 225.639484662839 17.24153059517521
    vertex 83.4534739536347 234.8161045036861 19.92271946256287
  endloop
endfacet
facet normal 0.934301 -0.193733 0.299246
  outer loop
    vertex 238.4593063652182 -39.21189209103898 64.02801516882822
    vertex 231.5709276788012 -38.57597740883639 85.94649161502981
    vertex 228.41597396131 -60.92760469433706 81.32631693072508
  endloop
endfacet
facet normal -0.620859 0.0877812 0.778992
  outer loop
    vertex -150.0613918235044 34.88310928821343 196.8876516452447
    vertex -166.0080067963441 20.7226065867117 185.7738282314205
    vertex -147.4124706275135 12.37549495649514 201.535134971732
  endloop
endfacet
facet normal -0.21615 -0.754329 0.619892
  outer loop
    vertex -53.98024018201941 -179.2422555614141 165.7056048875481
    vertex -66.69209884571465 -189.6861011548394 148.5642856820893
    vertex -41.38241776643185 -194.2661728357423 151.8161703889213
  endloop
endfacet
facet normal 0.936405 -0.207851 0.282744
  outer loop
    vertex 228.41597396131 -60.92760469433706 81.32631693072508
    vertex 235.0066633579328 -61.4829004275208 59.09078720402022
    vertex 238.4593063652182 -39.21189209103898 64.02801516882822
  endloop
endfacet
facet normal 0.884019 -0.442326 0.15119
  outer loop
    vertex 213.7032297567464 -121.2614943308356 46.114852099817
    vertex 222.9513631406504 -110.835470385101 22.54302948228598
    vertex 225.1026784403943 -98.42294940027674 46.27858241466577
  endloop
endfacet
facet normal -0.161309 -0.739477 0.653569
  outer loop
    vertex -25.778584112593 -184.4321694230847 166.7940031387356
    vertex -53.98024018201941 -179.2422555614141 165.7056048875481
    vertex -41.38241776643185 -194.2661728357423 151.8161703889213
  endloop
endfacet
facet normal 0.929054 -0.0639301 0.364377
  outer loop
    vertex 236.6704887207447 -18.84273854437853 78.30728556674674
    vertex 233.5765533590486 -2.368074111672417 89.08639596430608
    vertex 227.1028624540793 -22.68619518636345 102.027576728695
  endloop
endfacet
facet normal -0.406942 -0.865068 0.293354
  outer loop
    vertex -95.06278100242473 -222.3080019584795 63.57845494594622
    vertex -94.3953826486852 -215.5680117205162 84.37976094699312
    vertex -111.6747488162469 -209.3412487151334 78.7717719949021
  endloop
endfacet
facet normal -0.383375 -0.902888 0.194464
  outer loop
    vertex -95.06278100242473 -222.3080019584795 63.57845494594622
    vertex -108.9216019122644 -221.0653255479315 42.02625937736141
    vertex -84.47074136292717 -231.8243560022107 40.27607003864378
  endloop
endfacet
facet normal 0.119251 0.381834 0.916505
  outer loop
    vertex 44.97253950464655 93.7183159899996 227.363910809305
    vertex 21.55996339869757 107.6066155100526 224.6240954944917
    vertex 21.23837811379695 83.91799210222121 234.5350760475433
  endloop
endfacet
facet normal -0.712032 -0.671269 0.205933
  outer loop
    vertex -169.2894975881789 -178.0535838161827 46.23837471792882
    vertex -180.1801441268335 -161.0405787338098 64.03942272938701
    vertex -187.1873519123985 -159.8460341578827 43.7051558516941
  endloop
endfacet
facet normal 0.00285185 -0.0592444 0.998239
  outer loop
    vertex -2.959892086168626 -29.12689962999915 248.2798073883218
    vertex 15.40289102093316 -12.77503503761382 249.1978118442957
    vertex 0 1.530757942277972e-14 250
  endloop
endfacet
facet normal 0.135616 0.240588 0.961106
  outer loop
    vertex 18.69090708266083 60.4890254782073 241.8506311530407
    vertex 42.66632187246582 47.68466028504884 241.6728328782005
    vertex 43.13287988740537 71.44107020859013 235.6601963846885
  endloop
endfacet
facet normal -0.390237 -0.909821 0.141214
  outer loop
    vertex -108.9216019122644 -221.0653255479315 42.02625937736141
    vertex -97.65764058691536 -229.2003668397913 20.74071058334224
    vertex -84.47074136292717 -231.8243560022107 40.27607003864378
  endloop
endfacet
facet normal 0.855851 0.467227 0.221851
  outer loop
    vertex 217.4119270722213 116.2345857892467 41.49186707229958
    vertex 206.4981522378979 129.0747956150108 56.5527210598848
    vertex 216.2463353618931 106.8949036521244 65.65822123508013
  endloop
endfacet
facet normal 0.828538 0.0401534 0.558492
  outer loop
    vertex 214.024575453595 13.95730325984666 128.4471673008832
    vertex 199.7837348684197 16.19002573154386 149.4133272129261
    vertex 203.5422085208218 -1.976070406097232 145.1435995702753
  endloop
endfacet
facet normal -0.641369 0.317642 0.698391
  outer loop
    vertex -149.2256780580515 82.0437774342098 183.0314606630254
    vertex -165.126923285532 88.98862760017255 165.2698501363508
    vertex -166.268709337496 66.507195025654 174.4462934689725
  endloop
endfacet
facet normal -0.943476 -0.195106 0.267931
  outer loop
    vertex -233.9508436094585 -61.76956868542959 62.86114188303182
    vertex -233.0256634590023 -43.54151157682519 79.39254964476828
    vertex -239.3083194376678 -36.1778425942306 62.63139750274015
  endloop
endfacet
facet normal 0.527517 -0.0465014 0.848271
  outer loop
    vertex 121.1007916221953 -19.91371193535291 217.8027601878209
    vertex 139.0506285468827 -23.23853955485319 206.4579690398856
    vertex 138.4783776112535 0.9761728751274564 208.1412645793067
  endloop
endfacet
facet normal -0.735113 0.64986 0.193106
  outer loop
    vertex -183.8986067742531 157.6673506270537 61.82482489044613
    vertex -175.4899493826964 172.8395840622428 42.77564548723431
    vertex -192.117297737967 155.1004323922024 39.1765207951549
  endloop
endfacet
facet normal -0.148374 0.902589 0.404126
  outer loop
    vertex -24.62435705064624 224.9941698132764 106.1662120915918
    vertex -40.96183137776563 230.0526648684851 88.87012859835399
    vertex -48.96395547690973 221.2083639525881 105.6853385360265
  endloop
endfacet
facet normal -0.856551 -0.466262 0.22118
  outer loop
    vertex -215.1229896509508 -120.244485169241 41.99241729194846
    vertex -206.6756375718445 -126.8879294202947 60.70118781129325
    vertex -217.038095587298 -106.2583452162232 64.05957489516179
  endloop
endfacet
facet normal 0.925902 0.304156 0.224041
  outer loop
    vertex 235.5685923766413 71.64422472170406 43.29599692481741
    vertex 225.896742949986 87.79208617920426 61.34501714802203
    vertex 230.5699641337947 68.69026731222201 67.96424660007754
  endloop
endfacet
facet normal -0.216588 -0.780525 0.586405
  outer loop
    vertex -41.38241776643185 -194.2661728357423 151.8161703889213
    vertex -66.69209884571465 -189.6861011548394 148.5642856820893
    vertex -56.23563754076632 -202.6354117885372 135.1903952197548
  endloop
endfacet
facet normal -0.114 0.205019 0.972096
  outer loop
    vertex -22.50172419822838 38.79946967789549 245.9436389923938
    vertex -17.95418697423189 60.58819183434812 241.8816201788357
    vertex -42.26690264002545 48.41236134516046 241.598328243811
  endloop
endfacet
facet normal 0.531414 -0.813673 0.235659
  outer loop
    vertex 129.722502177574 -208.6339984049029 46.302560818731
    vertex 143.4268770417609 -194.9821292580387 62.53559156231829
    vertex 127.0447233614948 -203.0415283282647 71.65037362166164
  endloop
endfacet
facet normal 0.919553 -0.27627 0.279458
  outer loop
    vertex 227.1580210879825 -81.93710701083714 64.69578000214781
    vertex 235.0066633579328 -61.4829004275208 59.09078720402022
    vertex 228.41597396131 -60.92760469433706 81.32631693072508
  endloop
endfacet
facet normal 0.205937 0.924949 0.319468
  outer loop
    vertex 43.98716202691123 236.2829250529017 68.81503400611754
    vertex 41.26200871112638 229.6730538258302 89.70916889281858
    vertex 65.3501324843634 227.8724702051549 79.39456849732835
  endloop
endfacet
facet normal 0.136949 0.93917 0.314969
  outer loop
    vertex 21.23837811379657 234.5350760475433 83.91799210222125
    vertex 41.26200871112638 229.6730538258302 89.70916889281858
    vertex 43.98716202691123 236.2829250529017 68.81503400611754
  endloop
endfacet
facet normal -0.23256 0.460871 0.856454
  outer loop
    vertex -53.60453132508113 104.171694776924 220.850203143945
    vertex -48.91977001568954 124.8701461956135 210.9841290019185
    vertex -71.37970654158117 113.3176248746925 211.1019975907292
  endloop
endfacet
facet normal 0.112394 0.917452 0.38164
  outer loop
    vertex 20.84056094554746 224.9871998994002 106.9879941904804
    vertex 41.26200871112638 229.6730538258302 89.70916889281858
    vertex 21.23837811379657 234.5350760475433 83.91799210222125
  endloop
endfacet
facet normal 0.990738 0.0117988 0.135274
  outer loop
    vertex 245.318592089407 8.38466262132275 47.41820123114889
    vertex 247.418618768377 -11.8832113697828 33.80556720851763
    vertex 248.8028529711685 11.34893064237214 21.64121361388349
  endloop
endfacet
facet normal 0.823575 -0.525872 0.212563
  outer loop
    vertex 213.7032297567464 -121.2614943308356 46.114852099817
    vertex 202.8098805124606 -129.736565199241 67.35410913095465
    vertex 201.5124602174297 -141.4625950418433 43.371218349803
  endloop
endfacet
facet normal 0.194508 -0.537066 0.820809
  outer loop
    vertex 39.0148165380396 -126.5483268268134 212.0456674111431
    vertex 39.54376446565783 -143.9786422339586 200.5154389875012
    vertex 61.83900474364645 -135.8605631055016 200.5438727185931
  endloop
endfacet
facet normal 0.33061 -0.937288 0.110402
  outer loop
    vertex 95.89482818388009 -229.4874471101355 25.29216373616307
    vertex 75.85945645840344 -234.803555967974 40.15760165435804
    vertex 70.91358715811235 -238.8258027339912 20.82064131657638
  endloop
endfacet
facet normal 0.0551433 0.472031 0.879855
  outer loop
    vertex -2.886377196052844e-14 117.8491842314701 220.4803161206653
    vertex 21.55996339869757 107.6066155100526 224.6240954944917
    vertex 20.93433686321537 128.0165245549609 213.7136471565784
  endloop
endfacet
facet normal 0.413551 0.902357 0.121356
  outer loop
    vertex 113.9236811664476 219.5921800074168 36.06479376172634
    vertex 106.2523062517895 225.639484662839 17.24153059517521
    vertex 93.29289753242335 228.7073402965385 38.59258691106483
  endloop
endfacet
facet normal 0.0990128 -0.521136 0.847711
  outer loop
    vertex 14.95986078889215 -121.1883717707585 218.1503635402183
    vertex 18.57757732324915 -141.7809009483499 205.0684026052597
    vertex 39.0148165380396 -126.5483268268134 212.0456674111431
  endloop
endfacet
facet normal -0.618064 0.778571 0.108742
  outer loop
    vertex -165.0479106090491 186.1061586483467 24.97368448474819
    vertex -148.5598861643101 197.1944436188667 39.29773057942187
    vertex -145.8341698510901 202.1095951862828 19.59863356155958
  endloop
endfacet
facet normal 0.904663 -0.296463 0.306095
  outer loop
    vertex 228.41597396131 -60.92760469433706 81.32631693072508
    vertex 219.8181021307217 -84.40847765888613 83.9953026957873
    vertex 227.1580210879825 -81.93710701083714 64.69578000214781
  endloop
endfacet
facet normal -0.606048 -0.00318682 0.795421
  outer loop
    vertex -145.4669311698069 -12.81575779846585 202.9165549877332
    vertex -147.4124706275135 12.37549495649514 201.535134971732
    vertex -162.4465831430988 -0.7014030933910498 190.0279338908701
  endloop
endfacet
facet normal -0.541503 0.834077 0.105311
  outer loop
    vertex -128.7085275336722 210.8536098183169 38.40403841653767
    vertex -128.361822680087 213.968305238731 15.5179519109695
    vertex -145.8341698510901 202.1095951862828 19.59863356155958
  endloop
endfacet
facet normal 0.991616 -0.0853358 0.0970349
  outer loop
    vertex 246.649067484771 -34.48791206626055 21.79039766050063
    vertex 249.2819924216838 -12.48309789183256 14.23588849698304
    vertex 247.418618768377 -11.8832113697828 33.80556720851763
  endloop
endfacet
facet normal -0.341728 -0.933888 0.105236
  outer loop
    vertex -97.65764058691536 -229.2003668397913 20.74071058334224
    vertex -73.54380600046274 -238.0746354545884 20.29227814049306
    vertex -84.47074136292717 -231.8243560022107 40.27607003864378
  endloop
endfacet
facet normal 0.353493 -0.353155 0.866213
  outer loop
    vertex 75.96138714242078 -94.37740690646523 218.6841849083073
    vertex 93.21382324696698 -99.41336984516967 209.590469849444
    vertex 98.04098966467305 -78.18303141449374 216.276161294794
  endloop
endfacet
facet normal 0.143053 0.33501 0.931292
  outer loop
    vertex 21.23837811379695 83.91799210222121 234.5350760475433
    vertex 43.13287988740537 71.44107020859013 235.6601963846885
    vertex 44.97253950464655 93.7183159899996 227.363910809305
  endloop
endfacet
facet normal -0.800351 -0.55453 0.22789
  outer loop
    vertex -193.0366590901941 -143.5848816960618 67.97227372704351
    vertex -206.6756375718445 -126.8879294202947 60.70118781129325
    vertex -202.5920895121193 -139.9378022203686 43.28806737250364
  endloop
endfacet
facet normal 0.117939 0.914356 0.387354
  outer loop
    vertex 20.84056094554746 224.9871998994002 106.9879941904804
    vertex 38.98008500950971 223.3303189203841 105.3760960729278
    vertex 41.26200871112638 229.6730538258302 89.70916889281858
  endloop
endfacet
facet normal 0.117356 0.8756 0.468564
  outer loop
    vertex 21.23837812228281 213.6569622443249 128.0610548889163
    vertex 43.03374630689425 214.9534208100575 120.1795471819069
    vertex 20.84056094554746 224.9871998994002 106.9879941904804
  endloop
endfacet
facet normal 0.140989 0.980409 0.137549
  outer loop
    vertex 45.90016772454653 241.8227158805135 43.76012667978611
    vertex 36.9289704919015 246.4485670341205 19.98386712417935
    vertex 20.82510447387018 246.5442244664154 35.80866383860397
  endloop
endfacet
facet normal 0.94059 0.257418 0.221421
  outer loop
    vertex 238.718916604669 50.76710550652472 54.18468283179738
    vertex 235.5685923766413 71.64422472170406 43.29599692481741
    vertex 230.5699641337947 68.69026731222201 67.96424660007754
  endloop
endfacet
facet normal 0.12478 0.668576 0.7331
  outer loop
    vertex 38.25072436024027 158.5759669371047 189.4480002424918
    vertex 34.14642344212855 175.7873803981238 174.450046313769
    vertex 18.60294838233677 167.1984516886698 184.9286566879122
  endloop
endfacet
facet normal -0.799804 0.0791875 0.595015
  outer loop
    vertex -195.8084626445928 32.13345468718391 152.0739525580493
    vertex -207.4039218567291 14.70889890300052 138.8065614137499
    vertex -194.6566479775824 10.21881463816278 156.5387020053585
  endloop
endfacet
facet normal -0.146564 0.886549 0.438806
  outer loop
    vertex -48.96395547690973 221.2083639525881 105.6853385360265
    vertex -38.96466065072165 215.3725802562128 120.8155904432672
    vertex -24.62435705064624 224.9941698132764 106.1662120915918
  endloop
endfacet
facet normal -0.558342 0.819787 0.12729
  outer loop
    vertex -145.8341698510901 202.1095951862828 19.59863356155958
    vertex -148.5598861643101 197.1944436188667 39.29773057942187
    vertex -128.7085275336722 210.8536098183169 38.40403841653767
  endloop
endfacet
facet normal -0.854554 0.299049 0.424625
  outer loop
    vertex -205.6178587902499 80.22552960547293 117.4102233454746
    vertex -214.8256019752649 85.04001010475186 95.48904344137473
    vertex -218.747902663951 60.89476689316549 104.6001072903353
  endloop
endfacet
facet normal 0.795247 -0.560536 0.231043
  outer loop
    vertex 202.8098805124606 -129.736565199241 67.35410913095465
    vertex 189.5592714622946 -150.6474948707779 62.23033739136419
    vertex 201.5124602174297 -141.4625950418433 43.371218349803
  endloop
endfacet
facet normal 0.0557604 0.629497 0.775
  outer loop
    vertex -3.88441023230876e-14 158.5983210108419 193.2526132978954
    vertex 20.28937562380879 147.2330664993977 201.0242904874432
    vertex 18.60294838233677 167.1984516886698 184.9286566879122
  endloop
endfacet
facet normal -0.62117 0.27613 0.733417
  outer loop
    vertex -150.0770083774884 58.24620409202322 191.2701525730914
    vertex -149.2256780580515 82.0437774342098 183.0314606630254
    vertex -166.268709337496 66.507195025654 174.4462934689725
  endloop
endfacet
facet normal -0.480873 0.519576 0.70626
  outer loop
    vertex -127.9345199427617 118.1639515430957 179.3600824117118
    vertex -107.7616481438705 131.2119641592036 183.4961788452297
    vertex -124.2946675287922 139.1296022261789 166.4145108104827
  endloop
endfacet
facet normal 0.449838 0.165389 0.877663
  outer loop
    vertex 107.8461879276549 28.37249824671099 223.750309704173
    vertex 125.0317243424625 42.08531555524861 212.3579386850551
    vertex 107.3544344498587 54.845115002143 219.0137866992685
  endloop
endfacet
facet normal 0.847068 -0.470823 0.246579
  outer loop
    vertex 214.8420115911169 -105.7242562808625 71.8699637494058
    vertex 202.8098805124606 -129.736565199241 67.35410913095465
    vertex 213.7032297567464 -121.2614943308356 46.114852099817
  endloop
endfacet
facet normal 0.928217 -0.10129 0.357986
  outer loop
    vertex 227.1028624540793 -22.68619518636345 102.027576728695
    vertex 231.5709276788012 -38.57597740883639 85.94649161502981
    vertex 236.6704887207447 -18.84273854437853 78.30728556674674
  endloop
endfacet
facet normal 0.384734 0.137883 0.912671
  outer loop
    vertex 87.47126599610974 45.15462911628571 229.80391009382
    vertex 86.57571854522598 25.75488366133641 233.1122710754817
    vertex 107.8461879276549 28.37249824671099 223.750309704173
  endloop
endfacet
facet normal 0.648168 -0.418816 0.63598
  outer loop
    vertex 170.9743063075311 -106.8729073343115 147.8038167997369
    vertex 161.3505053809726 -92.64361232305507 166.9825604937241
    vertex 152.1159377243828 -114.8834909200414 161.7483384899409
  endloop
endfacet
facet normal -0.617367 0.366588 0.69604
  outer loop
    vertex -147.0841643044786 103.7646828808078 173.4910349196711
    vertex -165.126923285532 88.98862760017255 165.2698501363508
    vertex -149.2256780580515 82.0437774342098 183.0314606630254
  endloop
endfacet
facet normal -0.501667 0.0587223 0.863065
  outer loop
    vertex -112.8783964247743 16.01993308275011 222.4900657660825
    vertex -130.7936626430563 27.15171020994955 211.3191956379952
    vertex -129.8057605781125 1.245509071666012 213.6560629326726
  endloop
endfacet
facet normal -0.113504 0.828669 0.548109
  outer loop
    vertex -40.71973225572508 203.3601750915582 139.594206870317
    vertex -18.34530733509097 203.1441108456351 144.5542110334991
    vertex -21.23837812238537 213.6569622445079 128.0610548885942
  endloop
endfacet
facet normal 0.581502 0.775415 0.246145
  outer loop
    vertex 135.3341386651968 198.6391156543604 68.75443726628075
    vertex 151.0640121268521 186.207421650174 70.75634503373242
    vertex 153.1568560753979 190.835711554847 51.23191029480644
  endloop
endfacet
facet normal 0.916057 -0.0375552 0.399285
  outer loop
    vertex 227.1028624540793 -22.68619518636345 102.027576728695
    vertex 233.5765533590486 -2.368074111672417 89.08639596430608
    vertex 226.3053683356896 2.32412206919911 106.2095980552386
  endloop
endfacet
facet normal -0.223586 -0.472601 0.852442
  outer loop
    vertex -58.46543067346716 -130.1429151878186 205.2915367047124
    vertex -42.0236298139737 -116.5100179077914 217.1622210799665
    vertex -68.02367403813739 -110.1549502850479 213.8660017348523
  endloop
endfacet
facet normal -0.193573 -0.34354 0.918972
  outer loop
    vertex -51.60182075685876 -98.03612126711896 224.1119609067659
    vertex -34.9673273397322 -84.74010421332059 232.5863296856279
    vertex -57.55735397463248 -75.70974062646823 231.2037763050417
  endloop
endfacet
facet normal 0.681683 -0.380909 0.624673
  outer loop
    vertex 178.9929639799619 -84.20052849171259 152.8783498320948
    vertex 161.3505053809726 -92.64361232305507 166.9825604937241
    vertex 170.9743063075311 -106.8729073343115 147.8038167997369
  endloop
endfacet
facet normal 0.470602 -0.859254 0.20054
  outer loop
    vertex 109.6788515415665 -216.0194656702232 61.69392171092958
    vertex 109.283418737636 -221.131603543466 40.71791133285066
    vertex 129.722502177574 -208.6339984049029 46.302560818731
  endloop
endfacet
facet normal 0.12136 0.877762 0.463471
  outer loop
    vertex 43.03374630689425 214.9534208100575 120.1795471819069
    vertex 38.98008500950971 223.3303189203841 105.3760960729278
    vertex 20.84056094554746 224.9871998994002 106.9879941904804
  endloop
endfacet
facet normal 0.453328 0.487487 0.746224
  outer loop
    vertex 121.7554716976965 110.3328963821941 188.4204264075088
    vertex 117.8927289274225 131.5497101541526 176.9066935545507
    vertex 100.4816393951828 123.2110535750134 192.9312738292878
  endloop
endfacet
facet normal 0.546947 0.254683 0.797487
  outer loop
    vertex 143.2722260824343 73.86714159364399 191.0934709145459
    vertex 124.2580579405166 64.9748915830553 206.9739077773366
    vertex 143.0710991192426 50.45533876653163 198.7081261216219
  endloop
endfacet
facet normal 0.267805 -0.341807 0.900804
  outer loop
    vertex 75.96138714242078 -94.37740690646523 218.6841849083073
    vertex 71.32129797303251 -72.27383164212348 228.4507949542043
    vertex 53.36855054074272 -89.21522218480247 227.3597192637617
  endloop
endfacet
facet normal -0.449835 0.560614 0.695241
  outer loop
    vertex -107.7616481438705 131.2119641592036 183.4961788452297
    vertex -103.7414773662005 150.5814825201215 170.4785118304369
    vertex -124.2946675287922 139.1296022261789 166.4145108104827
  endloop
endfacet
facet normal 0.22053 0.907885 0.356526
  outer loop
    vertex 65.3501324843634 227.8724702051549 79.39456849732835
    vertex 41.26200871112638 229.6730538258302 89.70916889281858
    vertex 55.76576887670186 221.2958878370535 102.0701182913025
  endloop
endfacet
facet normal 0.52473 0.30042 0.796496
  outer loop
    vertex 124.3003837385903 87.916302812284 198.2930616593984
    vertex 124.2580579405166 64.9748915830553 206.9739077773366
    vertex 143.2722260824343 73.86714159364399 191.0934709145459
  endloop
endfacet
facet normal -0.856949 0.223214 0.464557
  outer loop
    vertex -218.747902663951 60.89476689316549 104.6001072903353
    vertex -215.3689278710634 42.88352351849147 119.4873563114846
    vertex -207.0953955127171 58.97152242371872 127.0191194287699
  endloop
endfacet
facet normal -0.978638 0.148435 0.142247
  outer loop
    vertex -245.0540238264027 24.72842919683222 42.86059024262381
    vertex -241.3747391101841 49.16278557819628 42.67617407503699
    vertex -246.3832608636609 36.62991465169773 21.29643441514458
  endloop
endfacet
facet normal -0.892242 -0.397307 0.214595
  outer loop
    vertex -228.7128062497259 -86.83504461467855 51.47938698296775
    vertex -224.3957791537212 -102.6077030806038 40.22677673536674
    vertex -217.038095587298 -106.2583452162232 64.05957489516179
  endloop
endfacet
facet normal 0.986939 -0.100514 0.125889
  outer loop
    vertex 247.418618768377 -11.8832113697828 33.80556720851763
    vertex 244.2919801224893 -30.16699772973804 43.71934006600842
    vertex 246.649067484771 -34.48791206626055 21.79039766050063
  endloop
endfacet
facet normal -0.813307 0.10556 0.572179
  outer loop
    vertex -195.8084626445928 32.13345468718391 152.0739525580493
    vertex -207.018222613188 36.31434309781748 135.3688442421317
    vertex -207.4039218567291 14.70889890300052 138.8065614137499
  endloop
endfacet
facet normal 0.741955 -0.190985 0.642672
  outer loop
    vertex 186.2504207648262 -60.65434792488426 155.3442333745681
    vertex 191.022344168136 -35.33784706990907 157.3585097570955
    vertex 176.3364962543516 -46.10766911448322 171.1126030938937
  endloop
endfacet
facet normal -0.60171 -0.479744 0.638585
  outer loop
    vertex -139.6082054935382 -120.0367688647755 169.1174830683643
    vertex -159.3359609259612 -108.6627465333094 159.073753559908
    vertex -151.0187431856193 -130.8186520597446 150.2658293821568
  endloop
endfacet
facet normal 0.122992 -0.544928 0.829413
  outer loop
    vertex 18.57757732324915 -141.7809009483499 205.0684026052597
    vertex 39.54376446565783 -143.9786422339586 200.5154389875012
    vertex 39.0148165380396 -126.5483268268134 212.0456674111431
  endloop
endfacet
facet normal 0.0831149 -0.436391 0.89591
  outer loop
    vertex 34.90326233905586 -105.2915581264423 224.0434111180176
    vertex 11.68514235090524 -98.9445711826975 229.2889645877254
    vertex 14.95986078889215 -121.1883717707585 218.1503635402183
  endloop
endfacet
facet normal 0.385504 -0.860773 0.33235
  outer loop
    vertex 108.5920518430841 -208.5376174807942 84.96957321266771
    vertex 92.19085449791845 -211.6229769348342 96.00292693549633
    vertex 86.12111996640661 -221.9529533010825 76.28918151782268
  endloop
endfacet
facet normal 0.43724 0.44943 0.778996
  outer loop
    vertex 121.7554716976965 110.3328963821941 188.4204264075088
    vertex 100.4816393951828 123.2110535750134 192.9312738292878
    vertex 104.6222384424945 101.8595253312902 202.9256620601891
  endloop
endfacet
facet normal 0.779816 0.235854 0.579879
  outer loop
    vertex 190.1207994279723 49.46867201115665 154.6186667719047
    vertex 203.6092353671195 55.47063510261771 134.0383822437782
    vertex 189.499283298218 72.20480464791176 146.207003304283
  endloop
endfacet
facet normal 0.921915 0.335281 0.194058
  outer loop
    vertex 226.946380772234 96.00894892463693 42.16185456986729
    vertex 225.896742949986 87.79208617920426 61.34501714802203
    vertex 235.5685923766413 71.64422472170406 43.29599692481741
  endloop
endfacet
facet normal 0.113425 0.284871 0.951832
  outer loop
    vertex 21.23837811379695 83.91799210222121 234.5350760475433
    vertex 18.69090708266083 60.4890254782073 241.8506311530407
    vertex 43.13287988740537 71.44107020859013 235.6601963846885
  endloop
endfacet
facet normal -0.998316 -0.0506288 0.0283297
  outer loop
    vertex -248.7173308479738 -25.29208049685819 -3.097386542425458e-15
    vertex -248.7445433374139 -12.68668396502323 21.56850040760912
    vertex -250 1.530808498934192e-14 0
  endloop
endfacet
facet normal -0.97429 0.194036 0.114497
  outer loop
    vertex -246.3832608636609 36.62991465169773 21.29643441514458
    vertex -241.3747391101841 49.16278557819628 42.67617407503699
    vertex -241.631127168343 60.52544653199698 21.23837812683443
  endloop
endfacet
facet normal -0.33021 0.83314 0.443666
  outer loop
    vertex -94.60926142645008 207.0357854159957 103.3695855149057
    vertex -81.20451213389387 201.6383984121292 123.4819156592889
    vertex -71.52797080402731 215.2575837963396 105.1090957568376
  endloop
endfacet
facet normal 0.0569407 0.922147 0.382627
  outer loop
    vertex -5.656943732860132e-14 230.9698833099735 95.6708581931279
    vertex 20.84056094554746 224.9871998994002 106.9879941904804
    vertex 21.23837811379657 234.5350760475433 83.91799210222125
  endloop
endfacet
facet normal 0.642173 0.45313 0.618293
  outer loop
    vertex 156.8169483503813 103.8840302244839 164.671044735838
    vertex 170.9705965435652 110.2981207481355 145.2700233254169
    vertex 152.7704600200438 125.1998951472687 153.2519911791593
  endloop
endfacet
facet normal 0.653652 0.488906 0.577676
  outer loop
    vertex 170.9705965435652 110.2981207481355 145.2700233254169
    vertex 165.7491270822285 131.0525463341343 133.6130868246777
    vertex 152.7704600200438 125.1998951472687 153.2519911791593
  endloop
endfacet
facet normal -0.593936 0.722842 0.353185
  outer loop
    vertex -149.149415930384 185.9312715564921 75.39240004809041
    vertex -157.5718562053679 170.8510340469246 92.09253116888182
    vertex -138.0222150400394 184.7199416796045 96.58370101277252
  endloop
endfacet
facet normal -0.114297 0.919216 0.376801
  outer loop
    vertex -21.23837811379906 234.5350760475445 83.9179921022173
    vertex -40.96183137776563 230.0526648684851 88.87012859835399
    vertex -24.62435705064624 224.9941698132764 106.1662120915918
  endloop
endfacet
facet normal 0.72849 -0.563871 0.38904
  outer loop
    vertex 184.6747360549866 -130.3861067093041 106.7459837193466
    vertex 172.2622913987723 -151.1989573897585 99.82273411550328
    vertex 188.8198481339911 -140.3920437545854 84.48158971673703
  endloop
endfacet
facet normal -0.14047 0.980411 0.138066
  outer loop
    vertex -35.70882282110969 246.5842813887191 20.5200425131041
    vertex -40.38565640279067 242.1508556529773 47.24364363008729
    vertex -21.23837813222485 246.4001384257437 36.5500079081658
  endloop
endfacet
facet normal -0.641115 -0.479032 0.599583
  outer loop
    vertex -151.0187431856193 -130.8186520597446 150.2658293821568
    vertex -159.3359609259612 -108.6627465333094 159.073753559908
    vertex -169.9925480882488 -119.2277701291755 139.2381859422512
  endloop
endfacet
facet normal -0.998341 -0.000918774 0.0575709
  outer loop
    vertex -248.7445433374139 -12.68668396502323 21.56850040760912
    vertex -248.7665151084009 12.21926494316698 21.58496062239764
    vertex -250 1.530808498934192e-14 0
  endloop
endfacet
facet normal -0.998367 0.0490466 0.0292869
  outer loop
    vertex -250 1.530808498934192e-14 0
    vertex -248.7665151084009 12.21926494316698 21.58496062239764
    vertex -248.7961816680492 24.50428508239021 0
  endloop
endfacet
facet normal -0.993169 -0.10128 0.0579387
  outer loop
    vertex -248.7173308479738 -25.29208049685819 -3.097386542425458e-15
    vertex -246.1851693688297 -37.81573679229327 21.51354070571868
    vertex -248.7445433374139 -12.68668396502323 21.56850040760912
  endloop
endfacet
facet normal 0.473363 -0.613528 0.632068
  outer loop
    vertex 119.577479700498 -142.465752942181 167.0471058926027
    vertex 106.9155544927459 -161.8447160186502 157.7192191977603
    vertex 127.8441701464967 -155.9607784907049 147.7569075614635
  endloop
endfacet
facet normal -0.939322 0.196271 0.28134
  outer loop
    vertex -230.322327291881 49.16899626571607 83.86915617241921
    vertex -234.2616052379491 60.9665961266927 62.48659430681144
    vertex -238.881107510758 37.0987888895607 63.71417689464005
  endloop
endfacet
facet normal -0.922449 0.240083 0.302405
  outer loop
    vertex -230.322327291881 49.16899626571607 83.86915617241921
    vertex -225.5476283474025 71.6806443666902 80.56148316682162
    vertex -234.2616052379491 60.9665961266927 62.48659430681144
  endloop
endfacet
facet normal 0.333502 -0.707366 0.623225
  outer loop
    vertex 94.50162474039827 -178.697909299284 147.0935081282985
    vertex 84.66102888876284 -166.811274301246 165.8508635898244
    vertex 71.18445634096922 -183.9064395724861 153.6593461498915
  endloop
endfacet
facet normal -0.93909 0.147845 0.310243
  outer loop
    vertex -233.9351208614454 24.44258915368523 84.71669884388247
    vertex -230.322327291881 49.16899626571607 83.86915617241921
    vertex -238.881107510758 37.0987888895607 63.71417689464005
  endloop
endfacet
facet normal 0.9182 -0.340533 0.202352
  outer loop
    vertex 234.9484739133859 -73.92204127933768 42.83394003435754
    vertex 227.1580210879825 -81.93710701083714 64.69578000214781
    vertex 225.1026784403943 -98.42294940027674 46.27858241466577
  endloop
endfacet
facet normal 0.0568879 0.979504 0.193227
  outer loop
    vertex -6.005379423862043e-14 245.1963198262604 48.77258050384027
    vertex 21.50930703373104 241.709451636074 60.11564439242996
    vertex 20.82510447387018 246.5442244664154 35.80866383860397
  endloop
endfacet
facet normal 0.836797 -0.0480335 0.545403
  outer loop
    vertex 216.758721190535 -11.93218585875786 123.989030678024
    vertex 203.5422085208218 -1.976070406097232 145.1435995702753
    vertex 204.2739791930956 -24.38809538817269 142.047042306259
  endloop
endfacet
facet normal 0.813265 -0.293888 0.502225
  outer loop
    vertex 209.920475196774 -61.44754758390491 121.0685466547127
    vertex 195.4231848311449 -73.24830224219049 137.6388936641416
    vertex 203.5705466013351 -85.35225861526432 117.3627901240709
  endloop
endfacet
facet normal 0.5184 -0.580288 0.628114
  outer loop
    vertex 140.7477008697627 -136.0752626274891 155.4786403360143
    vertex 119.577479700498 -142.465752942181 167.0471058926027
    vertex 127.8441701464967 -155.9607784907049 147.7569075614635
  endloop
endfacet
facet normal 0.751267 -0.339448 0.566016
  outer loop
    vertex 195.4231848311449 -73.24830224219049 137.6388936641416
    vertex 178.9929639799619 -84.20052849171259 152.8783498320948
    vertex 188.0830896942548 -96.7130206592069 133.3092007553669
  endloop
endfacet
facet normal 0.798347 -0.0567655 0.599516
  outer loop
    vertex 203.5422085208218 -1.976070406097232 145.1435995702753
    vertex 191.0804678177596 -14.01948859965629 160.5979724590266
    vertex 204.2739791930956 -24.38809538817269 142.047042306259
  endloop
endfacet
facet normal 0.841172 -0.293822 0.45398
  outer loop
    vertex 216.7172173471668 -73.25813878460738 100.8310111380228
    vertex 209.920475196774 -61.44754758390491 121.0685466547127
    vertex 203.5705466013351 -85.35225861526432 117.3627901240709
  endloop
endfacet
facet normal 0.84867 -0.0967675 0.519996
  outer loop
    vertex 216.758721190535 -11.93218585875786 123.989030678024
    vertex 204.2739791930956 -24.38809538817269 142.047042306259
    vertex 214.1103314970779 -36.97572528298497 123.6509671859004
  endloop
endfacet
facet normal 0.863238 -0.196848 0.464834
  outer loop
    vertex 222.317856491781 -48.94342253633302 103.340757087075
    vertex 214.1103314970779 -36.97572528298497 123.6509671859004
    vertex 209.920475196774 -61.44754758390491 121.0685466547127
  endloop
endfacet
facet normal 0.753334 -0.647987 0.112253
  outer loop
    vertex 196.5977730597668 -152.9295183530065 21.49134812564993
    vertex 186.9053059456501 -160.672022427315 41.84385042607016
    vertex 180.4487790330313 -171.6407052510662 21.85649666357414
  endloop
endfacet
facet normal -0.480562 -0.680287 0.553417
  outer loop
    vertex -108.758771622345 -179.1378629550408 136.3127127273888
    vertex -120.983156869678 -160.0936817911238 149.1076416700676
    vertex -130.5412167425145 -170.5251606485965 127.9850003600197
  endloop
endfacet
facet normal 0.880552 -0.0993753 0.463414
  outer loop
    vertex 227.1028624540793 -22.68619518636345 102.027576728695
    vertex 216.758721190535 -11.93218585875786 123.989030678024
    vertex 214.1103314970779 -36.97572528298497 123.6509671859004
  endloop
endfacet
facet normal -0.174883 -0.807821 0.562887
  outer loop
    vertex -31.86683928753173 -207.1701566272945 136.2535531897971
    vertex -41.38241776643185 -194.2661728357423 151.8161703889213
    vertex -56.23563754076632 -202.6354117885372 135.1903952197548
  endloop
endfacet
facet normal -0.753773 -0.646656 0.116886
  outer loop
    vertex -180.5001981674615 -171.5782325861846 21.92233026181899
    vertex -187.1873519123985 -159.8460341578827 43.7051558516941
    vertex -196.9925470204902 -152.3795598355834 21.78086689491086
  endloop
endfacet
facet normal -0.0547118 0.781301 0.621751
  outer loop
    vertex -4.73316756274763e-14 193.2526132978954 158.5983210108419
    vertex -18.34530733509097 203.1441108456351 144.5542110334991
    vertex -27.34538895031076 192.1575528193393 157.5680951133161
  endloop
endfacet
facet normal -0.526038 -0.84185 0.120719
  outer loop
    vertex -120.8581293183135 -217.7446302749379 21.92233026182179
    vertex -132.8011574330761 -206.9671605850948 45.03828397906509
    vertex -142.3173482615777 -204.4475021806204 21.14216724695076
  endloop
endfacet
facet normal -0.425229 -0.753539 0.501358
  outer loop
    vertex -94.29654547112597 -196.2350899287836 122.8818578670345
    vertex -108.758771622345 -179.1378629550408 136.3127127273888
    vertex -117.438366797547 -187.7697827972144 115.9773196457467
  endloop
endfacet
facet normal -0.132011 -0.152321 0.979475
  outer loop
    vertex -21.38377318736672 -45.14257619046498 244.9589395371382
    vertex -32.04618240676199 -24.64221291210033 246.7099583234273
    vertex -46.40880992578559 -38.44868856866463 242.6271227802493
  endloop
endfacet
facet normal -0.61701 -0.150226 0.772483
  outer loop
    vertex -157.993140876663 -50.08303016743753 187.1626499202618
    vertex -142.842944194699 -36.90153650483351 201.827079197447
    vertex -161.1368254861234 -25.49799199434518 189.4327740294981
  endloop
endfacet
facet normal -0.717137 -0.471336 0.513377
  outer loop
    vertex -179.5758336833146 -127.803895712574 117.9774732634669
    vertex -169.9925480882488 -119.2277701291755 139.2381859422512
    vertex -187.3847687375019 -106.0134010931669 127.0752030643754
  endloop
endfacet
facet normal -0.0392304 -0.87308 0.485995
  outer loop
    vertex 1.425642112811337 -222.5942832605815 113.7969797678049
    vertex -7.338582369896804 -211.1536908744976 133.6422988386436
    vertex -23.29678128857077 -219.6983402311305 117.0038430192741
  endloop
endfacet
facet normal -0.890079 -0.293999 0.348315
  outer loop
    vertex -223.3260472947575 -82.69850910026679 76.06860845508356
    vertex -216.1385191062202 -76.61334871741359 99.57175983618079
    vertex -226.6175718416 -59.72678043508915 87.04704378366858
  endloop
endfacet
facet normal -0.334222 -0.543882 0.769732
  outer loop
    vertex -72.39362901448186 -144.6278748860816 190.6356217605972
    vertex -82.18270936609569 -124.4279180135364 200.6581558274283
    vertex -95.7487575751654 -137.8102293351383 185.3119427166225
  endloop
endfacet
facet normal -0.137597 -0.857046 0.496528
  outer loop
    vertex -23.29678128857077 -219.6983402311305 117.0038430192741
    vertex -31.86683928753173 -207.1701566272945 136.2535531897971
    vertex -47.75978869701857 -214.5407795600081 119.1270602734749
  endloop
endfacet
facet normal -0.23931 -0.56722 0.788031
  outer loop
    vertex -48.32489566893107 -149.9233455767282 194.1331885836831
    vertex -58.46543067346716 -130.1429151878186 205.2915367047124
    vertex -72.39362901448186 -144.6278748860816 190.6356217605972
  endloop
endfacet
facet normal -0.392654 -0.178825 0.902133
  outer loop
    vertex -102.648456366267 -57.48165089260015 220.5882005372994
    vertex -85.02065389295741 -42.86228501918517 231.1586315380589
    vertex -106.5403823421217 -33.11604237215816 223.724103904787
  endloop
endfacet
facet normal -0.460465 -0.235316 0.85592
  outer loop
    vertex -118.4096413039889 -71.38531911996586 208.2865647621116
    vertex -102.648456366267 -57.48165089260015 220.5882005372994
    vertex -123.2778057178954 -47.36620614087674 212.271112337974
  endloop
endfacet
facet normal -0.198028 -0.205269 0.958462
  outer loop
    vertex -39.67937419177002 -60.67435212063418 239.2575396063639
    vertex -46.40880992578559 -38.44868856866463 242.6271227802493
    vertex -62.66123391179658 -52.07593709248957 236.3507278190405
  endloop
endfacet
facet normal -0.0422575 -0.590963 0.805591
  outer loop
    vertex 0.9818136211374716 -156.1152965508357 195.2614919149651
    vertex -7.145313015028456 -135.3313329978243 210.0818288452127
    vertex -23.77769069513066 -153.6466027668937 195.7737032479058
  endloop
endfacet
facet normal -0.477643 -0.716722 0.508101
  outer loop
    vertex -108.758771622345 -179.1378629550408 136.3127127273888
    vertex -130.5412167425145 -170.5251606485965 127.9850003600197
    vertex -117.438366797547 -187.7697827972144 115.9773196457467
  endloop
endfacet
facet normal 0.894916 -0.0456878 0.44389
  outer loop
    vertex 227.1028624540793 -22.68619518636345 102.027576728695
    vertex 226.3053683356896 2.32412206919911 106.2095980552386
    vertex 216.758721190535 -11.93218585875786 123.989030678024
  endloop
endfacet
facet normal -0.141375 -0.190097 0.971533
  outer loop
    vertex -39.67937419177002 -60.67435212063418 239.2575396063639
    vertex -21.38377318736672 -45.14257619046498 244.9589395371382
    vertex -46.40880992578559 -38.44868856866463 242.6271227802493
  endloop
endfacet
facet normal -0.797983 0.538055 0.271515
  outer loop
    vertex -191.7332626164261 140.4101301680673 77.61025288353973
    vertex -199.2236845106378 140.4762187748527 55.46490321568767
    vertex -206.5913073646988 122.7549058343864 68.92941908166243
  endloop
endfacet
facet normal -0.188292 -0.553993 0.810948
  outer loop
    vertex -48.32489566893107 -149.9233455767282 194.1331885836831
    vertex -34.1729444919735 -134.7373192373729 207.7933220040403
    vertex -58.46543067346716 -130.1429151878186 205.2915367047124
  endloop
endfacet
facet normal -0.660642 -0.152352 0.735079
  outer loop
    vertex -157.993140876663 -50.08303016743753 187.1626499202618
    vertex -161.1368254861234 -25.49799199434518 189.4327740294981
    vertex -175.5261414435214 -38.47390276424134 173.8111977866692
  endloop
endfacet
facet normal -0.508281 -0.240211 0.827012
  outer loop
    vertex -118.4096413039889 -71.38531911996586 208.2865647621116
    vertex -123.2778057178954 -47.36620614087674 212.271112337974
    vertex -138.8898829082779 -61.08888972821217 198.6900802191674
  endloop
endfacet
facet normal -0.0298552 -0.169898 0.985009
  outer loop
    vertex 1.993174160580914 -52.93414071489401 244.3235641593774
    vertex -2.959892086168626 -29.12689962999915 248.2798073883218
    vertex -21.38377318736672 -45.14257619046498 244.9589395371382
  endloop
endfacet
facet normal -0.374502 -0.126184 0.9186
  outer loop
    vertex -85.02065389295741 -42.86228501918517 231.1586315380589
    vertex -88.84774487640588 -18.48149328782811 232.9474460822206
    vertex -106.5403823421217 -33.11604237215816 223.724103904787
  endloop
endfacet
facet normal 0.899914 0.296248 0.319988
  outer loop
    vertex 230.5699641337947 68.69026731222201 67.96424660007754
    vertex 219.7052292836994 87.30742431029296 81.28361388188608
    vertex 223.4725386576726 65.21104178128533 91.14573218584896
  endloop
endfacet
facet normal -0.177887 -0.833163 0.523638
  outer loop
    vertex -31.86683928753173 -207.1701566272945 136.2535531897971
    vertex -56.23563754076632 -202.6354117885372 135.1903952197548
    vertex -47.75978869701857 -214.5407795600081 119.1270602734749
  endloop
endfacet
facet normal -0.443732 -0.183764 0.877116
  outer loop
    vertex -102.648456366267 -57.48165089260015 220.5882005372994
    vertex -106.5403823421217 -33.11604237215816 223.724103904787
    vertex -123.2778057178954 -47.36620614087674 212.271112337974
  endloop
endfacet
facet normal -0.783982 -0.603597 0.145061
  outer loop
    vertex -187.1873519123985 -159.8460341578827 43.7051558516941
    vertex -202.5920895121193 -139.9378022203686 43.28806737250364
    vertex -196.9925470204902 -152.3795598355834 21.78086689491086
  endloop
endfacet
facet normal -0.913577 -0.274359 0.300173
  outer loop
    vertex -223.3260472947575 -82.69850910026679 76.06860845508356
    vertex -226.6175718416 -59.72678043508915 87.04704378366858
    vertex -233.9508436094585 -61.76956868542959 62.86114188303182
  endloop
endfacet
facet normal -0.740839 -0.155736 0.653378
  outer loop
    vertex -188.2355300436207 -51.02805941109655 156.408191543585
    vertex -175.5261414435214 -38.47390276424134 173.8111977866692
    vertex -191.2016624717569 -26.80321322979487 158.8191173272112
  endloop
endfacet
facet normal -0.802122 -0.101847 0.588411
  outer loop
    vertex -203.0868687992661 -38.75164984386556 140.5490425285356
    vertex -191.2016624717569 -26.80321322979487 158.8191173272112
    vertex -204.3482951570598 -11.35287915716743 143.5718858316137
  endloop
endfacet
facet normal 0.249129 -0.592709 0.765919
  outer loop
    vertex 74.50295758025612 -152.6472329123988 183.4342705057657
    vertex 61.83900474364645 -135.8605631055016 200.5438727185931
    vertex 50.59121784927 -157.2662549457978 187.6375594912997
  endloop
endfacet
facet normal -0.674561 -0.202243 0.709976
  outer loop
    vertex -171.5503476514543 -62.87319214241026 170.6383307773747
    vertex -157.993140876663 -50.08303016743753 187.1626499202618
    vertex -175.5261414435214 -38.47390276424134 173.8111977866692
  endloop
endfacet
facet normal -0.715506 -0.682735 0.148066
  outer loop
    vertex -180.5001981674615 -171.5782325861846 21.92233026181899
    vertex -169.2894975881789 -178.0535838161827 46.23837471792882
    vertex -187.1873519123985 -159.8460341578827 43.7051558516941
  endloop
endfacet
facet normal -0.304442 -0.216026 0.927711
  outer loop
    vertex -80.2616497939908 -66.81474827017918 227.1428118738063
    vertex -62.66123391179658 -52.07593709248957 236.3507278190405
    vertex -85.02065389295741 -42.86228501918517 231.1586315380589
  endloop
endfacet
facet normal -0.521786 -0.290197 0.8022
  outer loop
    vertex -133.3818782177531 -84.81388709905886 193.690162678058
    vertex -118.4096413039889 -71.38531911996586 208.2865647621116
    vertex -138.8898829082779 -61.08888972821217 198.6900802191674
  endloop
endfacet
facet normal -0.601126 -0.247535 0.759851
  outer loop
    vertex -153.2035152309155 -74.17152946581282 183.104525169622
    vertex -138.8898829082779 -61.08888972821217 198.6900802191674
    vertex -157.993140876663 -50.08303016743753 187.1626499202618
  endloop
endfacet
facet normal -0.315817 0.0321524 0.948275
  outer loop
    vertex -73.00251985447592 -4.112387009415596 239.0684428526309
    vertex -75.0840311862224 21.14819500932862 237.518719491062
    vertex -91.69382188717627 6.071206982621084 232.4981364946759
  endloop
endfacet
facet normal 0.86713 -0.244524 0.433928
  outer loop
    vertex 216.7172173471668 -73.25813878460738 100.8310111380228
    vertex 222.317856491781 -48.94342253633302 103.340757087075
    vertex 209.920475196774 -61.44754758390491 121.0685466547127
  endloop
endfacet
facet normal -0.342432 -0.0225052 0.939273
  outer loop
    vertex -88.84774487640588 -18.48149328782811 232.9474460822206
    vertex -73.00251985447592 -4.112387009415596 239.0684428526309
    vertex -91.69382188717627 6.071206982621084 232.4981364946759
  endloop
endfacet
facet normal -0.882716 0.041747 0.468049
  outer loop
    vertex -217.6033971627496 -1.226260437604101 123.0741964368236
    vertex -217.4562596124625 22.85767515173993 121.2035554017077
    vertex -226.6080778033293 11.6391305705874 104.9443172060358
  endloop
endfacet
facet normal 0.886788 -0.139569 0.440599
  outer loop
    vertex 222.317856491781 -48.94342253633302 103.340757087075
    vertex 227.1028624540793 -22.68619518636345 102.027576728695
    vertex 214.1103314970779 -36.97572528298497 123.6509671859004
  endloop
endfacet
facet normal 0.988026 -0.15136 0.0299039
  outer loop
    vertex 248.7173308479738 -25.29208049685802 -3.097386542425438e-15
    vertex 246.649067484771 -34.48791206626055 21.79039766050063
    vertex 244.8824853131237 -50.32463002216494 -6.162989707491909e-15
  endloop
endfacet
facet normal -0.733515 0.581534 0.351815
  outer loop
    vertex -182.3339245620085 138.5179710092858 100.3349971908429
    vertex -175.1168096034839 156.6454578789582 85.41840270216197
    vertex -191.7332626164261 140.4101301680673 77.61025288353973
  endloop
endfacet
facet normal -0.728072 -0.108404 0.676875
  outer loop
    vertex -175.5261414435214 -38.47390276424134 173.8111977866692
    vertex -177.9005451034499 -15.17115523882868 174.9892342420378
    vertex -191.2016624717569 -26.80321322979487 158.8191173272112
  endloop
endfacet
facet normal -0.850558 -0.0546284 0.523036
  outer loop
    vertex -216.3266228653626 -26.19201150718974 122.5429344061682
    vertex -204.3482951570598 -11.35287915716743 143.5718858316137
    vertex -217.6033971627496 -1.226260437604101 123.0741964368236
  endloop
endfacet
facet normal -0.764207 0.53474 0.360613
  outer loop
    vertex -182.3339245620085 138.5179710092858 100.3349971908429
    vertex -191.7332626164261 140.4101301680673 77.61025288353973
    vertex -198.1579184542051 121.4831213350074 92.06134142299071
  endloop
endfacet
facet normal 0.527945 -0.390252 0.754306
  outer loop
    vertex 142.380975003501 -100.3233265137193 179.3401464097599
    vertex 131.5638213422699 -84.8818356112894 194.9000638714039
    vertex 121.784799878522 -107.2792685009706 190.1568328208192
  endloop
endfacet
facet normal -0.751915 -0.464699 0.46763
  outer loop
    vertex -179.5758336833146 -127.803895712574 117.9774732634669
    vertex -187.3847687375019 -106.0134010931669 127.0752030643754
    vertex -196.1013362294376 -113.8622123657449 105.2599758892575
  endloop
endfacet
facet normal 0.189908 -0.118896 0.974576
  outer loop
    vertex 60.9865986896178 -26.03994678930223 241.0447177423347
    vertex 37.76954974393701 -19.65970883709835 246.3472284410377
    vertex 43.43660087896721 -43.32008413667825 242.3564152533876
  endloop
endfacet
facet normal 0.75634 -0.65165 0.0574751
  outer loop
    vertex 196.5977730597668 -152.9295183530065 21.49134812564993
    vertex 180.4487790330313 -171.6407052510662 21.85649666357414
    vertex 189.6895306731978 -162.8431206805554 -1.994253065046084e-14
  endloop
endfacet
facet normal 0.0157036 -0.863225 0.504574
  outer loop
    vertex 1.425642112811337 -222.5942832605815 113.7969797678049
    vertex 17.33926801138426 -212.7749240817792 130.1006589792015
    vertex -7.338582369896804 -211.1536908744976 133.6422988386436
  endloop
endfacet
facet normal 0.395527 -0.502049 0.769094
  outer loop
    vertex 110.0127141557045 -128.1711291059404 184.3077979571229
    vertex 100.3452157540632 -113.358557092838 198.948926132061
    vertex 87.180782664887 -133.07325725988 192.8497325281618
  endloop
endfacet
facet normal -0.988322 -0.10091 0.11418
  outer loop
    vertex -248.7445433374139 -12.68668396502323 21.56850040760912
    vertex -246.1851693688297 -37.81573679229327 21.51354070571868
    vertex -245.0232991166775 -25.06040109432678 42.84342641491995
  endloop
endfacet
facet normal -0.814138 -0.40802 0.413158
  outer loop
    vertex -196.1013362294376 -113.8622123657449 105.2599758892575
    vertex -202.9319659874452 -92.06925225906861 113.3219747839154
    vertex -210.6662894594828 -98.68381736009647 91.54899604371714
  endloop
endfacet
facet normal 0.0438402 -0.105008 0.993505
  outer loop
    vertex 20.3887256233265 -36.71238461555858 246.4477646141186
    vertex 15.40289102093316 -12.77503503761382 249.1978118442957
    vertex -2.959892086168626 -29.12689962999915 248.2798073883218
  endloop
endfacet
facet normal -0.42223 -0.786147 0.451326
  outer loop
    vertex -105.064939510997 -203.810668990717 99.61209610838904
    vertex -94.29654547112597 -196.2350899287836 122.8818578670345
    vertex -117.438366797547 -187.7697827972144 115.9773196457467
  endloop
endfacet
facet normal -0.757464 -0.650259 0.0584112
  outer loop
    vertex -180.5001981674615 -171.5782325861846 21.92233026181899
    vertex -196.9925470204902 -152.3795598355834 21.78086689491086
    vertex -189.6895306731976 -162.8431206805556 -1.994253065046086e-14
  endloop
endfacet
facet normal 0.339742 -0.938481 0.0618799
  outer loop
    vertex 95.89482818388009 -229.4874471101355 25.29216373616307
    vertex 70.91358715811235 -238.8258027339912 20.82064131657638
    vertex 86.82631321120535 -234.43803303677 -2.871037867568818e-14
  endloop
endfacet
facet normal -0.527359 -0.847666 0.0579255
  outer loop
    vertex -120.8581293183135 -217.7446302749379 21.92233026182179
    vertex -142.3173482615777 -204.4475021806204 21.14216724695076
    vertex -132.2410025817404 -212.1610643736879 -2.598223683889324e-14
  endloop
endfacet
facet normal 0.937309 -0.347141 0.0307512
  outer loop
    vertex 238.5348141000123 -74.84078074333935 -9.16535225830194e-15
    vertex 233.1195224582606 -87.47492652893449 22.43714504098135
    vertex 229.7394529050577 -98.58896377832951 -1.207366589223856e-14
  endloop
endfacet
facet normal 0.799188 0.434619 0.415216
  outer loop
    vertex 207.3731805532247 104.6598965756106 92.42656564009144
    vertex 192.8399620648796 121.0673823610668 103.2251808380836
    vertex 198.1198858463913 100.0694429693398 115.0418072529241
  endloop
endfacet
facet normal -0.213562 -0.251693 0.94395
  outer loop
    vertex -57.55735397463248 -75.70974062646823 231.2037763050417
    vertex -39.67937419177002 -60.67435212063418 239.2575396063639
    vertex -62.66123391179658 -52.07593709248957 236.3507278190405
  endloop
endfacet
facet normal -0.498189 -0.383486 0.777654
  outer loop
    vertex -126.4440946233739 -107.7035176579171 186.8471118829135
    vertex -112.6611199701675 -94.77419308387773 202.0527762055434
    vertex -133.3818782177531 -84.81388709905886 193.690162678058
  endloop
endfacet
facet normal 0.802849 0.468357 0.368884
  outer loop
    vertex 207.3731805532247 104.6598965756106 92.42656564009144
    vertex 200.8571051723648 125.1211755463101 80.62949045905611
    vertex 192.8399620648796 121.0673823610668 103.2251808380836
  endloop
endfacet
facet normal 0.979085 -0.193918 0.0615586
  outer loop
    vertex 246.649067484771 -34.48791206626055 21.79039766050063
    vertex 241.175412026779 -62.11076701309652 21.83284806795122
    vertex 244.8824853131237 -50.32463002216494 -6.162989707491909e-15
  endloop
endfacet
facet normal -0.898918 0.244114 0.363805
  outer loop
    vertex -230.322327291881 49.16899626571607 83.86915617241921
    vertex -218.747902663951 60.89476689316549 104.6001072903353
    vertex -225.5476283474025 71.6806443666902 80.56148316682162
  endloop
endfacet
facet normal 0.811652 -0.387966 0.436696
  outer loop
    vertex 209.3502764262225 -96.78124288625791 96.46684811714019
    vertex 203.5705466013351 -85.35225861526432 117.3627901240709
    vertex 195.1250581418086 -108.431225414563 112.5561239571266
  endloop
endfacet
facet normal -0.306294 0.496214 0.812377
  outer loop
    vertex -71.37970654158117 113.3176248746925 211.1019975907292
    vertex -68.44118610441824 135.1236135098739 198.8904550667392
    vertex -90.03072178990858 122.9367610933769 198.1944043252938
  endloop
endfacet
facet normal -0.528357 0.51058 0.678341
  outer loop
    vertex -127.9345199427617 118.1639515430957 179.3600824117118
    vertex -124.2946675287922 139.1296022261789 166.4145108104827
    vertex -143.7273357243784 125.2143634241448 161.7523296829384
  endloop
endfacet
facet normal 0.651093 -0.758433 0.0292799
  outer loop
    vertex 172.2417297689218 -181.1981968072799 -2.219037917313075e-14
    vertex 162.215828173169 -188.9588223643437 21.92232972960051
    vertex 153.0264956369158 -197.6939342344245 -2.421052437710354e-14
  endloop
endfacet
facet normal -0.339017 -0.587753 0.734584
  outer loop
    vertex -85.69137487857313 -157.6455961487286 174.0828948700354
    vertex -72.39362901448186 -144.6278748860816 190.6356217605972
    vertex -95.7487575751654 -137.8102293351383 185.3119427166225
  endloop
endfacet
facet normal 0.10257 -0.383377 0.917879
  outer loop
    vertex 30.35354167266702 -83.06858458172151 233.8338571796545
    vertex 11.68514235090524 -98.9445711826975 229.2889645877254
    vertex 34.90326233905586 -105.2915581264423 224.0434111180176
  endloop
endfacet
facet normal -0.391958 0.446026 0.804631
  outer loop
    vertex -92.61387784494492 100.9840973792044 209.1049538079597
    vertex -90.03072178990858 122.9367610933769 198.1944043252938
    vertex -110.8390957859885 110.0670387484049 195.1920639434442
  endloop
endfacet
facet normal -0.373175 0.803236 0.464277
  outer loop
    vertex -103.753301781116 192.5782064948868 121.0325854996472
    vertex -81.20451213389387 201.6383984121292 123.4819156592889
    vertex -94.60926142645008 207.0357854159957 103.3695855149057
  endloop
endfacet
facet normal -0.304142 -0.0693404 0.9501
  outer loop
    vertex -88.84774487640588 -18.48149328782811 232.9474460822206
    vertex -68.66793069374573 -28.77454177055604 238.6561146087262
    vertex -73.00251985447592 -4.112387009415596 239.0684428526309
  endloop
endfacet
facet normal -0.428516 0.307204 0.849706
  outer loop
    vertex -113.8262962697398 64.24263936561265 213.1113736168327
    vertex -94.09602693486079 78.21034513355094 218.0116502143057
    vertex -112.9282450097787 87.57756985753953 205.1277181096187
  endloop
endfacet
facet normal 0.77376 0.516232 0.367151
  outer loop
    vertex 200.8571051723648 125.1211755463101 80.62949045905611
    vertex 185.7554860999513 140.6591047444638 90.60858478233034
    vertex 192.8399620648796 121.0673823610668 103.2251808380836
  endloop
endfacet
facet normal -0.5095 -0.750077 0.421656
  outer loop
    vertex -125.248694531067 -195.2113653759004 93.30212937730951
    vertex -117.438366797547 -187.7697827972144 115.9773196457467
    vertex -138.791142638905 -178.6302946040475 106.434188936912
  endloop
endfacet
facet normal 0.568808 -0.351036 0.743795
  outer loop
    vertex 142.380975003501 -100.3233265137193 179.3401464097599
    vertex 151.6812533239559 -77.6269227429007 182.9394934275856
    vertex 131.5638213422699 -84.8818356112894 194.9000638714039
  endloop
endfacet
facet normal -0.402574 0.167725 0.89989
  outer loop
    vertex -93.54036300102817 30.55820635400535 229.8181814262351
    vertex -94.37605054915768 54.73745350808478 224.9377075240901
    vertex -113.5171126956056 40.30552479416009 219.0646703517492
  endloop
endfacet
facet normal -0.339268 0.45038 0.825867
  outer loop
    vertex -92.61387784494492 100.9840973792044 209.1049538079597
    vertex -71.37970654158117 113.3176248746925 211.1019975907292
    vertex -90.03072178990858 122.9367610933769 198.1944043252938
  endloop
endfacet
facet normal -0.651117 -0.75846 0.028015
  outer loop
    vertex -153.0264956369155 -197.6939342344248 -2.421052437710356e-14
    vertex -162.2471540283736 -188.9858872164555 21.45216638715931
    vertex -172.2417297689215 -181.1981968072801 -2.219037917313077e-14
  endloop
endfacet
facet normal -0.430821 -0.558378 0.708948
  outer loop
    vertex -109.0110379920826 -150.2610919158349 167.4461043206134
    vertex -95.7487575751654 -137.8102293351383 185.3119427166225
    vertex -118.1591474532787 -129.5385266977894 178.2082657288389
  endloop
endfacet
facet normal -0.387841 -0.0280978 0.921298
  outer loop
    vertex -88.84774487640588 -18.48149328782811 232.9474460822206
    vertex -91.69382188717627 6.071206982621084 232.4981364946759
    vertex -109.858704878965 -8.613776422452048 224.4033596407605
  endloop
endfacet
facet normal -0.101145 -0.994637 0.0216178
  outer loop
    vertex -12.66229220967787 -249.6791267927632 -3.057687434406636e-14
    vertex -25.62151793827986 -247.9450507128325 19.15175306726104
    vertex -37.85694437614386 -247.1170810820279 -3.026311423617424e-14
  endloop
endfacet
facet normal -0.567282 0.61475 0.547973
  outer loop
    vertex -139.1246706227111 145.4991742978452 148.237364732268
    vertex -132.9165242518388 164.2000970166538 133.6844258712728
    vertex -152.7377633386388 150.4878945745886 128.54792583631
  endloop
endfacet
facet normal 0.445579 -0.465214 0.764876
  outer loop
    vertex 110.0127141557045 -128.1711291059404 184.3077979571229
    vertex 121.784799878522 -107.2792685009706 190.1568328208192
    vertex 100.3452157540632 -113.358557092838 198.948926132061
  endloop
endfacet
facet normal -0.778316 -0.155831 0.608228
  outer loop
    vertex -203.0868687992661 -38.75164984386556 140.5490425285356
    vertex -188.2355300436207 -51.02805941109655 156.408191543585
    vertex -191.2016624717569 -26.80321322979487 158.8191173272112
  endloop
endfacet
facet normal 0.101121 -0.994403 0.030619
  outer loop
    vertex 37.85694437614447 -247.1170810820278 -3.026311423617423e-14
    vertex 25.90574811859909 -247.6424239358011 22.40808072139748
    vertex 12.66229220967848 -249.6791267927632 -3.057687434406636e-14
  endloop
endfacet
facet normal -0.485094 -0.873972 0.0292799
  outer loop
    vertex -110.0985378894084 -224.4511348926855 -2.748733639113181e-14
    vertex -120.8581293183135 -217.7446302749379 21.92233026182179
    vertex -132.2410025817404 -212.1610643736879 -2.598223683889324e-14
  endloop
endfacet
facet normal 0.790462 -0.611863 0.0281539
  outer loop
    vertex 205.1908603018192 -142.8170537736979 -1.749004477676146e-14
    vertex 196.5977730597668 -152.9295183530065 21.49134812564993
    vertex 189.6895306731978 -162.8431206805554 -1.994253065046084e-14
  endloop
endfacet
facet normal -0.20122 -0.979146 0.0279883
  outer loop
    vertex -37.85694437614386 -247.1170810820279 -3.026311423617424e-14
    vertex -50.01487244276547 -244.0056625943585 21.44176197102242
    vertex -62.66313306467994 -242.0192797165511 -2.963881362368223e-14
  endloop
endfacet
facet normal -0.724482 -0.688672 0.0292799
  outer loop
    vertex -172.2417297689215 -181.1981968072801 -2.219037917313077e-14
    vertex -180.5001981674615 -171.5782325861846 21.92233026181899
    vertex -189.6895306731976 -162.8431206805556 -1.994253065046086e-14
  endloop
endfacet
facet normal 0.571027 -0.820417 0.0290634
  outer loop
    vertex 153.0264956369158 -197.6939342344245 -2.421052437710354e-14
    vertex 142.313024999317 -204.3769924424307 21.84142567989534
    vertex 132.2410025817408 -212.1610643736877 -2.598223683889321e-14
  endloop
endfacet
facet normal -0.96771 -0.250557 0.0275525
  outer loop
    vertex -238.5348141000122 -74.84078074333962 -9.165352258301973e-15
    vertex -241.2091539603271 -62.17193221076121 21.27897767571932
    vertex -244.8824853131236 -50.32463002216506 -6.162989707491924e-15
  endloop
endfacet
facet normal 0.394064 -0.918278 0.0384482
  outer loop
    vertex 110.0985378894087 -224.4511348926853 -2.748733639113179e-14
    vertex 95.89482818388009 -229.4874471101355 25.29216373616307
    vertex 86.82631321120535 -234.43803303677 -2.871037867568818e-14
  endloop
endfacet
facet normal -0.897476 -0.440233 0.0270526
  outer loop
    vertex -218.5866540361455 -121.3254906327704 -1.485808737584044e-14
    vertex -223.1934056155273 -110.6398258085658 21.0602145001647
    vertex -229.7394529050576 -98.58896377832987 -1.20736658922386e-14
  endloop
endfacet
facet normal 0.784087 -0.340966 0.518604
  outer loop
    vertex 195.4231848311449 -73.24830224219049 137.6388936641416
    vertex 188.0830896942548 -96.7130206592069 133.3092007553669
    vertex 203.5705466013351 -85.35225861526432 117.3627901240709
  endloop
endfacet
facet normal -0.833258 -0.0983877 0.54406
  outer loop
    vertex -216.3266228653626 -26.19201150718974 122.5429344061682
    vertex -203.0868687992661 -38.75164984386556 140.5490425285356
    vertex -204.3482951570598 -11.35287915716743 143.5718858316137
  endloop
endfacet
facet normal -0.235401 0.580707 0.779337
  outer loop
    vertex -68.44118610441824 135.1236135098739 198.8904550667392
    vertex -45.10837404129616 144.0985097026701 199.250731724679
    vertex -64.942147838857 154.454401335111 185.5434055478354
  endloop
endfacet
facet normal -0.243969 -0.612015 0.752274
  outer loop
    vertex -61.94955100638951 -163.6992425784446 178.5071738316147
    vertex -48.32489566893107 -149.9233455767282 194.1331885836831
    vertex -72.39362901448186 -144.6278748860816 190.6356217605972
  endloop
endfacet
facet normal -0.714947 -0.203484 0.668913
  outer loop
    vertex -188.2355300436207 -51.02805941109655 156.408191543585
    vertex -171.5503476514543 -62.87319214241026 170.6383307773747
    vertex -175.5261414435214 -38.47390276424134 173.8111977866692
  endloop
endfacet
facet normal -0.422546 0.398817 0.81388
  outer loop
    vertex -112.9282450097787 87.57756985753953 205.1277181096187
    vertex -92.61387784494492 100.9840973792044 209.1049538079597
    vertex -110.8390957859885 110.0670387484049 195.1920639434442
  endloop
endfacet
facet normal 0.773794 0.547811 0.318035
  outer loop
    vertex 200.8571051723648 125.1211755463101 80.62949045905611
    vertex 192.5029020958911 144.4262989269489 67.70285712526017
    vertex 185.7554860999513 140.6591047444638 90.60858478233034
  endloop
endfacet
facet normal -0.378207 -0.505746 0.775359
  outer loop
    vertex -82.18270936609569 -124.4279180135364 200.6581558274283
    vertex -104.9068539640656 -116.6567730621972 194.642619408179
    vertex -95.7487575751654 -137.8102293351383 185.3119427166225
  endloop
endfacet
facet normal 0.279644 0.458112 0.843761
  outer loop
    vertex 83.34137812301894 113.9509772156508 206.3235068627766
    vertex 61.62172922030822 125.4737422305035 207.2657774418444
    vertex 64.42357381028607 103.6135595348657 218.2059426734879
  endloop
endfacet
facet normal -0.399056 0.0699671 0.914253
  outer loop
    vertex -91.69382188717627 6.071206982621084 232.4981364946759
    vertex -93.54036300102817 30.55820635400535 229.8181814262351
    vertex -112.8783964247743 16.01993308275011 222.4900657660825
  endloop
endfacet
facet normal 0.357831 -0.485678 0.797542
  outer loop
    vertex 100.3452157540632 -113.358557092838 198.948926132061
    vertex 78.94011209817027 -116.7029486161982 206.5160538220051
    vertex 87.180782664887 -133.07325725988 192.8497325281618
  endloop
endfacet
facet normal -0.896701 -0.00387559 0.44262
  outer loop
    vertex -226.6815862951203 -13.38904457127754 104.5762493121468
    vertex -217.6033971627496 -1.226260437604101 123.0741964368236
    vertex -226.6080778033293 11.6391305705874 104.9443172060358
  endloop
endfacet
facet normal -0.358456 -0.223197 0.906472
  outer loop
    vertex -102.648456366267 -57.48165089260015 220.5882005372994
    vertex -80.2616497939908 -66.81474827017918 227.1428118738063
    vertex -85.02065389295741 -42.86228501918517 231.1586315380589
  endloop
endfacet
facet normal -0.326951 0.229838 0.916666
  outer loop
    vertex -75.97521078502496 45.9994891443046 233.6917079073069
    vertex -74.99396036032408 69.23390357170909 228.2160653978975
    vertex -94.37605054915768 54.73745350808478 224.9377075240901
  endloop
endfacet
facet normal -0.968621 0.099154 0.227906
  outer loop
    vertex -241.3497355747609 12.24997492292548 64.0331418281244
    vertex -238.881107510758 37.0987888895607 63.71417689464005
    vertex -245.0540238264027 24.72842919683222 42.86059024262381
  endloop
endfacet
facet normal 0.917201 0.241311 0.317035
  outer loop
    vertex 233.0627573582968 46.85981020753692 77.36865851144962
    vertex 230.5699641337947 68.69026731222201 67.96424660007754
    vertex 223.4725386576726 65.21104178128533 91.14573218584896
  endloop
endfacet
facet normal -0.474517 0.392225 0.788031
  outer loop
    vertex -112.9282450097787 87.57756985753953 205.1277181096187
    vertex -110.8390957859885 110.0670387484049 195.1920639434442
    vertex -130.9875840235998 96.79778232440226 189.6640244451699
  endloop
endfacet
facet normal -0.644742 -0.249897 0.722398
  outer loop
    vertex -171.5503476514543 -62.87319214241026 170.6383307773747
    vertex -153.2035152309155 -74.17152946581282 183.104525169622
    vertex -157.993140876663 -50.08303016743753 187.1626499202618
  endloop
endfacet
facet normal -0.53989 0.686578 0.486959
  outer loop
    vertex -132.9165242518388 164.2000970166538 133.6844258712728
    vertex -125.4267232174459 181.4005016907399 117.7369741809348
    vertex -145.9094299268081 168.5095946678198 113.2031570377829
  endloop
endfacet
facet normal 0.602528 -0.258416 0.755103
  outer loop
    vertex 151.6812533239559 -77.6269227429007 182.9394934275856
    vertex 159.5625737940114 -54.20657447345917 184.665731331192
    vertex 139.9190861887598 -61.65313255010285 197.7916594977196
  endloop
endfacet
facet normal 0.296183 -0.562978 0.771577
  outer loop
    vertex 74.50295758025612 -152.6472329123988 183.4342705057657
    vertex 87.180782664887 -133.07325725988 192.8497325281618
    vertex 61.83900474364645 -135.8605631055016 200.5438727185931
  endloop
endfacet
facet normal -0.796594 0.513704 0.318664
  outer loop
    vertex -191.7332626164261 140.4101301680673 77.61025288353973
    vertex -206.5913073646988 122.7549058343864 68.92941908166243
    vertex -198.1579184542051 121.4831213350074 92.06134142299071
  endloop
endfacet
facet normal 0.680714 0.125915 0.721647
  outer loop
    vertex 174.0132995297473 18.0698152610036 178.5857031321478
    vertex 175.619729718346 42.04370580919903 172.8873544695639
    vertex 159.6633608045155 34.48205104491416 189.2580232707269
  endloop
endfacet
facet normal 0.841248 -0.341259 0.419337
  outer loop
    vertex 209.3502764262225 -96.78124288625791 96.46684811714019
    vertex 216.7172173471668 -73.25813878460738 100.8310111380228
    vertex 203.5705466013351 -85.35225861526432 117.3627901240709
  endloop
endfacet
facet normal 0.634973 -0.164604 0.754795
  outer loop
    vertex 159.5625737940114 -54.20657447345917 184.665731331192
    vertex 165.9488459608457 -30.29256909253488 184.5083759129582
    vertex 148.5040482836677 -38.51013157887555 197.3917865797353
  endloop
endfacet
facet normal 0.683609 0.222119 0.695228
  outer loop
    vertex 175.619729718346 42.04370580919903 172.8873544695639
    vertex 175.8763947747071 65.72263947013637 165.0697683469927
    vertex 160.1778787210839 58.25846723814639 182.8906727077014
  endloop
endfacet
facet normal 0.0259099 -0.158627 0.986999
  outer loop
    vertex 1.993174160580914 -52.93414071489401 244.3235641593774
    vertex 20.3887256233265 -36.71238461555858 246.4477646141186
    vertex -2.959892086168626 -29.12689962999915 248.2798073883218
  endloop
endfacet
facet normal -0.426622 0.115305 0.89705
  outer loop
    vertex -93.54036300102817 30.55820635400535 229.8181814262351
    vertex -113.5171126956056 40.30552479416009 219.0646703517492
    vertex -112.8783964247743 16.01993308275011 222.4900657660825
  endloop
endfacet
facet normal 0.22625 0.458974 0.859159
  outer loop
    vertex 61.62172922030822 125.4737422305035 207.2657774418444
    vertex 42.80010843589604 115.7253020041737 217.4300006758918
    vertex 64.42357381028607 103.6135595348657 218.2059426734879
  endloop
endfacet
facet normal 0.66439 -0.0631177 0.744716
  outer loop
    vertex 165.9488459608457 -30.29256909253488 184.5083759129582
    vertex 174.7559469169279 -6.737449321565898 178.6476022615675
    vertex 155.0405915871215 -14.22953262462526 195.601470755207
  endloop
endfacet
facet normal 0.661318 0.180656 0.728027
  outer loop
    vertex 175.619729718346 42.04370580919903 172.8873544695639
    vertex 160.1778787210839 58.25846723814639 182.8906727077014
    vertex 159.6633608045155 34.48205104491416 189.2580232707269
  endloop
endfacet
facet normal -0.544353 0.547155 0.635847
  outer loop
    vertex -124.2946675287922 139.1296022261789 166.4145108104827
    vertex -139.1246706227111 145.4991742978452 148.237364732268
    vertex -143.7273357243784 125.2143634241448 161.7523296829384
  endloop
endfacet
facet normal 0.673849 0.0220156 0.738541
  outer loop
    vertex 174.7559469169279 -6.737449321565898 178.6476022615675
    vertex 174.0132995297473 18.0698152610036 178.5857031321478
    vertex 157.5698136057589 10.22108915939129 193.8228138704063
  endloop
endfacet
facet normal -0.57635 0.645302 0.501404
  outer loop
    vertex -132.9165242518388 164.2000970166538 133.6844258712728
    vertex -145.9094299268081 168.5095946678198 113.2031570377829
    vertex -152.7377633386388 150.4878945745886 128.54792583631
  endloop
endfacet
facet normal -0.294552 0.578504 0.760639
  outer loop
    vertex -68.44118610441824 135.1236135098739 198.8904550667392
    vertex -64.942147838857 154.454401335111 185.5434055478354
    vertex -86.65423650739567 143.6578612781056 185.3468699177866
  endloop
endfacet
facet normal -0.420911 0.79651 0.434059
  outer loop
    vertex -103.753301781116 192.5782064948868 121.0325854996472
    vertex -94.60926142645008 207.0357854159957 103.3695855149057
    vertex -116.8010738851636 196.8116112932345 100.6116235801476
  endloop
endfacet
facet normal -0.267491 0.409687 0.872127
  outer loop
    vertex -73.55842396300783 90.86126321104844 220.982780124993
    vertex -53.60453132508113 104.171694776924 220.850203143945
    vertex -71.37970654158117 113.3176248746925 211.1019975907292
  endloop
endfacet
facet normal 0.924505 -0.350434 0.149951
  outer loop
    vertex 234.9484739133859 -73.92204127933768 42.83394003435754
    vertex 225.1026784403943 -98.42294940027674 46.27858241466577
    vertex 233.1195224582606 -87.47492652893449 22.43714504098135
  endloop
endfacet
facet normal 0.655191 0.0847085 0.750699
  outer loop
    vertex 174.0132995297473 18.0698152610036 178.5857031321478
    vertex 159.6633608045155 34.48205104491416 189.2580232707269
    vertex 157.5698136057589 10.22108915939129 193.8228138704063
  endloop
endfacet
facet normal 0.66175 0.274196 0.697784
  outer loop
    vertex 175.8763947747071 65.72263947013637 165.0697683469927
    vertex 159.312762788635 81.4851089598295 174.5841362508542
    vertex 160.1778787210839 58.25846723814639 182.8906727077014
  endloop
endfacet
facet normal 0.679732 0.314251 0.66273
  outer loop
    vertex 175.8763947747071 65.72263947013637 165.0697683469927
    vertex 173.9210622976985 88.4095390415676 156.3176813277936
    vertex 159.312762788635 81.4851089598295 174.5841362508542
  endloop
endfacet
facet normal 0.366214 0.409762 0.835453
  outer loop
    vertex 104.6222384424945 101.8595253312902 202.9256620601891
    vertex 83.34137812301894 113.9509772156508 206.3235068627766
    vertex 85.78762590948315 91.54489436218888 216.2406427039798
  endloop
endfacet
facet normal -0.429648 0.212711 0.877586
  outer loop
    vertex -94.37605054915768 54.73745350808478 224.9377075240901
    vertex -113.8262962697398 64.24263936561265 213.1113736168327
    vertex -113.5171126956056 40.30552479416009 219.0646703517492
  endloop
endfacet
facet normal -0.0486111 -0.898379 0.436523
  outer loop
    vertex 1.425642112811337 -222.5942832605815 113.7969797678049
    vertex -23.29678128857077 -219.6983402311305 117.0038430192741
    vertex -14.52854691818886 -230.3577528372537 96.04283956764678
  endloop
endfacet
facet normal -0.568252 -0.293899 0.768579
  outer loop
    vertex -153.2035152309155 -74.17152946581282 183.104525169622
    vertex -133.3818782177531 -84.81388709905886 193.690162678058
    vertex -138.8898829082779 -61.08888972821217 198.6900802191674
  endloop
endfacet
facet normal 0.654738 -0.0127506 0.755748
  outer loop
    vertex 174.7559469169279 -6.737449321565898 178.6476022615675
    vertex 157.5698136057589 10.22108915939129 193.8228138704063
    vertex 155.0405915871215 -14.22953262462526 195.601470755207
  endloop
endfacet
facet normal -0.462053 0.76228 0.45325
  outer loop
    vertex -103.753301781116 192.5782064948868 121.0325854996472
    vertex -116.8010738851636 196.8116112932345 100.6116235801476
    vertex -125.4267232174459 181.4005016907399 117.7369741809348
  endloop
endfacet
facet normal 0.654248 0.36584 0.661907
  outer loop
    vertex 173.9210622976985 88.4095390415676 156.3176813277936
    vertex 156.8169483503813 103.8840302244839 164.671044735838
    vertex 159.312762788635 81.4851089598295 174.5841362508542
  endloop
endfacet
facet normal -0.146604 -0.630827 0.761948
  outer loop
    vertex -37.83522765400484 -168.4433377445275 180.818520948084
    vertex -23.77769069513066 -153.6466027668937 195.7737032479058
    vertex -48.32489566893107 -149.9233455767282 194.1331885836831
  endloop
endfacet
facet normal -0.455403 0.734826 0.502631
  outer loop
    vertex -111.813240066383 176.2567929698478 137.5912143919139
    vertex -103.753301781116 192.5782064948868 121.0325854996472
    vertex -125.4267232174459 181.4005016907399 117.7369741809348
  endloop
endfacet
facet normal -0.208526 0.783132 0.58585
  outer loop
    vertex -51.19839562056697 186.3973333820112 158.5394537456064
    vertex -40.71973225572508 203.3601750915582 139.594206870317
    vertex -66.59942131364323 195.0705010562897 141.4638353019454
  endloop
endfacet
facet normal -0.147188 -0.882234 0.447212
  outer loop
    vertex -23.29678128857077 -219.6983402311305 117.0038430192741
    vertex -47.75978869701857 -214.5407795600081 119.1270602734749
    vertex -39.15128055043775 -226.3234771050661 98.71606223069044
  endloop
endfacet
facet normal 0.266995 0.543272 0.795971
  outer loop
    vertex 80.17212660286862 135.2230314136045 194.3892020954069
    vertex 58.12372749023489 146.1062838794465 194.3568524996726
    vertex 61.62172922030822 125.4737422305035 207.2657774418444
  endloop
endfacet
facet normal 0.623674 -0.110844 0.773786
  outer loop
    vertex 165.9488459608457 -30.29256909253488 184.5083759129582
    vertex 155.0405915871215 -14.22953262462526 195.601470755207
    vertex 148.5040482836677 -38.51013157887555 197.3917865797353
  endloop
endfacet
facet normal -0.25639 0.748579 0.611469
  outer loop
    vertex -74.67961452907301 179.1086093133599 157.6168177689908
    vertex -51.19839562056697 186.3973333820112 158.5394537456064
    vertex -66.59942131364323 195.0705010562897 141.4638353019454
  endloop
endfacet
facet normal 0.737416 0.620352 0.267172
  outer loop
    vertex 192.5029020958911 144.4262989269489 67.70285712526017
    vertex 182.6992275752425 161.5111178318214 55.09220507590212
    vertex 176.7983867630865 158.9997038279867 77.21026240457041
  endloop
endfacet
facet normal 0.311921 0.412813 0.85574
  outer loop
    vertex 83.34137812301894 113.9509772156508 206.3235068627766
    vertex 64.42357381028607 103.6135595348657 218.2059426734879
    vertex 85.78762590948315 91.54489436218888 216.2406427039798
  endloop
endfacet
facet normal -0.30847 0.749243 0.586073
  outer loop
    vertex -74.67961452907301 179.1086093133599 157.6168177689908
    vertex -66.59942131364323 195.0705010562897 141.4638353019454
    vertex -89.62566074397068 186.5433620641544 140.2455525355741
  endloop
endfacet
facet normal -0.722863 0.524609 0.449727
  outer loop
    vertex -171.10165050798 135.3516688680325 122.082557837242
    vertex -182.3339245620085 138.5179710092858 100.3349971908429
    vertex -187.8301571207536 118.9463743419644 114.3310636130631
  endloop
endfacet
facet normal 0.74105 0.592576 0.315752
  outer loop
    vertex 192.5029020958911 144.4262989269489 67.70285712526017
    vertex 176.7983867630865 158.9997038279867 77.21026240457041
    vertex 185.7554860999513 140.6591047444638 90.60858478233034
  endloop
endfacet
facet normal 0.20542 -0.0641099 0.976572
  outer loop
    vertex 60.9865986896178 -26.03994678930223 241.0447177423347
    vertex 55.06379779032645 -2.287922115466319 243.8498381900214
    vertex 37.76954974393701 -19.65970883709835 246.3472284410377
  endloop
endfacet
facet normal -0.419759 0.0190247 0.907436
  outer loop
    vertex -91.69382188717627 6.071206982621084 232.4981364946759
    vertex -112.8783964247743 16.01993308275011 222.4900657660825
    vertex -109.858704878965 -8.613776422452048 224.4033596407605
  endloop
endfacet
facet normal 0.82439 0.384523 0.41536
  outer loop
    vertex 211.8113912548915 83.01748926356551 103.6534177489632
    vertex 207.3731805532247 104.6598965756106 92.42656564009144
    vertex 198.1198858463913 100.0694429693398 115.0418072529241
  endloop
endfacet
facet normal 0.596719 -0.207963 0.775034
  outer loop
    vertex 159.5625737940114 -54.20657447345917 184.665731331192
    vertex 148.5040482836677 -38.51013157887555 197.3917865797353
    vertex 139.9190861887598 -61.65313255010285 197.7916594977196
  endloop
endfacet
facet normal -0.407654 -0.080424 0.909588
  outer loop
    vertex -88.84774487640588 -18.48149328782811 232.9474460822206
    vertex -109.858704878965 -8.613776422452048 224.4033596407605
    vertex -106.5403823421217 -33.11604237215816 223.724103904787
  endloop
endfacet
facet normal 0.327304 0.0224005 0.944654
  outer loop
    vertex 95.02773360767705 9.29301353891038 231.0484142874692
    vertex 71.24726126724863 15.25816976637728 239.1464321651001
    vertex 77.87249602345047 -8.43179439936095 237.4126770125904
  endloop
endfacet
facet normal 0.565019 -0.298964 0.769008
  outer loop
    vertex 151.6812533239559 -77.6269227429007 182.9394934275856
    vertex 139.9190861887598 -61.65313255010285 197.7916594977196
    vertex 131.5638213422699 -84.8818356112894 194.9000638714039
  endloop
endfacet
facet normal -0.407592 0.741701 0.53268
  outer loop
    vertex -111.813240066383 176.2567929698478 137.5912143919139
    vertex -89.62566074397068 186.5433620641544 140.2455525355741
    vertex -103.753301781116 192.5782064948868 121.0325854996472
  endloop
endfacet
facet normal -0.425409 0.820164 0.382567
  outer loop
    vertex -94.60926142645008 207.0357854159957 103.3695855149057
    vertex -107.1329110439746 210.2879849520085 82.47122380605056
    vertex -116.8010738851636 196.8116112932345 100.6116235801476
  endloop
endfacet
facet normal -0.241486 -0.859748 0.45002
  outer loop
    vertex -47.75978869701857 -214.5407795600081 119.1270602734749
    vertex -70.94987022935486 -208.0381590794839 119.1060043879277
    vertex -63.04673188666422 -220.4477852413485 99.63876545097979
  endloop
endfacet
facet normal 0.15681 -0.227072 0.961171
  outer loop
    vertex 48.59183110443317 -66.59601081144679 236.0165360603361
    vertex 43.43660087896721 -43.32008413667825 242.3564152533876
    vertex 25.38944412252085 -60.10686167525829 241.3349152250887
  endloop
endfacet
facet normal 0.695648 0.687462 0.208494
  outer loop
    vertex 182.6992275752425 161.5111178318214 55.09220507590212
    vertex 171.3216595793192 177.6734574917956 39.76218633197831
    vertex 166.3289214811855 175.6329660292699 63.14864307858868
  endloop
endfacet
facet normal -0.881562 -0.0550609 0.468846
  outer loop
    vertex -226.6815862951203 -13.38904457127754 104.5762493121468
    vertex -216.3266228653626 -26.19201150718974 122.5429344061682
    vertex -217.6033971627496 -1.226260437604101 123.0741964368236
  endloop
endfacet
facet normal 0.566371 0.510909 0.646681
  outer loop
    vertex 152.7704600200438 125.1998951472687 153.2519911791593
    vertex 133.3542892293259 139.0714917429222 159.2976890244789
    vertex 137.961033231479 118.2980129712365 171.6750810011747
  endloop
endfacet
facet normal 0.597524 0.463829 0.654086
  outer loop
    vertex 156.8169483503813 103.8840302244839 164.671044735838
    vertex 152.7704600200438 125.1998951472687 153.2519911791593
    vertex 137.961033231479 118.2980129712365 171.6750810011747
  endloop
endfacet
facet normal -0.354845 0.17318 0.918745
  outer loop
    vertex -93.54036300102817 30.55820635400535 229.8181814262351
    vertex -75.97521078502496 45.9994891443046 233.6917079073069
    vertex -94.37605054915768 54.73745350808478 224.9377075240901
  endloop
endfacet
facet normal 0.582416 0.425264 0.692778
  outer loop
    vertex 156.8169483503813 103.8840302244839 164.671044735838
    vertex 137.961033231479 118.2980129712365 171.6750810011747
    vertex 141.1487413114793 96.37818240183914 182.4507571458746
  endloop
endfacet
facet normal 0.393827 -0.546742 0.7389
  outer loop
    vertex 97.67977104262036 -148.1429810641629 176.1031501435574
    vertex 110.0127141557045 -128.1711291059404 184.3077979571229
    vertex 87.180782664887 -133.07325725988 192.8497325281618
  endloop
endfacet
facet normal 0.25006 0.624859 0.739609
  outer loop
    vertex 76.32739882299948 155.1684617766203 180.5460513519814
    vertex 54.81878955775612 166.5472612448055 178.2046859184038
    vertex 58.12372749023489 146.1062838794465 194.3568524996726
  endloop
endfacet
facet normal -0.163223 0.778174 0.606468
  outer loop
    vertex -51.19839562056697 186.3973333820112 158.5394537456064
    vertex -27.34538895031076 192.1575528193393 157.5680951133161
    vertex -40.71973225572508 203.3601750915582 139.594206870317
  endloop
endfacet
facet normal 0.701093 0.663061 0.262331
  outer loop
    vertex 182.6992275752425 161.5111178318214 55.09220507590212
    vertex 166.3289214811855 175.6329660292699 63.14864307858868
    vertex 176.7983867630865 158.9997038279867 77.21026240457041
  endloop
endfacet
facet normal -0.382237 0.850458 0.361409
  outer loop
    vertex -94.60926142645008 207.0357854159957 103.3695855149057
    vertex -84.4673282324591 219.4955052607752 84.77613833849129
    vertex -107.1329110439746 210.2879849520085 82.47122380605056
  endloop
endfacet
facet normal -0.0477855 -0.222772 0.973699
  outer loop
    vertex -16.38317535777104 -68.73006687884464 239.8077760874865
    vertex 1.993174160580914 -52.93414071489401 244.3235641593774
    vertex -21.38377318736672 -45.14257619046498 244.9589395371382
  endloop
endfacet
facet normal -0.267758 -0.259875 0.927777
  outer loop
    vertex -80.2616497939908 -66.81474827017918 227.1428118738063
    vertex -57.55735397463248 -75.70974062646823 231.2037763050417
    vertex -62.66123391179658 -52.07593709248957 236.3507278190405
  endloop
endfacet
facet normal 0.529512 -0.440723 0.724831
  outer loop
    vertex 131.8634953860472 -122.1985209935145 173.7225951094776
    vertex 142.380975003501 -100.3233265137193 179.3401464097599
    vertex 121.784799878522 -107.2792685009706 190.1568328208192
  endloop
endfacet
facet normal 0.0504501 -0.90552 0.421294
  outer loop
    vertex 26.15620913240724 -223.1995790325475 109.5344723980325
    vertex 1.425642112811337 -222.5942832605815 113.7969797678049
    vertex 10.2208402591354 -232.1524966580867 92.19952667890576
  endloop
endfacet
facet normal 0.545422 0.591423 0.593913
  outer loop
    vertex 147.5214196489956 145.432544862434 139.9528693510107
    vertex 127.3727587144507 158.5013071274919 145.4424833958318
    vertex 133.3542892293259 139.0714917429222 159.2976890244789
  endloop
endfacet
facet normal 0.579161 0.547356 0.604131
  outer loop
    vertex 152.7704600200438 125.1998951472687 153.2519911791593
    vertex 147.5214196489956 145.432544862434 139.9528693510107
    vertex 133.3542892293259 139.0714917429222 159.2976890244789
  endloop
endfacet
facet normal 0.563581 -0.812572 0.148671
  outer loop
    vertex 142.313024999317 -204.3769924424307 21.84142567989534
    vertex 151.549007808067 -193.9925738391019 43.58646037098069
    vertex 129.722502177574 -208.6339984049029 46.302560818731
  endloop
endfacet
facet normal 0.766158 0.450543 0.458272
  outer loop
    vertex 192.8399620648796 121.0673823610668 103.2251808380836
    vertex 182.6956474147963 116.0305180474506 125.136802329805
    vertex 198.1198858463913 100.0694429693398 115.0418072529241
  endloop
endfacet
facet normal 0.518515 0.666295 0.535904
  outer loop
    vertex 140.8030555828821 164.0173484282726 125.5898441478546
    vertex 120.0774673433685 176.4016430819039 130.2453920659263
    vertex 127.3727587144507 158.5013071274919 145.4424833958318
  endloop
endfacet
facet normal 0.554948 0.624949 0.549064
  outer loop
    vertex 147.5214196489956 145.432544862434 139.9528693510107
    vertex 140.8030555828821 164.0173484282726 125.5898441478546
    vertex 127.3727587144507 158.5013071274919 145.4424833958318
  endloop
endfacet
facet normal -0.492793 0.4341 0.75413
  outer loop
    vertex -110.8390957859885 110.0670387484049 195.1920639434442
    vertex -127.9345199427617 118.1639515430957 179.3600824117118
    vertex -130.9875840235998 96.79778232440226 189.6640244451699
  endloop
endfacet
facet normal -0.473346 0.82925 0.297133
  outer loop
    vertex -107.1329110439746 210.2879849520085 82.47122380605056
    vertex -118.5344527569986 211.5648732285384 60.74444769187821
    vertex -128.7701811452852 199.0846442532883 79.26881398350848
  endloop
endfacet
facet normal 0.300661 0.500328 0.811957
  outer loop
    vertex 83.34137812301894 113.9509772156508 206.3235068627766
    vertex 80.17212660286862 135.2230314136045 194.3892020954069
    vertex 61.62172922030822 125.4737422305035 207.2657774418444
  endloop
endfacet
facet normal 0.251355 -0.642395 0.723981
  outer loop
    vertex 61.17631243566202 -171.247095694318 171.5572528721399
    vertex 74.50295758025612 -152.6472329123988 183.4342705057657
    vertex 50.59121784927 -157.2662549457978 187.6375594912997
  endloop
endfacet
facet normal 0.525845 0.696463 0.488288
  outer loop
    vertex 140.8030555828821 164.0173484282726 125.5898441478546
    vertex 132.8683109467799 181.0898918578505 109.7837101443645
    vertex 120.0774673433685 176.4016430819039 130.2453920659263
  endloop
endfacet
facet normal -0.494349 0.696936 0.519519
  outer loop
    vertex -132.9165242518388 164.2000970166538 133.6844258712728
    vertex -111.813240066383 176.2567929698478 137.5912143919139
    vertex -125.4267232174459 181.4005016907399 117.7369741809348
  endloop
endfacet
facet normal -0.517462 0.82973 0.209241
  outer loop
    vertex -118.5344527569986 211.5648732285384 60.74444769187821
    vertex -128.7085275336722 210.8536098183169 38.40403841653767
    vertex -139.5983729351353 199.1310494591877 57.9579107210176
  endloop
endfacet
facet normal 0.82625 -0.14847 0.543386
  outer loop
    vertex 204.2739791930956 -24.38809538817269 142.047042306259
    vertex 200.7413043207854 -49.33247507999336 140.6031139131408
    vertex 214.1103314970779 -36.97572528298497 123.6509671859004
  endloop
endfacet
facet normal 0.765118 0.603909 0.223359
  outer loop
    vertex 192.5029020958911 144.4262989269489 67.70285712526017
    vertex 197.712126856132 146.2969455936064 44.80087726826525
    vertex 182.6992275752425 161.5111178318214 55.09220507590212
  endloop
endfacet
facet normal -0.291057 0.882606 0.369179
  outer loop
    vertex -71.52797080402731 215.2575837963396 105.1090957568376
    vertex -61.63642458799445 226.4405248195557 86.17215259846225
    vertex -84.4673282324591 219.4955052607752 84.77613833849129
  endloop
endfacet
facet normal -0.0481764 -0.641952 0.765229
  outer loop
    vertex -12.91385277992576 -171.1262204781595 181.7939742434791
    vertex 0.9818136211374716 -156.1152965508357 195.2614919149651
    vertex -23.77769069513066 -153.6466027668937 195.7737032479058
  endloop
endfacet
facet normal -0.327571 0.535861 0.778171
  outer loop
    vertex -68.44118610441824 135.1236135098739 198.8904550667392
    vertex -86.65423650739567 143.6578612781056 185.3468699177866
    vertex -90.03072178990858 122.9367610933769 198.1944043252938
  endloop
endfacet
facet normal 0.486775 0.734636 0.472611
  outer loop
    vertex 132.8683109467799 181.0898918578505 109.7837101443645
    vertex 111.5413598201047 192.6018380934639 113.855421533193
    vertex 120.0774673433685 176.4016430819039 130.2453920659263
  endloop
endfacet
facet normal 0.49165 0.761324 0.42269
  outer loop
    vertex 132.8683109467799 181.0898918578505 109.7837101443645
    vertex 123.7338741637739 196.38369856952 92.86210917580584
    vertex 111.5413598201047 192.6018380934639 113.855421533193
  endloop
endfacet
facet normal -0.252624 0.921734 0.294258
  outer loop
    vertex -61.63642458799445 226.4405248195557 86.17215259846225
    vertex -52.19885042029291 234.9801887109919 67.52474308093693
    vertex -73.59508649682817 229.8175770457651 65.3272112089456
  endloop
endfacet
facet normal -0.929168 0.04744 0.3666
  outer loop
    vertex -235.1677051626421 -0.5612016641311222 84.8282706485806
    vertex -226.6080778033293 11.6391305705874 104.9443172060358
    vertex -233.9351208614454 24.44258915368523 84.71669884388247
  endloop
endfacet
facet normal 0.655454 0.727332 0.203392
  outer loop
    vertex 171.3216595793192 177.6734574917956 39.76218633197831
    vertex 153.1568560753979 190.835711554847 51.23191029480644
    vertex 166.3289214811855 175.6329660292699 63.14864307858868
  endloop
endfacet
facet normal -0.349538 0.714204 0.606412
  outer loop
    vertex -97.25449945639579 169.5034427908201 155.9171100859206
    vertex -74.67961452907301 179.1086093133599 157.6168177689908
    vertex -89.62566074397068 186.5433620641544 140.2455525355741
  endloop
endfacet
facet normal -0.243634 0.885494 0.395655
  outer loop
    vertex -71.52797080402731 215.2575837963396 105.1090957568376
    vertex -48.96395547690973 221.2083639525881 105.6853385360265
    vertex -61.63642458799445 226.4405248195557 86.17215259846225
  endloop
endfacet
facet normal -0.950579 -0.304291 0.0616967
  outer loop
    vertex -238.5348141000122 -74.84078074333962 -9.165352258301973e-15
    vertex -232.9339110436501 -87.25514488036673 25.06656693317042
    vertex -241.2091539603271 -62.17193221076121 21.27897767571932
  endloop
endfacet
facet normal 0.430954 -0.900188 0.0627672
  outer loop
    vertex 110.0985378894087 -224.4511348926853 -2.748733639113179e-14
    vertex 120.5310697212357 -217.9332776139044 21.84828918509321
    vertex 95.89482818388009 -229.4874471101355 25.29216373616307
  endloop
endfacet
facet normal 0.234245 0.701507 0.673065
  outer loop
    vertex 71.84456981916891 173.5986783241992 164.9298537912096
    vertex 49.708162425675 183.8720863341104 161.9263859147241
    vertex 54.81878955775612 166.5472612448055 178.2046859184038
  endloop
endfacet
facet normal 0.286623 0.58293 0.760289
  outer loop
    vertex 80.17212660286862 135.2230314136045 194.3892020954069
    vertex 76.32739882299948 155.1684617766203 180.5460513519814
    vertex 58.12372749023489 146.1062838794465 194.3568524996726
  endloop
endfacet
facet normal -0.293798 0.902553 0.314772
  outer loop
    vertex -61.63642458799445 226.4405248195557 86.17215259846225
    vertex -73.59508649682817 229.8175770457651 65.3272112089456
    vertex -84.4673282324591 219.4955052607752 84.77613833849129
  endloop
endfacet
facet normal 0.450228 0.795857 0.404854
  outer loop
    vertex 123.7338741637739 196.38369856952 92.86210917580584
    vertex 101.8469687327349 206.9494782499135 96.43188483091012
    vertex 111.5413598201047 192.6018380934639 113.855421533193
  endloop
endfacet
facet normal 0.535361 0.434047 0.724563
  outer loop
    vertex 137.961033231479 118.2980129712365 171.6750810011747
    vertex 121.7554716976965 110.3328963821941 188.4204264075088
    vertex 141.1487413114793 96.37818240183914 182.4507571458746
  endloop
endfacet
facet normal -0.3348 0.857025 0.391685
  outer loop
    vertex -94.60926142645008 207.0357854159957 103.3695855149057
    vertex -71.52797080402731 215.2575837963396 105.1090957568376
    vertex -84.4673282324591 219.4955052607752 84.77613833849129
  endloop
endfacet
facet normal -0.473215 0.86063 0.188107
  outer loop
    vertex -118.5344527569986 211.5648732285384 60.74444769187821
    vertex -107.0917803451742 222.0186258542669 41.70228238698682
    vertex -128.7085275336722 210.8536098183169 38.40403841653767
  endloop
endfacet
facet normal 0.150283 -0.649133 0.745682
  outer loop
    vertex 36.63002434485729 -172.6554573458084 177.0546084269057
    vertex 50.59121784927 -157.2662549457978 187.6375594912997
    vertex 25.68499424332324 -157.7218960479216 192.2604602557923
  endloop
endfacet
facet normal -0.515964 0.814934 0.263939
  outer loop
    vertex -118.5344527569986 211.5648732285384 60.74444769187821
    vertex -139.5983729351353 199.1310494591877 57.9579107210176
    vertex -128.7701811452852 199.0846442532883 79.26881398350848
  endloop
endfacet
facet normal -0.250693 0.939328 0.234127
  outer loop
    vertex -52.19885042029291 234.9801887109919 67.52474308093693
    vertex -63.59866678535369 237.5453808062984 45.02667698949424
    vertex -73.59508649682817 229.8175770457651 65.3272112089456
  endloop
endfacet
facet normal 0.161867 0.769479 0.61782
  outer loop
    vertex 41.01899941751503 201.0959531263551 142.7510396564196
    vertex 26.64301910721583 191.0735460215 159.0001557974779
    vertex 49.708162425675 183.8720863341104 161.9263859147241
  endloop
endfacet
facet normal 0.452821 0.818765 0.352954
  outer loop
    vertex 123.7338741637739 196.38369856952 92.86210917580584
    vertex 113.4886095498406 209.7543078708156 74.9897715163806
    vertex 101.8469687327349 206.9494782499135 96.43188483091012
  endloop
endfacet
facet normal 0.519791 0.519398 0.678265
  outer loop
    vertex 133.3542892293259 139.0714917429222 159.2976890244789
    vertex 117.8927289274225 131.5497101541526 176.9066935545507
    vertex 137.961033231479 118.2980129712365 171.6750810011747
  endloop
endfacet
facet normal -0.317254 0.407552 0.856301
  outer loop
    vertex -92.61387784494492 100.9840973792044 209.1049538079597
    vertex -73.55842396300783 90.86126321104844 220.982780124993
    vertex -71.37970654158117 113.3176248746925 211.1019975907292
  endloop
endfacet
facet normal 0.204761 0.7725 0.601097
  outer loop
    vertex 65.709644653946 189.9066554834944 148.7202232466234
    vertex 41.01899941751503 201.0959531263551 142.7510396564196
    vertex 49.708162425675 183.8720863341104 161.9263859147241
  endloop
endfacet
facet normal 0.297159 -0.0888722 0.950683
  outer loop
    vertex 83.64864279209444 -32.07253099678982 233.3972093117236
    vertex 77.87249602345047 -8.43179439936095 237.4126770125904
    vertex 60.9865986896178 -26.03994678930223 241.0447177423347
  endloop
endfacet
facet normal 0.610458 0.376437 0.696876
  outer loop
    vertex 156.8169483503813 103.8840302244839 164.671044735838
    vertex 141.1487413114793 96.37818240183914 182.4507571458746
    vertex 159.312762788635 81.4851089598295 174.5841362508542
  endloop
endfacet
facet normal 0.457317 -0.173664 0.872182
  outer loop
    vertex 103.902957363119 -36.16065708866412 224.4918313215738
    vertex 107.8003648357697 -56.0682444856004 218.4844005909298
    vertex 126.6754445424204 -44.08800573850893 210.9729354679917
  endloop
endfacet
facet normal 0.500336 0.599503 0.624708
  outer loop
    vertex 127.3727587144507 158.5013071274919 145.4424833958318
    vertex 113.1973807781139 151.782222885081 163.2437128989606
    vertex 133.3542892293259 139.0714917429222 159.2976890244789
  endloop
endfacet
facet normal -0.471026 0.809552 0.350371
  outer loop
    vertex -107.1329110439746 210.2879849520085 82.47122380605056
    vertex -128.7701811452852 199.0846442532883 79.26881398350848
    vertex -116.8010738851636 196.8116112932345 100.6116235801476
  endloop
endfacet
facet normal 0.272775 0.659702 0.700276
  outer loop
    vertex 76.32739882299948 155.1684617766203 180.5460513519814
    vertex 71.84456981916891 173.5986783241992 164.9298537912096
    vertex 54.81878955775612 166.5472612448055 178.2046859184038
  endloop
endfacet
facet normal 0.323345 0.230437 0.917795
  outer loop
    vertex 87.66115334351957 68.62235398338923 223.8448005388161
    vertex 67.40684158927954 57.41530445823017 233.7943551947448
    vertex 87.47126599610974 45.15462911628571 229.80391009382
  endloop
endfacet
facet normal -0.479278 0.300566 0.824593
  outer loop
    vertex -113.8262962697398 64.24263936561265 213.1113736168327
    vertex -112.9282450097787 87.57756985753953 205.1277181096187
    vertex -132.1194885441347 73.23803362066747 199.1999778569622
  endloop
endfacet
facet normal 0.618071 0.190851 0.762603
  outer loop
    vertex 160.1778787210839 58.25846723814639 182.8906727077014
    vertex 143.0710991192426 50.45533876653163 198.7081261216219
    vertex 159.6633608045155 34.48205104491416 189.2580232707269
  endloop
endfacet
facet normal 0.409462 0.849228 0.333397
  outer loop
    vertex 113.4886095498406 209.7543078708156 74.9897715163806
    vertex 91.11457764604384 219.2411295624575 78.30364518054542
    vertex 101.8469687327349 206.9494782499135 96.43188483091012
  endloop
endfacet
facet normal -0.463431 -0.782235 0.416341
  outer loop
    vertex -125.248694531067 -195.2113653759004 93.30212937730951
    vertex -105.064939510997 -203.810668990717 99.61209610838904
    vertex -117.438366797547 -187.7697827972144 115.9773196457467
  endloop
endfacet
facet normal 0.409627 0.867592 0.281939
  outer loop
    vertex 113.4886095498406 209.7543078708156 74.9897715163806
    vertex 102.4864554283194 220.763003448133 57.09836041690445
    vertex 91.11457764604384 219.2411295624575 78.30364518054542
  endloop
endfacet
facet normal 0.050171 -0.648068 0.759928
  outer loop
    vertex 11.90355321158347 -172.4300607534362 180.6271839162237
    vertex 25.68499424332324 -157.7218960479216 192.2604602557923
    vertex 0.9818136211374716 -156.1152965508357 195.2614919149651
  endloop
endfacet
facet normal 0.61661 0.0938621 0.781654
  outer loop
    vertex 159.6633608045155 34.48205104491416 189.2580232707269
    vertex 143.246189116021 26.79894954639368 203.1313506255177
    vertex 157.5698136057589 10.22108915939129 193.8228138704063
  endloop
endfacet
facet normal 0.311539 0.886791 0.341387
  outer loop
    vertex 91.11457764604384 219.2411295624575 78.30364518054542
    vertex 65.3501324843634 227.8724702051549 79.39456849732835
    vertex 78.98348346581173 215.4748894479732 99.15735654498658
  endloop
endfacet
facet normal 0.597984 0.61417 0.514986
  outer loop
    vertex 147.5214196489956 145.432544862434 139.9528693510107
    vertex 159.7541150376138 150.4364654613748 119.7810193145702
    vertex 140.8030555828821 164.0173484282726 125.5898441478546
  endloop
endfacet
facet normal 0.78378 0.364111 0.503103
  outer loop
    vertex 201.7181689500376 78.05862208138747 125.3659915375746
    vertex 198.1198858463913 100.0694429693398 115.0418072529241
    vertex 187.0368099033154 94.65954598021881 136.2233537100372
  endloop
endfacet
facet normal 0.447966 0.872522 0.195018
  outer loop
    vertex 120.9377140174695 211.6563970897325 55.45844299312979
    vertex 113.9236811664476 219.5921800074168 36.06479376172634
    vertex 102.4864554283194 220.763003448133 57.09836041690445
  endloop
endfacet
facet normal 0.228144 -0.158791 0.960591
  outer loop
    vertex 66.40766224574131 -49.53864340778134 235.8727309469499
    vertex 60.9865986896178 -26.03994678930223 241.0447177423347
    vertex 43.43660087896721 -43.32008413667825 242.3564152533876
  endloop
endfacet
facet normal -0.758994 0.506087 0.409638
  outer loop
    vertex -182.3339245620085 138.5179710092858 100.3349971908429
    vertex -198.1579184542051 121.4831213350074 92.06134142299071
    vertex -187.8301571207536 118.9463743419644 114.3310636130631
  endloop
endfacet
facet normal 0.533063 0.750528 0.390578
  outer loop
    vertex 132.8683109467799 181.0898918578505 109.7837101443645
    vertex 143.5308369154316 184.3075388688038 89.04846978179989
    vertex 123.7338741637739 196.38369856952 92.86210917580584
  endloop
endfacet
facet normal -0.919482 -0.00308073 0.39312
  outer loop
    vertex -235.1677051626421 -0.5612016641311222 84.8282706485806
    vertex -226.6815862951203 -13.38904457127754 104.5762493121468
    vertex -226.6080778033293 11.6391305705874 104.9443172060358
  endloop
endfacet
facet normal -0.103441 -0.233095 0.966937
  outer loop
    vertex -39.67937419177002 -60.67435212063418 239.2575396063639
    vertex -16.38317535777104 -68.73006687884464 239.8077760874865
    vertex -21.38377318736672 -45.14257619046498 244.9589395371382
  endloop
endfacet
facet normal 0.443146 0.742177 0.502787
  outer loop
    vertex 111.5413598201047 192.6018380934639 113.855421533193
    vertex 99.12306694876723 187.1036147682789 132.9167218197684
    vertex 120.0774673433685 176.4016430819039 130.2453920659263
  endloop
endfacet
facet normal 0.269366 0.888482 0.37154
  outer loop
    vertex 65.3501324843634 227.8724702051549 79.39456849732835
    vertex 55.76576887670186 221.2958878370535 102.0701182913025
    vertex 78.98348346581173 215.4748894479732 99.15735654498658
  endloop
endfacet
facet normal 0.795807 0.18674 0.576037
  outer loop
    vertex 190.1207994279723 49.46867201115665 154.6186667719047
    vertex 203.2537166197282 33.48437325489952 141.657062753658
    vertex 203.6092353671195 55.47063510261771 134.0383822437782
  endloop
endfacet
facet normal 0.363132 0.856846 0.365991
  outer loop
    vertex 91.11457764604384 219.2411295624575 78.30364518054542
    vertex 78.98348346581173 215.4748894479732 99.15735654498658
    vertex 101.8469687327349 206.9494782499135 96.43188483091012
  endloop
endfacet
facet normal 0.446137 0.858243 0.253735
  outer loop
    vertex 113.4886095498406 209.7543078708156 74.9897715163806
    vertex 120.9377140174695 211.6563970897325 55.45844299312979
    vertex 102.4864554283194 220.763003448133 57.09836041690445
  endloop
endfacet
facet normal -0.240231 0.369077 0.897815
  outer loop
    vertex -73.55842396300783 90.86126321104844 220.982780124993
    vertex -54.42271746030183 80.81689646568435 230.2320504836175
    vertex -53.60453132508113 104.171694776924 220.850203143945
  endloop
endfacet
facet normal -0.601096 0.570118 0.560043
  outer loop
    vertex -139.1246706227111 145.4991742978452 148.237364732268
    vertex -152.7377633386388 150.4878945745886 128.54792583631
    vertex -158.2151593776973 131.0505843655519 142.4559850639389
  endloop
endfacet
facet normal 0.251485 0.728256 0.637494
  outer loop
    vertex 71.84456981916891 173.5986783241992 164.9298537912096
    vertex 65.709644653946 189.9066554834944 148.7202232466234
    vertex 49.708162425675 183.8720863341104 161.9263859147241
  endloop
endfacet
facet normal -0.388651 -0.595222 0.703321
  outer loop
    vertex -109.0110379920826 -150.2610919158349 167.4461043206134
    vertex -85.69137487857313 -157.6455961487286 174.0828948700354
    vertex -95.7487575751654 -137.8102293351383 185.3119427166225
  endloop
endfacet
facet normal 0.203185 0.419434 0.884755
  outer loop
    vertex 42.80010843589604 115.7253020041737 217.4300006758918
    vertex 44.97253950464655 93.7183159899996 227.363910809305
    vertex 64.42357381028607 103.6135595348657 218.2059426734879
  endloop
endfacet
facet normal 0.49053 -0.380225 0.784098
  outer loop
    vertex 131.5638213422699 -84.8818356112894 194.9000638714039
    vertex 111.9065244468656 -91.95984250093595 203.7653482646795
    vertex 121.784799878522 -107.2792685009706 190.1568328208192
  endloop
endfacet
facet normal 0.396136 0.364522 0.842734
  outer loop
    vertex 104.6222384424945 101.8595253312902 202.9256620601891
    vertex 85.78762590948315 91.54489436218888 216.2406427039798
    vertex 106.6800190357448 79.0175545207445 211.8386169141365
  endloop
endfacet
facet normal 0.836796 0.447976 0.314784
  outer loop
    vertex 207.3731805532247 104.6598965756106 92.42656564009144
    vertex 216.2463353618931 106.8949036521244 65.65822123508013
    vertex 200.8571051723648 125.1211755463101 80.62949045905611
  endloop
endfacet
facet normal 0.428776 0.056809 0.901623
  outer loop
    vertex 115.7300951463884 3.412758863413425 221.5736856089822
    vertex 107.8461879276549 28.37249824671099 223.750309704173
    vertex 95.02773360767705 9.29301353891038 231.0484142874692
  endloop
endfacet
facet normal 0.468851 0.400051 0.787489
  outer loop
    vertex 121.7554716976965 110.3328963821941 188.4204264075088
    vertex 104.6222384424945 101.8595253312902 202.9256620601891
    vertex 124.3003837385903 87.916302812284 198.2930616593984
  endloop
endfacet
facet normal 0.975609 0.0902592 0.200102
  outer loop
    vertex 245.318592089407 8.38466262132275 47.41820123114889
    vertex 244.8316550673357 32.05233952238139 39.11659760422857
    vertex 240.3214518288526 27.40779961049989 63.20136320826587
  endloop
endfacet
facet normal -0.398935 0.711084 0.578973
  outer loop
    vertex -111.813240066383 176.2567929698478 137.5912143919139
    vertex -97.25449945639579 169.5034427908201 155.9171100859206
    vertex -89.62566074397068 186.5433620641544 140.2455525355741
  endloop
endfacet
facet normal -0.293875 -0.62232 0.725504
  outer loop
    vertex -85.69137487857313 -157.6455961487286 174.0828948700354
    vertex -61.94955100638951 -163.6992425784446 178.5071738316147
    vertex -72.39362901448186 -144.6278748860816 190.6356217605972
  endloop
endfacet
facet normal 0.735095 0.341112 0.5859
  outer loop
    vertex 189.499283298218 72.20480464791176 146.207003304283
    vertex 187.0368099033154 94.65954598021881 136.2233537100372
    vertex 173.9210622976985 88.4095390415676 156.3176813277936
  endloop
endfacet
facet normal -0.643786 0.556912 0.524775
  outer loop
    vertex -152.7377633386388 150.4878945745886 128.54792583631
    vertex -171.10165050798 135.3516688680325 122.082557837242
    vertex -158.2151593776973 131.0505843655519 142.4559850639389
  endloop
endfacet
facet normal -0.0283634 0.988779 0.146671
  outer loop
    vertex -6.093547686933876e-14 248.7961812346481 24.50428506004544
    vertex -21.23837813222485 246.4001384257437 36.5500079081658
    vertex -6.005379423862043e-14 245.1963198262604 48.77258050384027
  endloop
endfacet
facet normal 0.0273071 0.988808 0.146676
  outer loop
    vertex -6.005379423862043e-14 245.1963198262604 48.77258050384027
    vertex 20.82510447387018 246.5442244664154 35.80866383860397
    vertex -6.093547686933876e-14 248.7961812346481 24.50428506004544
  endloop
endfacet
facet normal 0.242882 0.969641 0.0283634
  outer loop
    vertex 48.77258050403213 245.1963201008076 0
    vertex 60.52544654140838 241.631127205915 21.2383776725543
    vertex 72.57116931361568 239.2350839330522 0
  endloop
endfacet
facet normal -0.336731 0.941101 0.0306658
  outer loop
    vertex -95.67085809127238 230.9698831278217 0
    vertex -84.10796518499173 234.3868383185681 22.105660258532
    vertex -72.5711693136155 239.2350839330522 0
  endloop
endfacet
facet normal -0.0283634 0.941165 0.336754
  outer loop
    vertex -5.859376079650715e-14 239.2350840481017 72.57116940150475
    vertex -21.23837811379906 234.5350760475445 83.9179921022173
    vertex -5.656943732860132e-14 230.9698833099735 95.6708581931279
  endloop
endfacet
facet normal 0.336786 0.941254 0.0248146
  outer loop
    vertex 72.57116931361568 239.2350839330522 0
    vertex 83.4534739536347 234.8161045036861 19.92271946256287
    vertex 95.67085809127255 230.9698831278216 0
  endloop
endfacet
facet normal 0.0283634 0.941165 0.336754
  outer loop
    vertex -5.656943732860132e-14 230.9698833099735 95.6708581931279
    vertex 21.23837811379657 234.5350760475433 83.91799210222125
    vertex -5.859376079650715e-14 239.2350840481017 72.57116940150475
  endloop
endfacet
facet normal -0.595514 0.802957 0.0249736
  outer loop
    vertex -158.5983210409113 193.2526133406843 0
    vertex -145.8341698510901 202.1095951862828 19.59863356155958
    vertex -138.8925582549005 207.8674030756364 0
  endloop
endfacet
facet normal 0.364259 -0.0182267 0.931119
  outer loop
    vertex 100.9311695942544 -14.1958987819117 228.2791612524226
    vertex 95.02773360767705 9.29301353891038 231.0484142874692
    vertex 77.87249602345047 -8.43179439936095 237.4126770125904
  endloop
endfacet
facet normal 0.595567 0.803029 0.0210726
  outer loop
    vertex 138.8925582549006 207.8674030756362 0
    vertex 149.1271003655039 199.7892924303184 18.58350254310638
    vertex 158.5983210409114 193.2526133406842 0
  endloop
endfacet
facet normal -0.0283634 0.857384 0.513896
  outer loop
    vertex -5.400031920282666e-14 220.4803161206655 117.8491842314701
    vertex -21.23837812238537 213.6569622445079 128.0610548885942
    vertex -5.091114849681968e-14 207.8674030144878 138.8925582180984
  endloop
endfacet
facet normal -0.599011 0.761294 0.248228
  outer loop
    vertex -139.5983729351353 199.1310494591877 57.9579107210176
    vertex -159.2480845268884 185.2849570098525 53.00502127510285
    vertex -149.149415930384 185.9312715564921 75.39240004809041
  endloop
endfacet
facet normal 0.0283634 0.857384 0.513896
  outer loop
    vertex -5.091114849681968e-14 207.8674030144878 138.8925582180984
    vertex 21.23837812228281 213.6569622443249 128.0610548889163
    vertex -5.400031920282666e-14 220.4803161206655 117.8491842314701
  endloop
endfacet
facet normal 0.553287 -0.191235 0.810742
  outer loop
    vertex 148.5040482836677 -38.51013157887555 197.3917865797353
    vertex 126.6754445424204 -44.08800573850893 210.9729354679917
    vertex 139.9190861887598 -61.65313255010285 197.7916594977196
  endloop
endfacet
facet normal -0.502619 0.344993 0.792688
  outer loop
    vertex -112.9282450097787 87.57756985753953 205.1277181096187
    vertex -130.9875840235998 96.79778232440226 189.6640244451699
    vertex -132.1194885441347 73.23803362066747 199.1999778569622
  endloop
endfacet
facet normal -0.849485 0.443343 0.286047
  outer loop
    vertex -206.5913073646988 122.7549058343864 68.92941908166243
    vertex -218.9302795375062 103.3010477342361 62.43737853752747
    vertex -211.3097905874677 104.4183632997456 83.33653345131945
  endloop
endfacet
facet normal 0.269935 0.864345 0.424315
  outer loop
    vertex 55.76576887670186 221.2958878370535 102.0701182913025
    vertex 68.0416945130272 209.6980848182847 117.8857117353046
    vertex 78.98348346581173 215.4748894479732 99.15735654498658
  endloop
endfacet
facet normal 0.611221 -0.78931 0.0582969
  outer loop
    vertex 153.0264956369158 -197.6939342344245 -2.421052437710354e-14
    vertex 162.215828173169 -188.9588223643437 21.92232972960051
    vertex 142.313024999317 -204.3769924424307 21.84142567989534
  endloop
endfacet
facet normal -0.953789 0.0983994 0.283908
  outer loop
    vertex -241.3497355747609 12.24997492292548 64.0331418281244
    vertex -233.9351208614454 24.44258915368523 84.71669884388247
    vertex -238.881107510758 37.0987888895607 63.71417689464005
  endloop
endfacet
facet normal -0.0283634 0.671289 0.740653
  outer loop
    vertex -4.32963728503437e-14 176.7766952833548 176.7766952833548
    vertex -21.23837812193873 167.2828031981168 184.5681311844753
    vertex -3.88441023230876e-14 158.5983210108419 193.2526132978954
  endloop
endfacet
facet normal -0.740682 0.671315 0.0269286
  outer loop
    vertex -193.2526133406842 158.5983210409115 0
    vertex -184.5138452326153 167.4095265952199 20.70486229461206
    vertex -176.7766952966368 176.776695296637 0
  endloop
endfacet
facet normal 0.0210753 0.67141 0.740787
  outer loop
    vertex -3.88441023230876e-14 158.5983210108419 193.2526132978954
    vertex 18.60294838233677 167.1984516886698 184.9286566879122
    vertex -4.32963728503437e-14 176.7766952833548 176.7766952833548
  endloop
endfacet
facet normal 0.573207 0.712173 0.405269
  outer loop
    vertex 132.8683109467799 181.0898918578505 109.7837101443645
    vertex 152.1637026029807 168.207627599153 105.130402965157
    vertex 143.5308369154316 184.3075388688038 89.04846978179989
  endloop
endfacet
facet normal 0.329753 -0.744604 0.580369
  outer loop
    vertex 80.58544630552645 -195.0473367399186 134.0243346351845
    vertex 94.50162474039827 -178.697909299284 147.0935081282985
    vertex 71.18445634096922 -183.9064395724861 153.6593461498915
  endloop
endfacet
facet normal -0.559243 0.463625 0.687241
  outer loop
    vertex -127.9345199427617 118.1639515430957 179.3600824117118
    vertex -143.7273357243784 125.2143634241448 161.7523296829384
    vertex -147.0841643044786 103.7646828808078 173.4910349196711
  endloop
endfacet
facet normal 0.0459646 -0.252755 0.966438
  outer loop
    vertex 7.031479090986817 -76.21867697664108 237.994267959805
    vertex 25.38944412252085 -60.10686167525829 241.3349152250887
    vertex 1.993174160580914 -52.93414071489401 244.3235641593774
  endloop
endfacet
facet normal -0.197484 -0.643518 0.739516
  outer loop
    vertex -61.94955100638951 -163.6992425784446 178.5071738316147
    vertex -37.83522765400484 -168.4433377445275 180.818520948084
    vertex -48.32489566893107 -149.9233455767282 194.1331885836831
  endloop
endfacet
facet normal 0.434157 0.712478 0.551256
  outer loop
    vertex 99.12306694876723 187.1036147682789 132.9167218197684
    vertex 106.5382092476797 170.1282831963329 149.0167011679092
    vertex 120.0774673433685 176.4016430819039 130.2453920659263
  endloop
endfacet
facet normal 0.288314 -0.911708 0.292685
  outer loop
    vertex 67.44029076326655 -233.3110233044883 59.31082183192702
    vertex 86.12111996640661 -221.9529533010825 76.28918151782268
    vertex 59.14498485932356 -228.7096628161525 81.81540747629512
  endloop
endfacet
facet normal -0.6882 -0.723191 0.0580957
  outer loop
    vertex -172.2417297689215 -181.1981968072801 -2.219037917313077e-14
    vertex -162.2471540283736 -188.9858872164555 21.45216638715931
    vertex -180.5001981674615 -171.5782325861846 21.92233026181899
  endloop
endfacet
facet normal -0.857384 0.513896 0.0283634
  outer loop
    vertex -220.4803160870887 117.8491842064995 0
    vertex -213.6569622436032 128.0610548893656 21.23837812683451
    vertex -207.8674030756362 138.8925582549006 0
  endloop
endfacet
facet normal -0.154074 -0.986483 0.0557854
  outer loop
    vertex -37.85694437614386 -247.1170810820279 -3.026311423617424e-14
    vertex -25.62151793827986 -247.9450507128325 19.15175306726104
    vertex -50.01487244276547 -244.0056625943585 21.44176197102242
  endloop
endfacet
facet normal 0.583836 0.0494231 0.810366
  outer loop
    vertex 143.246189116021 26.79894954639368 203.1313506255177
    vertex 138.4783776112535 0.9761728751274564 208.1412645793067
    vertex 157.5698136057589 10.22108915939129 193.8228138704063
  endloop
endfacet
facet normal -0.291118 0.954957 0.0575103
  outer loop
    vertex -84.10796518499173 234.3868383185681 22.105660258532
    vertex -60.44427735938881 241.6561291899082 21.18500789359458
    vertex -72.5711693136155 239.2350839330522 0
  endloop
endfacet
facet normal 0.211587 -0.212953 0.953877
  outer loop
    vertex 48.59183110443317 -66.59601081144679 236.0165360603361
    vertex 66.40766224574131 -49.53864340778134 235.8727309469499
    vertex 43.43660087896721 -43.32008413667825 242.3564152533876
  endloop
endfacet
facet normal 0.740743 0.67137 0.0237282
  outer loop
    vertex 176.7766952966369 176.7766952966368 0
    vertex 183.5792434489814 168.5840103447956 19.44460929834973
    vertex 193.2526133406843 158.5983210409113 0
  endloop
endfacet
facet normal 0.720172 0.302871 0.624197
  outer loop
    vertex 175.8763947747071 65.72263947013637 165.0697683469927
    vertex 189.499283298218 72.20480464791176 146.207003304283
    vertex 173.9210622976985 88.4095390415676 156.3176813277936
  endloop
endfacet
facet normal -0.102803 -0.903357 0.416385
  outer loop
    vertex -23.29678128857077 -219.6983402311305 117.0038430192741
    vertex -39.15128055043775 -226.3234771050661 98.71606223069044
    vertex -14.52854691818886 -230.3577528372537 96.04283956764678
  endloop
endfacet
facet normal 0.281852 -0.143767 0.948626
  outer loop
    vertex 66.40766224574131 -49.53864340778134 235.8727309469499
    vertex 83.64864279209444 -32.07253099678982 233.3972093117236
    vertex 60.9865986896178 -26.03994678930223 241.0447177423347
  endloop
endfacet
facet normal 0.51711 0.393474 0.760116
  outer loop
    vertex 121.7554716976965 110.3328963821941 188.4204264075088
    vertex 124.3003837385903 87.916302812284 198.2930616593984
    vertex 141.1487413114793 96.37818240183914 182.4507571458746
  endloop
endfacet
facet normal -0.917743 -0.30649 0.252609
  outer loop
    vertex -223.3260472947575 -82.69850910026679 76.06860845508356
    vertex -233.9508436094585 -61.76956868542959 62.86114188303182
    vertex -228.7128062497259 -86.83504461467855 51.47938698296775
  endloop
endfacet
facet normal -0.0037035 -0.915 0.403436
  outer loop
    vertex 1.425642112811337 -222.5942832605815 113.7969797678049
    vertex -14.52854691818886 -230.3577528372537 96.04283956764678
    vertex 10.2208402591354 -232.1524966580867 92.19952667890576
  endloop
endfacet
facet normal -0.698391 0.713059 0.0616177
  outer loop
    vertex -184.5138452326153 167.4095265952199 20.70486229461206
    vertex -165.0479106090491 186.1061586483467 24.97368448474819
    vertex -176.7766952966368 176.776695296637 0
  endloop
endfacet
facet normal 0.377743 0.22501 0.898154
  outer loop
    vertex 87.66115334351957 68.62235398338923 223.8448005388161
    vertex 87.47126599610974 45.15462911628571 229.80391009382
    vertex 107.3544344498587 54.845115002143 219.0137866992685
  endloop
endfacet
facet normal 0.592911 0.336764 0.731469
  outer loop
    vertex 141.1487413114793 96.37818240183914 182.4507571458746
    vertex 143.2722260824343 73.86714159364399 191.0934709145459
    vertex 159.312762788635 81.4851089598295 174.5841362508542
  endloop
endfacet
facet normal -0.200641 -0.882706 0.424939
  outer loop
    vertex -47.75978869701857 -214.5407795600081 119.1270602734749
    vertex -63.04673188666422 -220.4477852413485 99.63876545097979
    vertex -39.15128055043775 -226.3234771050661 98.71606223069044
  endloop
endfacet
facet normal 0.37487 0.319358 0.870335
  outer loop
    vertex 85.78762590948315 91.54489436218888 216.2406427039798
    vertex 87.66115334351957 68.62235398338923 223.8448005388161
    vertex 106.6800190357448 79.0175545207445 211.8386169141365
  endloop
endfacet
facet normal 0.447641 0.359765 0.818649
  outer loop
    vertex 104.6222384424945 101.8595253312902 202.9256620601891
    vertex 106.6800190357448 79.0175545207445 211.8386169141365
    vertex 124.3003837385903 87.916302812284 198.2930616593984
  endloop
endfacet
facet normal -0.100096 -0.658651 0.745761
  outer loop
    vertex -37.83522765400484 -168.4433377445275 180.818520948084
    vertex -12.91385277992576 -171.1262204781595 181.7939742434791
    vertex -23.77769069513066 -153.6466027668937 195.7737032479058
  endloop
endfacet
facet normal 0.81679 0.349008 0.459399
  outer loop
    vertex 201.7181689500376 78.05862208138747 125.3659915375746
    vertex 211.8113912548915 83.01748926356551 103.6534177489632
    vertex 198.1198858463913 100.0694429693398 115.0418072529241
  endloop
endfacet
facet normal 0.85743 0.513924 0.0263847
  outer loop
    vertex 207.8674030756364 138.8925582549005 0
    vertex 214.260416484591 127.1758362173137 20.4641298441104
    vertex 220.4803160870888 117.8491842064993 0
  endloop
endfacet
facet normal -0.557479 0.779754 0.284956
  outer loop
    vertex -139.5983729351353 199.1310494591877 57.9579107210176
    vertex -149.149415930384 185.9312715564921 75.39240004809041
    vertex -128.7701811452852 199.0846442532883 79.26881398350848
  endloop
endfacet
facet normal -0.543284 -0.387348 0.744852
  outer loop
    vertex -146.9718036546857 -97.50416452942152 177.1785168408066
    vertex -126.4440946233739 -107.7035176579171 186.8471118829135
    vertex -133.3818782177531 -84.81388709905886 193.690162678058
  endloop
endfacet
facet normal 0.0275475 0.513908 0.857403
  outer loop
    vertex -2.886377196052844e-14 117.8491842314701 220.4803161206653
    vertex 20.93433686321537 128.0165245549609 213.7136471565784
    vertex -3.401774185850553e-14 138.8925582180983 207.8674030144876
  endloop
endfacet
facet normal -0.036114 0.513767 0.857169
  outer loop
    vertex -3.401774185850553e-14 138.8925582180983 207.8674030144876
    vertex -24.08034672780016 129.7299549816038 212.344709568993
    vertex -2.886377196052844e-14 117.8491842314701 220.4803161206653
  endloop
endfacet
facet normal 0.415489 -0.00281325 0.909594
  outer loop
    vertex 100.9311695942544 -14.1958987819117 228.2791612524226
    vertex 115.7300951463884 3.412758863413425 221.5736856089822
    vertex 95.02773360767705 9.29301353891038 231.0484142874692
  endloop
endfacet
facet normal -0.830611 0.554017 0.0561231
  outer loop
    vertex -213.6569622436032 128.0610548893656 21.23837812683451
    vertex -199.9849932680011 148.6946144141279 19.89759060367312
    vertex -207.8674030756362 138.8925582549006 0
  endloop
endfacet
facet normal 0.351541 -0.072641 0.93335
  outer loop
    vertex 83.64864279209444 -32.07253099678982 233.3972093117236
    vertex 100.9311695942544 -14.1958987819117 228.2791612524226
    vertex 77.87249602345047 -8.43179439936095 237.4126770125904
  endloop
endfacet
facet normal 0.772361 0.326851 0.544634
  outer loop
    vertex 189.499283298218 72.20480464791176 146.207003304283
    vertex 201.7181689500376 78.05862208138747 125.3659915375746
    vertex 187.0368099033154 94.65954598021881 136.2233537100372
  endloop
endfacet
facet normal -0.75207 -0.503519 0.425275
  outer loop
    vertex -179.5758336833146 -127.803895712574 117.9774732634669
    vertex -196.1013362294376 -113.8622123657449 105.2599758892575
    vertex -187.4562705806541 -135.2435675271565 95.23299881091665
  endloop
endfacet
facet normal -0.589009 0.536375 0.604459
  outer loop
    vertex -139.1246706227111 145.4991742978452 148.237364732268
    vertex -158.2151593776973 131.0505843655519 142.4559850639389
    vertex -143.7273357243784 125.2143634241448 161.7523296829384
  endloop
endfacet
facet normal -0.00982688 -0.264273 0.964398
  outer loop
    vertex -16.38317535777104 -68.73006687884464 239.8077760874865
    vertex 7.031479090986817 -76.21867697664108 237.994267959805
    vertex 1.993174160580914 -52.93414071489401 244.3235641593774
  endloop
endfacet
facet normal -0.868138 -0.38889 0.308383
  outer loop
    vertex -210.6662894594828 -98.68381736009647 91.54899604371714
    vertex -223.3260472947575 -82.69850910026679 76.06860845508356
    vertex -217.038095587298 -106.2583452162232 64.05957489516179
  endloop
endfacet
facet normal -0.5136 -0.477046 0.713191
  outer loop
    vertex -139.6082054935382 -120.0367688647755 169.1174830683643
    vertex -118.1591474532787 -129.5385266977894 178.2082657288389
    vertex -126.4440946233739 -107.7035176579171 186.8471118829135
  endloop
endfacet
facet normal -0.81439 -0.444958 0.372534
  outer loop
    vertex -196.1013362294376 -113.8622123657449 105.2599758892575
    vertex -210.6662894594828 -98.68381736009647 91.54899604371714
    vertex -202.8014903441078 -120.8287032549753 82.29204082977793
  endloop
endfacet
facet normal 0.718857 0.114795 0.685614
  outer loop
    vertex 174.0132995297473 18.0698152610036 178.5857031321478
    vertex 189.1827521329541 27.31560369304179 161.1326909422354
    vertex 175.619729718346 42.04370580919903 172.8873544695639
  endloop
endfacet
facet normal 0.485301 -0.47836 0.731885
  outer loop
    vertex 110.0127141557045 -128.1711291059404 184.3077979571229
    vertex 131.8634953860472 -122.1985209935145 173.7225951094776
    vertex 121.784799878522 -107.2792685009706 190.1568328208192
  endloop
endfacet
facet normal 0.515218 -0.230913 0.825366
  outer loop
    vertex 126.6754445424204 -44.08800573850893 210.9729354679917
    vertex 120.2238627883247 -69.38627362996287 207.9225044289386
    vertex 139.9190861887598 -61.65313255010285 197.7916594977196
  endloop
endfacet
facet normal -8.55391e-05 -0.667761 0.744376
  outer loop
    vertex -12.91385277992576 -171.1262204781595 181.7939742434791
    vertex 11.90355321158347 -172.4300607534362 180.6271839162237
    vertex 0.9818136211374716 -156.1152965508357 195.2614919149651
  endloop
endfacet
facet normal 0.7006 -0.563459 0.437804
  outer loop
    vertex 167.3823908983101 -140.3570095590854 121.5855463646732
    vertex 172.2622913987723 -151.1989573897585 99.82273411550328
    vertex 184.6747360549866 -130.3861067093041 106.7459837193466
  endloop
endfacet
facet normal 0.139357 -0.280146 0.949788
  outer loop
    vertex 30.35354167266702 -83.06858458172151 233.8338571796545
    vertex 48.59183110443317 -66.59601081144679 236.0165360603361
    vertex 25.38944412252085 -60.10686167525829 241.3349152250887
  endloop
endfacet
facet normal 0.116979 -0.4709 0.874396
  outer loop
    vertex 34.90326233905586 -105.2915581264423 224.0434111180176
    vertex 14.95986078889215 -121.1883717707585 218.1503635402183
    vertex 39.0148165380396 -126.5483268268134 212.0456674111431
  endloop
endfacet
facet normal -0.682253 -0.556439 0.474244
  outer loop
    vertex -161.2617907148546 -140.375863157701 129.5733456316107
    vertex -179.5758336833146 -127.803895712574 117.9774732634669
    vertex -169.982407299791 -148.4649479340722 107.5366934748376
  endloop
endfacet
facet normal 0.198465 -0.671203 0.714212
  outer loop
    vertex 36.63002434485729 -172.6554573458084 177.0546084269057
    vertex 61.17631243566202 -171.247095694318 171.5572528721399
    vertex 50.59121784927 -157.2662549457978 187.6375594912997
  endloop
endfacet
facet normal 0.569321 -0.450351 0.687792
  outer loop
    vertex 131.8634953860472 -122.1985209935145 173.7225951094776
    vertex 152.1159377243828 -114.8834909200414 161.7483384899409
    vertex 142.380975003501 -100.3233265137193 179.3401464097599
  endloop
endfacet
facet normal -0.477361 -0.561682 0.675751
  outer loop
    vertex -130.4530005968209 -141.122358127809 159.8952615674781
    vertex -109.0110379920826 -150.2610919158349 167.4461043206134
    vertex -118.1591474532787 -129.5385266977894 178.2082657288389
  endloop
endfacet
facet normal -0.141097 0.0472772 0.988866
  outer loop
    vertex -41.92572689361206 24.16887755111937 245.2714797573522
    vertex -42.19315161171048 -0.5104050478495652 246.4132249773911
    vertex -21.20542256961148 12.1020943181196 248.804882120025
  endloop
endfacet
facet normal -0.622763 -0.344718 0.702379
  outer loop
    vertex -153.2035152309155 -74.17152946581282 183.104525169622
    vertex -166.1711558666763 -86.10645277904487 165.7492858136736
    vertex -146.9718036546857 -97.50416452942152 177.1785168408066
  endloop
endfacet
facet normal 0.234595 0.370583 0.898684
  outer loop
    vertex 44.97253950464655 93.7183159899996 227.363910809305
    vertex 67.06272586913785 81.64493281490901 226.5760264119968
    vertex 64.42357381028607 103.6135595348657 218.2059426734879
  endloop
endfacet
facet normal -0.470108 0.0109191 0.882541
  outer loop
    vertex -112.8783964247743 16.01993308275011 222.4900657660825
    vertex -129.8057605781125 1.245509071666012 213.6560629326726
    vertex -109.858704878965 -8.613776422452048 224.4033596407605
  endloop
endfacet
facet normal -0.903606 0.427374 0.0291154
  outer loop
    vertex -230.9698831278217 95.67085809127248 0
    vertex -224.5759211967546 107.7281174928894 21.45479713414425
    vertex -220.4803160870887 117.8491842064995 0
  endloop
endfacet
facet normal -0.645089 0.223621 0.730653
  outer loop
    vertex -150.0770083774884 58.24620409202322 191.2701525730914
    vertex -166.268709337496 66.507195025654 174.4462934689725
    vertex -167.2634298571977 43.04734619178271 180.7480871772953
  endloop
endfacet
facet normal -0.547544 -0.746549 0.377969
  outer loop
    vertex -145.9401801387693 -185.1176171613237 83.26422783871341
    vertex -125.248694531067 -195.2113653759004 93.30212937730951
    vertex -138.791142638905 -178.6302946040475 106.434188936912
  endloop
endfacet
facet normal 0.483634 -0.807942 0.336643
  outer loop
    vertex 125.2941778802118 -194.3542965039003 95.01461161208759
    vertex 108.5920518430841 -208.5376174807942 84.96957321266771
    vertex 127.0447233614948 -203.0415283282647 71.65037362166164
  endloop
endfacet
facet normal -0.246475 -0.352505 0.902768
  outer loop
    vertex -74.80658575797851 -90.10341123613216 220.874059162335
    vertex -51.60182075685876 -98.03612126711896 224.1119609067659
    vertex -57.55735397463248 -75.70974062646823 231.2037763050417
  endloop
endfacet
facet normal -0.725385 -0.252478 0.640369
  outer loop
    vertex -188.2355300436207 -51.02805941109655 156.408191543585
    vertex -183.3505220926475 -75.14330199973357 152.4338224047748
    vertex -171.5503476514543 -62.87319214241026 170.6383307773747
  endloop
endfacet
facet normal -0.599145 -0.676684 0.42793
  outer loop
    vertex -158.7877359925698 -167.7199992317731 95.68937640118668
    vertex -138.791142638905 -178.6302946040475 106.434188936912
    vertex -150.8976132712689 -160.3224023108612 118.4341066851477
  endloop
endfacet
facet normal 0.232238 0.962145 0.142627
  outer loop
    vertex 60.52544654140838 241.631127205915 21.2383776725543
    vertex 45.90016772454653 241.8227158805135 43.76012667978611
    vertex 71.11743763184801 236.1853092643358 40.72848821636099
  endloop
endfacet
facet normal 0.0997448 -0.673075 0.732817
  outer loop
    vertex 11.90355321158347 -172.4300607534362 180.6271839162237
    vertex 36.63002434485729 -172.6554573458084 177.0546084269057
    vertex 25.68499424332324 -157.7218960479216 192.2604602557923
  endloop
endfacet
facet normal -0.843485 -0.149497 0.51593
  outer loop
    vertex -216.3266228653626 -26.19201150718974 122.5429344061682
    vertex -212.7820712389899 -49.17556285567915 121.6780759918259
    vertex -203.0868687992661 -38.75164984386556 140.5490425285356
  endloop
endfacet
facet normal 0.346035 -0.579172 0.738119
  outer loop
    vertex 74.50295758025612 -152.6472329123988 183.4342705057657
    vertex 97.67977104262036 -148.1429810641629 176.1031501435574
    vertex 87.180782664887 -133.07325725988 192.8497325281618
  endloop
endfacet
facet normal 0.403742 0.270671 0.873916
  outer loop
    vertex 87.66115334351957 68.62235398338923 223.8448005388161
    vertex 107.3544344498587 54.845115002143 219.0137866992685
    vertex 106.6800190357448 79.0175545207445 211.8386169141365
  endloop
endfacet
facet normal 0.0283634 0.336754 0.941165
  outer loop
    vertex -1.777422303068057e-14 72.57116940150479 239.2350840481018
    vertex 21.23837811379695 83.91799210222121 234.5350760475433
    vertex -2.343182816378882e-14 95.67085819312794 230.9698833099736
  endloop
endfacet
facet normal -0.0283634 0.336754 0.941165
  outer loop
    vertex -2.343182816378882e-14 95.67085819312794 230.9698833099736
    vertex -21.23837811379698 83.91799210222131 234.5350760475433
    vertex -1.777422303068057e-14 72.57116940150479 239.2350840481018
  endloop
endfacet
facet normal 0.547061 -0.747018 0.377742
  outer loop
    vertex 140.4173359388218 -178.3664867823209 104.7299773740844
    vertex 125.2941778802118 -194.3542965039003 95.01461161208759
    vertex 143.4184376122334 -187.4614208027903 82.39761806912327
  endloop
endfacet
facet normal 0.583965 -0.637065 0.503124
  outer loop
    vertex 148.3266293279457 -148.8233508021065 135.4652032377442
    vertex 134.5687109541652 -167.9753243595662 127.1831452608122
    vertex 154.3658235653272 -160.189737302242 114.0633182843502
  endloop
endfacet
facet normal -0.948933 0.0481697 0.311777
  outer loop
    vertex -241.3497355747609 12.24997492292548 64.0331418281244
    vertex -235.1677051626421 -0.5612016641311222 84.8282706485806
    vertex -233.9351208614454 24.44258915368523 84.71669884388247
  endloop
endfacet
facet normal 0.668306 -0.173713 0.723319
  outer loop
    vertex 159.5625737940114 -54.20657447345917 184.665731331192
    vertex 176.3364962543516 -46.10766911448322 171.1126030938937
    vertex 165.9488459608457 -30.29256909253488 184.5083759129582
  endloop
endfacet
facet normal -0.48139 0.205687 0.852031
  outer loop
    vertex -113.8262962697398 64.24263936561265 213.1113736168327
    vertex -132.7510472068372 49.73143469773169 205.9221791560912
    vertex -113.5171126956056 40.30552479416009 219.0646703517492
  endloop
endfacet
facet normal 0.249861 -0.39339 0.884768
  outer loop
    vertex 57.74193177269819 -110.9729478886184 216.4506275159927
    vertex 75.96138714242078 -94.37740690646523 218.6841849083073
    vertex 53.36855054074272 -89.21522218480247 227.3597192637617
  endloop
endfacet
facet normal 0.676387 -0.517835 0.523782
  outer loop
    vertex 167.3823908983101 -140.3570095590854 121.5855463646732
    vertex 178.6704983822382 -118.9792592039984 128.1436260104668
    vertex 160.4677027466241 -128.2399310424546 142.4943383487483
  endloop
endfacet
facet normal -0.579033 -0.342555 0.739849
  outer loop
    vertex -153.2035152309155 -74.17152946581282 183.104525169622
    vertex -146.9718036546857 -97.50416452942152 177.1785168408066
    vertex -133.3818782177531 -84.81388709905886 193.690162678058
  endloop
endfacet
facet normal -0.505313 0.249786 0.825993
  outer loop
    vertex -113.8262962697398 64.24263936561265 213.1113736168327
    vertex -132.1194885441347 73.23803362066747 199.1999778569622
    vertex -132.7510472068372 49.73143469773169 205.9221791560912
  endloop
endfacet
facet normal 0.0283634 0.049048 0.998394
  outer loop
    vertex 0 1.530757942277972e-14 250
    vertex 21.23837813191896 12.22257262882971 248.7961816681651
    vertex -6.001620636081274e-15 24.50428506004543 248.796181234648
  endloop
endfacet
facet normal 0.325845 -0.911438 0.251209
  outer loop
    vertex 67.44029076326655 -233.3110233044883 59.31082183192702
    vertex 91.06401786657526 -227.2321733689649 50.72360432789388
    vertex 86.12111996640661 -221.9529533010825 76.28918151782268
  endloop
endfacet
facet normal -0.542524 0.42653 0.723699
  outer loop
    vertex -127.9345199427617 118.1639515430957 179.3600824117118
    vertex -147.0841643044786 103.7646828808078 173.4910349196711
    vertex -130.9875840235998 96.79778232440226 189.6640244451699
  endloop
endfacet
facet normal 0.745889 -0.477837 0.464028
  outer loop
    vertex 184.6747360549866 -130.3861067093041 106.7459837193466
    vertex 195.1250581418086 -108.431225414563 112.5561239571266
    vertex 178.6704983822382 -118.9792592039984 128.1436260104668
  endloop
endfacet
facet normal -0.690309 0.426426 0.584495
  outer loop
    vertex -178.8057524772723 94.11033228963764 147.213274664245
    vertex -162.2615082736432 110.6372655922386 154.6951789650695
    vertex -175.7145467444722 115.1726092926015 135.4978528653442
  endloop
endfacet
facet normal 0.556789 -0.588809 0.585909
  outer loop
    vertex 140.7477008697627 -136.0752626274891 155.4786403360143
    vertex 127.8441701464967 -155.9607784907049 147.7569075614635
    vertex 148.3266293279457 -148.8233508021065 135.4652032377442
  endloop
endfacet
facet normal -0.714035 0.493424 0.496676
  outer loop
    vertex -171.10165050798 135.3516688680325 122.082557837242
    vertex -187.8301571207536 118.9463743419644 114.3310636130631
    vertex -175.7145467444722 115.1726092926015 135.4978528653442
  endloop
endfacet
facet normal -0.283967 -0.310686 0.907104
  outer loop
    vertex -80.2616497939908 -66.81474827017918 227.1428118738063
    vertex -74.80658575797851 -90.10341123613216 220.874059162335
    vertex -57.55735397463248 -75.70974062646823 231.2037763050417
  endloop
endfacet
facet normal 0.882178 0.467696 0.0549756
  outer loop
    vertex 214.260416484591 127.1758362173137 20.4641298441104
    vertex 225.3182206986898 106.2519186242531 21.0292465352802
    vertex 220.4803160870888 117.8491842064993 0
  endloop
endfacet
facet normal -0.941194 0.336765 0.0272705
  outer loop
    vertex -239.2350839330522 72.5711693136156 0
    vertex -234.4579820882028 84.23565919847816 20.82806650953983
    vertex -230.9698831278217 95.67085809127248 0
  endloop
endfacet
facet normal 0.0838433 -0.293009 0.952426
  outer loop
    vertex 7.031479090986817 -76.21867697664108 237.994267959805
    vertex 30.35354167266702 -83.06858458172151 233.8338571796545
    vertex 25.38944412252085 -60.10686167525829 241.3349152250887
  endloop
endfacet
facet normal 0.141043 -0.730446 0.668248
  outer loop
    vertex 36.63002434485729 -172.6554573458084 177.0546084269057
    vertex 22.39720610327477 -187.5623926850764 163.7642024650584
    vertex 46.94299397120687 -186.3166665875372 159.9451626924919
  endloop
endfacet
facet normal 0.158197 -0.877123 0.453462
  outer loop
    vertex 41.71064985674228 -212.0347931801778 125.7038908290729
    vertex 26.15620913240724 -223.1995790325475 109.5344723980325
    vertex 50.60403438255631 -221.4990976337355 104.2946856347434
  endloop
endfacet
facet normal 0.0951956 -0.91744 0.386317
  outer loop
    vertex 26.15620913240724 -223.1995790325475 109.5344723980325
    vertex 10.2208402591354 -232.1524966580867 92.19952667890576
    vertex 34.86251480875804 -231.6080443927574 87.42035709016331
  endloop
endfacet
facet normal 0.159953 -0.966835 0.199113
  outer loop
    vertex 43.12860213133141 -237.6652452491271 64.46049083640007
    vertex 24.70451104744802 -244.0697704179757 48.16258197006404
    vertex 51.86213898366424 -241.3099722776963 39.74689697795996
  endloop
endfacet
facet normal -0.674617 0.509388 0.534243
  outer loop
    vertex -171.10165050798 135.3516688680325 122.082557837242
    vertex -175.7145467444722 115.1726092926015 135.4978528653442
    vertex -158.2151593776973 131.0505843655519 142.4559850639389
  endloop
endfacet
facet normal 0.318879 -0.182961 0.929969
  outer loop
    vertex 66.40766224574131 -49.53864340778134 235.8727309469499
    vertex 88.70847637649433 -55.38085043830267 227.076567755661
    vertex 83.64864279209444 -32.07253099678982 233.3972093117236
  endloop
endfacet
facet normal 0.807426 -0.434021 0.399612
  outer loop
    vertex 200.1863802637122 -119.2560370524619 90.5726823244969
    vertex 209.3502764262225 -96.78124288625791 96.46684811714019
    vertex 195.1250581418086 -108.431225414563 112.5561239571266
  endloop
endfacet
facet normal 0.867543 0.278855 0.411837
  outer loop
    vertex 214.3039649460814 60.57984057448409 113.5953059081175
    vertex 223.4725386576726 65.21104178128533 91.14573218584896
    vertex 211.8113912548915 83.01748926356551 103.6534177489632
  endloop
endfacet
facet normal 0.219375 -0.828403 0.515387
  outer loop
    vertex 56.75028088403534 -198.8626321889014 140.4744074146063
    vertex 41.71064985674228 -212.0347931801778 125.7038908290729
    vertex 65.8866956672164 -209.2470164095972 119.8942428048043
  endloop
endfacet
facet normal 0.181923 -0.782318 0.59572
  outer loop
    vertex 46.94299397120687 -186.3166665875372 159.9451626924919
    vertex 32.33657970164043 -200.6282276385432 145.6113315913853
    vertex 56.75028088403534 -198.8626321889014 140.4744074146063
  endloop
endfacet
facet normal -0.144032 0.146258 0.978705
  outer loop
    vertex -22.50172419822838 38.79946967789549 245.9436389923938
    vertex -42.26690264002545 48.41236134516046 241.598328243811
    vertex -41.92572689361206 24.16887755111937 245.2714797573522
  endloop
endfacet
facet normal -0.551395 -0.434886 0.711926
  outer loop
    vertex -146.9718036546857 -97.50416452942152 177.1785168408066
    vertex -139.6082054935382 -120.0367688647755 169.1174830683643
    vertex -126.4440946233739 -107.7035176579171 186.8471118829135
  endloop
endfacet
facet normal -0.0832618 -0.851758 0.517277
  outer loop
    vertex -23.29678128857077 -219.6983402311305 117.0038430192741
    vertex -7.338582369896804 -211.1536908744976 133.6422988386436
    vertex -31.86683928753173 -207.1701566272945 136.2535531897971
  endloop
endfacet
facet normal -0.25858 -0.901479 0.347089
  outer loop
    vertex -63.04673188666422 -220.4477852413485 99.63876545097979
    vertex -76.82848858995696 -223.9389893014552 80.3038754458688
    vertex -54.4975870529677 -230.8259499684384 79.0531076338698
  endloop
endfacet
facet normal -0.284141 -0.533098 0.796913
  outer loop
    vertex -72.39362901448186 -144.6278748860816 190.6356217605972
    vertex -58.46543067346716 -130.1429151878186 205.2915367047124
    vertex -82.18270936609569 -124.4279180135364 200.6581558274283
  endloop
endfacet
facet normal 0.877571 0.0101372 0.479339
  outer loop
    vertex 226.3053683356896 2.32412206919911 106.2095980552386
    vertex 214.024575453595 13.95730325984666 128.4471673008832
    vertex 216.758721190535 -11.93218585875786 123.989030678024
  endloop
endfacet
facet normal 0.176719 -0.319039 0.93112
  outer loop
    vertex 30.35354167266702 -83.06858458172151 233.8338571796545
    vertex 53.36855054074272 -89.21522218480247 227.3597192637617
    vertex 48.59183110443317 -66.59601081144679 236.0165360603361
  endloop
endfacet
facet normal 0.239631 -0.724411 0.646379
  outer loop
    vertex 46.94299397120687 -186.3166665875372 159.9451626924919
    vertex 71.18445634096922 -183.9064395724861 153.6593461498915
    vertex 61.17631243566202 -171.247095694318 171.5572528721399
  endloop
endfacet
facet normal -0.929169 -0.051069 0.36611
  outer loop
    vertex -235.1677051626421 -0.5612016641311222 84.8282706485806
    vertex -234.4520948880925 -24.1937560598735 83.34792961016012
    vertex -226.6815862951203 -13.38904457127754 104.5762493121468
  endloop
endfacet
facet normal -0.688492 0.215231 0.69257
  outer loop
    vertex -166.268709337496 66.507195025654 174.4462934689725
    vertex -182.032510965111 50.70386801569538 163.6865379925414
    vertex -167.2634298571977 43.04734619178271 180.7480871772953
  endloop
endfacet
facet normal -0.822086 0.467214 0.325402
  outer loop
    vertex -206.5913073646988 122.7549058343864 68.92941908166243
    vertex -211.3097905874677 104.4183632997456 83.33653345131945
    vertex -198.1579184542051 121.4831213350074 92.06134142299071
  endloop
endfacet
facet normal 0.724486 -0.688675 0.0291042
  outer loop
    vertex 189.6895306731978 -162.8431206805554 -1.994253065046084e-14
    vertex 180.4487790330313 -171.6407052510662 21.85649666357414
    vertex 172.2417297689218 -181.1981968072799 -2.219037917313075e-14
  endloop
endfacet
facet normal -0.324616 -0.907856 0.265371
  outer loop
    vertex -76.82848858995696 -223.9389893014552 80.3038754458688
    vertex -95.06278100242473 -222.3080019584795 63.57845494594622
    vertex -69.4099084437081 -232.7641925433935 59.18695193586226
  endloop
endfacet
facet normal -0.717354 -0.549517 0.428292
  outer loop
    vertex -179.5758336833146 -127.803895712574 117.9774732634669
    vertex -187.4562705806541 -135.2435675271565 95.23299881091665
    vertex -169.982407299791 -148.4649479340722 107.5366934748376
  endloop
endfacet
facet normal -0.518292 -0.521491 0.677806
  outer loop
    vertex -139.6082054935382 -120.0367688647755 169.1174830683643
    vertex -130.4530005968209 -141.122358127809 159.8952615674781
    vertex -118.1591474532787 -129.5385266977894 178.2082657288389
  endloop
endfacet
facet normal -0.790445 -0.61185 0.0289014
  outer loop
    vertex -189.6895306731976 -162.8431206805556 -1.994253065046086e-14
    vertex -196.9925470204902 -152.3795598355834 21.78086689491086
    vertex -205.1908603018189 -142.8170537736983 -1.74900447767615e-14
  endloop
endfacet
facet normal 0.299248 -0.953773 0.027709
  outer loop
    vertex 86.82631321120535 -234.43803303677 -2.871037867568818e-14
    vertex 70.91358715811235 -238.8258027339912 20.82064131657638
    vertex 62.66313306468042 -242.019279716551 -2.963881362368221e-14
  endloop
endfacet
facet normal -0.782937 -0.493929 0.378212
  outer loop
    vertex -196.1013362294376 -113.8622123657449 105.2599758892575
    vertex -202.8014903441078 -120.8287032549753 82.29204082977793
    vertex -187.4562705806541 -135.2435675271565 95.23299881091665
  endloop
endfacet
facet normal -0.571057 -0.82046 0.0271733
  outer loop
    vertex -132.2410025817404 -212.1610643736879 -2.598223683889324e-14
    vertex -142.3173482615777 -204.4475021806204 21.14216724695076
    vertex -153.0264956369155 -197.6939342344248 -2.421052437710356e-14
  endloop
endfacet
facet normal -0.297103 -0.663055 0.687087
  outer loop
    vertex -85.69137487857313 -157.6455961487286 174.0828948700354
    vertex -76.17486603659249 -175.1581163843784 161.2979356624992
    vertex -61.94955100638951 -163.6992425784446 178.5071738316147
  endloop
endfacet
facet normal -0.438994 -0.677943 0.589643
  outer loop
    vertex -108.758771622345 -179.1378629550408 136.3127127273888
    vertex -98.17095197392076 -168.4554624488741 156.4775426688128
    vertex -120.983156869678 -160.0936817911238 149.1076416700676
  endloop
endfacet
facet normal -0.78911 0.340739 0.511079
  outer loop
    vertex -191.5639959673796 98.1634939448718 127.1501628215429
    vertex -205.6178587902499 80.22552960547293 117.4102233454746
    vertex -193.6476230572148 76.48799913679424 138.3841901097832
  endloop
endfacet
facet normal 0.838613 0.295829 0.457398
  outer loop
    vertex 201.7181689500376 78.05862208138747 125.3659915375746
    vertex 214.3039649460814 60.57984057448409 113.5953059081175
    vertex 211.8113912548915 83.01748926356551 103.6534177489632
  endloop
endfacet
facet normal 0.877388 0.466686 0.111331
  outer loop
    vertex 214.260416484591 127.1758362173137 20.4641298441104
    vertex 217.4119270722213 116.2345857892467 41.49186707229958
    vertex 225.3182206986898 106.2519186242531 21.0292465352802
  endloop
endfacet
facet normal -0.0306719 -0.324819 0.945279
  outer loop
    vertex -16.38317535777104 -68.73006687884464 239.8077760874865
    vertex -12.12656861662684 -95.13927136658351 230.8711012175881
    vertex 7.031479090986817 -76.21867697664108 237.994267959805
  endloop
endfacet
facet normal -0.0722568 -0.122131 0.98988
  outer loop
    vertex -2.959892086168626 -29.12689962999915 248.2798073883218
    vertex -32.04618240676199 -24.64221291210033 246.7099583234273
    vertex -21.38377318736672 -45.14257619046498 244.9589395371382
  endloop
endfacet
facet normal -0.587464 -0.197786 0.784708
  outer loop
    vertex -138.8898829082779 -61.08888972821217 198.6900802191674
    vertex -142.842944194699 -36.90153650483351 201.827079197447
    vertex -157.993140876663 -50.08303016743753 187.1626499202618
  endloop
endfacet
facet normal -0.845211 -0.43181 0.314895
  outer loop
    vertex -210.6662894594828 -98.68381736009647 91.54899604371714
    vertex -217.038095587298 -106.2583452162232 64.05957489516179
    vertex -202.8014903441078 -120.8287032549753 82.29204082977793
  endloop
endfacet
facet normal -0.0601162 0.103484 0.992813
  outer loop
    vertex -22.50172419822838 38.79946967789549 245.9436389923938
    vertex -21.20542256961148 12.1020943181196 248.804882120025
    vertex -6.001620636081274e-15 24.50428506004543 248.796181234648
  endloop
endfacet
facet normal -0.729301 0.411202 0.546838
  outer loop
    vertex -191.5639959673796 98.1634939448718 127.1501628215429
    vertex -178.8057524772723 94.11033228963764 147.213274664245
    vertex -175.7145467444722 115.1726092926015 135.4978528653442
  endloop
endfacet
facet normal -0.592221 -0.709765 0.381455
  outer loop
    vertex -158.7877359925698 -167.7199992317731 95.68937640118668
    vertex -145.9401801387693 -185.1176171613237 83.26422783871341
    vertex -138.791142638905 -178.6302946040475 106.434188936912
  endloop
endfacet
facet normal -0.538111 -0.776089 0.32882
  outer loop
    vertex -145.9401801387693 -185.1176171613237 83.26422783871341
    vertex -131.5219499750142 -200.8406642100229 69.74958261127217
    vertex -125.248694531067 -195.2113653759004 93.30212937730951
  endloop
endfacet
facet normal -0.22862 -0.937301 0.263059
  outer loop
    vertex -69.4099084437081 -232.7641925433935 59.18695193586226
    vertex -45.98700402908385 -238.662082638292 58.52867477725865
    vertex -54.4975870529677 -230.8259499684384 79.0531076338698
  endloop
endfacet
facet normal 0.967669 -0.250547 0.0290498
  outer loop
    vertex 244.8824853131237 -50.32463002216494 -6.162989707491909e-15
    vertex 241.175412026779 -62.11076701309652 21.83284806795122
    vertex 238.5348141000123 -74.84078074333935 -9.16535225830194e-15
  endloop
endfacet
facet normal -0.969641 0.242882 0.0283634
  outer loop
    vertex -245.1963201008076 48.77258050403215 0
    vertex -241.631127168343 60.52544653199698 21.23837812683443
    vertex -239.2350839330522 72.5711693136156 0
  endloop
endfacet
facet normal -0.899223 0.196943 0.390656
  outer loop
    vertex -230.322327291881 49.16899626571607 83.86915617241921
    vertex -224.870456600761 35.49404011445314 103.3123945348226
    vertex -218.747902663951 60.89476689316549 104.6001072903353
  endloop
endfacet
facet normal 0.278201 -0.772144 0.571313
  outer loop
    vertex 56.75028088403534 -198.8626321889014 140.4744074146063
    vertex 80.58544630552645 -195.0473367399186 134.0243346351845
    vertex 71.18445634096922 -183.9064395724861 153.6593461498915
  endloop
endfacet
facet normal 0.158415 -0.370733 0.91513
  outer loop
    vertex 30.35354167266702 -83.06858458172151 233.8338571796545
    vertex 34.90326233905586 -105.2915581264423 224.0434111180176
    vertex 53.36855054074272 -89.21522218480247 227.3597192637617
  endloop
endfacet
facet normal -0.577649 0.190467 0.793753
  outer loop
    vertex -150.0770083774884 58.24620409202322 191.2701525730914
    vertex -150.0613918235044 34.88310928821343 196.8876516452447
    vertex -132.7510472068372 49.73143469773169 205.9221791560912
  endloop
endfacet
facet normal 0.891918 -0.244695 0.380273
  outer loop
    vertex 216.7172173471668 -73.25813878460738 100.8310111380228
    vertex 228.41597396131 -60.92760469433706 81.32631693072508
    vertex 222.317856491781 -48.94342253633302 103.340757087075
  endloop
endfacet
facet normal -0.0131056 -0.935699 0.352556
  outer loop
    vertex -14.52854691818886 -230.3577528372537 96.04283956764678
    vertex -5.585549470225423 -238.4584234656151 74.87577655963958
    vertex 10.2208402591354 -232.1524966580867 92.19952667890576
  endloop
endfacet
facet normal -0.892711 -0.369639 0.257749
  outer loop
    vertex -223.3260472947575 -82.69850910026679 76.06860845508356
    vertex -228.7128062497259 -86.83504461467855 51.47938698296775
    vertex -217.038095587298 -106.2583452162232 64.05957489516179
  endloop
endfacet
facet normal 0.793798 0.274771 0.542574
  outer loop
    vertex 189.499283298218 72.20480464791176 146.207003304283
    vertex 203.6092353671195 55.47063510261771 134.0383822437782
    vertex 201.7181689500376 78.05862208138747 125.3659915375746
  endloop
endfacet
facet normal -0.208345 -0.905398 0.369927
  outer loop
    vertex -63.04673188666422 -220.4477852413485 99.63876545097979
    vertex -54.4975870529677 -230.8259499684384 79.0531076338698
    vertex -39.15128055043775 -226.3234771050661 98.71606223069044
  endloop
endfacet
facet normal 0.52767 -0.782522 0.330491
  outer loop
    vertex 125.2941778802118 -194.3542965039003 95.01461161208759
    vertex 127.0447233614948 -203.0415283282647 71.65037362166164
    vertex 143.4184376122334 -187.4614208027903 82.39761806912327
  endloop
endfacet
facet normal -0.00405137 -0.708571 0.705628
  outer loop
    vertex -12.91385277992576 -171.1262204781595 181.7939742434791
    vertex -1.905250460689092 -186.9720164374637 165.9452773958658
    vertex 11.90355321158347 -172.4300607534362 180.6271839162237
  endloop
endfacet
facet normal 0.312886 -0.812822 0.491348
  outer loop
    vertex 65.8866956672164 -209.2470164095972 119.8942428048043
    vertex 88.54440735647054 -204.4549548945794 113.3933831621004
    vertex 80.58544630552645 -195.0473367399186 134.0243346351845
  endloop
endfacet
facet normal 0.947729 -0.29831 0.113234
  outer loop
    vertex 241.175412026779 -62.11076701309652 21.83284806795122
    vertex 234.9484739133859 -73.92204127933768 42.83394003435754
    vertex 233.1195224582606 -87.47492652893449 22.43714504098135
  endloop
endfacet
facet normal 0.192984 -0.706749 0.680635
  outer loop
    vertex 36.63002434485729 -172.6554573458084 177.0546084269057
    vertex 46.94299397120687 -186.3166665875372 159.9451626924919
    vertex 61.17631243566202 -171.247095694318 171.5572528721399
  endloop
endfacet
facet normal 0.193041 -0.9106 0.365434
  outer loop
    vertex 34.86251480875804 -231.6080443927574 87.42035709016331
    vertex 59.14498485932356 -228.7096628161525 81.81540747629512
    vertex 50.60403438255631 -221.4990976337355 104.2946856347434
  endloop
endfacet
facet normal 0.572669 -0.676906 0.462437
  outer loop
    vertex 134.5687109541652 -167.9753243595662 127.1831452608122
    vertex 140.4173359388218 -178.3664867823209 104.7299773740844
    vertex 154.3658235653272 -160.189737302242 114.0633182843502
  endloop
endfacet
facet normal -0.110017 0.100633 0.988822
  outer loop
    vertex -22.50172419822838 38.79946967789549 245.9436389923938
    vertex -41.92572689361206 24.16887755111937 245.2714797573522
    vertex -21.20542256961148 12.1020943181196 248.804882120025
  endloop
endfacet
facet normal -0.55416 0.2426 0.796274
  outer loop
    vertex -132.1194885441347 73.23803362066747 199.1999778569622
    vertex -150.0770083774884 58.24620409202322 191.2701525730914
    vertex -132.7510472068372 49.73143469773169 205.9221791560912
  endloop
endfacet
facet normal 0.894161 0.42607 0.137626
  outer loop
    vertex 217.4119270722213 116.2345857892467 41.49186707229958
    vertex 226.946380772234 96.00894892463693 42.16185456986729
    vertex 225.3182206986898 106.2519186242531 21.0292465352802
  endloop
endfacet
facet normal 0.175822 -0.457863 0.871463
  outer loop
    vertex 34.90326233905586 -105.2915581264423 224.0434111180176
    vertex 39.0148165380396 -126.5483268268134 212.0456674111431
    vertex 57.74193177269819 -110.9729478886184 216.4506275159927
  endloop
endfacet
facet normal 0.195025 -0.407994 0.891911
  outer loop
    vertex 34.90326233905586 -105.2915581264423 224.0434111180176
    vertex 57.74193177269819 -110.9729478886184 216.4506275159927
    vertex 53.36855054074272 -89.21522218480247 227.3597192637617
  endloop
endfacet
facet normal 0.225524 -0.934835 0.274269
  outer loop
    vertex 43.12860213133141 -237.6652452491271 64.46049083640007
    vertex 67.44029076326655 -233.3110233044883 59.31082183192702
    vertex 59.14498485932356 -228.7096628161525 81.81540747629512
  endloop
endfacet
facet normal -0.627273 -0.702829 0.335499
  outer loop
    vertex -158.7877359925698 -167.7199992317731 95.68937640118668
    vertex -164.7601394464829 -173.679149779821 72.03922113219981
    vertex -145.9401801387693 -185.1176171613237 83.26422783871341
  endloop
endfacet
facet normal -0.709185 0.161363 0.686308
  outer loop
    vertex -182.032510965111 50.70386801569538 163.6865379925414
    vertex -182.1645982147375 27.62791445881306 168.975612145421
    vertex -167.2634298571977 43.04734619178271 180.7480871772953
  endloop
endfacet
facet normal 0.149026 -0.903361 0.402157
  outer loop
    vertex 26.15620913240724 -223.1995790325475 109.5344723980325
    vertex 34.86251480875804 -231.6080443927574 87.42035709016331
    vertex 50.60403438255631 -221.4990976337355 104.2946856347434
  endloop
endfacet
facet normal 0.211284 -0.858493 0.467279
  outer loop
    vertex 41.71064985674228 -212.0347931801778 125.7038908290729
    vertex 50.60403438255631 -221.4990976337355 104.2946856347434
    vertex 65.8866956672164 -209.2470164095972 119.8942428048043
  endloop
endfacet
facet normal -0.438728 -0.330546 0.835618
  outer loop
    vertex -112.6611199701675 -94.77419308387773 202.0527762055434
    vertex -97.2640309153974 -80.81507492638475 215.6586004654844
    vertex -118.4096413039889 -71.38531911996586 208.2865647621116
  endloop
endfacet
facet normal -0.56213 -0.523951 0.639911
  outer loop
    vertex -139.6082054935382 -120.0367688647755 169.1174830683643
    vertex -151.0187431856193 -130.8186520597446 150.2658293821568
    vertex -130.4530005968209 -141.122358127809 159.8952615674781
  endloop
endfacet
facet normal -0.937093 -0.347061 0.0375011
  outer loop
    vertex -229.7394529050576 -98.58896377832987 -1.20736658922386e-14
    vertex -232.9339110436501 -87.25514488036673 25.06656693317042
    vertex -238.5348141000122 -74.84078074333962 -9.165352258301973e-15
  endloop
endfacet
facet normal 0.485097 -0.873976 0.0290947
  outer loop
    vertex 132.2410025817408 -212.1610643736877 -2.598223683889321e-14
    vertex 120.5310697212357 -217.9332776139044 21.84828918509321
    vertex 110.0985378894087 -224.4511348926853 -2.748733639113179e-14
  endloop
endfacet
facet normal -0.0321644 0.146655 0.988665
  outer loop
    vertex -1.194544239546323e-14 48.77258050384024 245.1963198262604
    vertex -22.50172419822838 38.79946967789549 245.9436389923938
    vertex -6.001620636081274e-15 24.50428506004543 248.796181234648
  endloop
endfacet
facet normal 0.0283634 0.146671 0.988779
  outer loop
    vertex -6.001620636081274e-15 24.50428506004543 248.796181234648
    vertex 21.23837813219939 36.55000790818222 246.4001384257434
    vertex -1.194544239546323e-14 48.77258050384024 245.1963198262604
  endloop
endfacet
facet normal 0.232927 -0.759853 0.606934
  outer loop
    vertex 46.94299397120687 -186.3166665875372 159.9451626924919
    vertex 56.75028088403534 -198.8626321889014 140.4744074146063
    vertex 71.18445634096922 -183.9064395724861 153.6593461498915
  endloop
endfacet
facet normal -0.778359 -0.537817 0.323896
  outer loop
    vertex -202.8014903441078 -120.8287032549753 82.29204082977793
    vertex -193.0366590901941 -143.5848816960618 67.97227372704351
    vertex -187.4562705806541 -135.2435675271565 95.23299881091665
  endloop
endfacet
facet normal -0.267148 -0.918925 0.290187
  outer loop
    vertex -76.82848858995696 -223.9389893014552 80.3038754458688
    vertex -69.4099084437081 -232.7641925433935 59.18695193586226
    vertex -54.4975870529677 -230.8259499684384 79.0531076338698
  endloop
endfacet
facet normal 0.960511 -0.0375401 0.275698
  outer loop
    vertex 239.555198954852 4.144296671681412 71.38719394119929
    vertex 236.6704887207447 -18.84273854437853 78.30728556674674
    vertex 243.0949482109847 -14.53675979201724 56.51131540716313
  endloop
endfacet
facet normal -0.782694 -0.416442 0.462566
  outer loop
    vertex -196.1013362294376 -113.8622123657449 105.2599758892575
    vertex -187.3847687375019 -106.0134010931669 127.0752030643754
    vertex -202.9319659874452 -92.06925225906861 113.3219747839154
  endloop
endfacet
facet normal -0.335313 -0.915689 0.221539
  outer loop
    vertex -95.06278100242473 -222.3080019584795 63.57845494594622
    vertex -84.47074136292717 -231.8243560022107 40.27607003864378
    vertex -69.4099084437081 -232.7641925433935 59.18695193586226
  endloop
endfacet
facet normal 0.287387 0.956227 0.0551185
  outer loop
    vertex 72.57116931361568 239.2350839330522 0
    vertex 60.52544654140838 241.631127205915 21.2383776725543
    vertex 83.4534739536347 234.8161045036861 19.92271946256287
  endloop
endfacet
facet normal -0.564758 -0.565651 0.600905
  outer loop
    vertex -151.0187431856193 -130.8186520597446 150.2658293821568
    vertex -141.4791839900128 -151.4380776784572 139.8218478156174
    vertex -130.4530005968209 -141.122358127809 159.8952615674781
  endloop
endfacet
facet normal 0.708778 -0.520368 0.476288
  outer loop
    vertex 167.3823908983101 -140.3570095590854 121.5855463646732
    vertex 184.6747360549866 -130.3861067093041 106.7459837193466
    vertex 178.6704983822382 -118.9792592039984 128.1436260104668
  endloop
endfacet
facet normal -0.606 -0.564328 0.560623
  outer loop
    vertex -151.0187431856193 -130.8186520597446 150.2658293821568
    vertex -161.2617907148546 -140.375863157701 129.5733456316107
    vertex -141.4791839900128 -151.4380776784572 139.8218478156174
  endloop
endfacet
facet normal -0.685804 -0.106277 0.719985
  outer loop
    vertex -175.5261414435214 -38.47390276424134 173.8111977866692
    vertex -161.1368254861234 -25.49799199434518 189.4327740294981
    vertex -177.9005451034499 -15.17115523882868 174.9892342420378
  endloop
endfacet
facet normal 0.942445 0.12616 0.309647
  outer loop
    vertex 233.0716234558256 20.53187560460539 88.06849847603205
    vertex 240.3214518288526 27.40779961049989 63.20136320826587
    vertex 233.0627573582968 46.85981020753692 77.36865851144962
  endloop
endfacet
facet normal -0.76303 0.0902905 0.640025
  outer loop
    vertex -195.8084626445928 32.13345468718391 152.0739525580493
    vertex -194.6566479775824 10.21881463816278 156.5387020053585
    vertex -182.1645982147375 27.62791445881306 168.975612145421
  endloop
endfacet
facet normal -0.643892 -0.599824 0.474989
  outer loop
    vertex -161.2617907148546 -140.375863157701 129.5733456316107
    vertex -169.982407299791 -148.4649479340722 107.5366934748376
    vertex -150.8976132712689 -160.3224023108612 118.4341066851477
  endloop
endfacet
facet normal -0.605948 -0.603976 0.517726
  outer loop
    vertex -161.2617907148546 -140.375863157701 129.5733456316107
    vertex -150.8976132712689 -160.3224023108612 118.4341066851477
    vertex -141.4791839900128 -151.4380776784572 139.8218478156174
  endloop
endfacet
facet normal -0.640654 -0.636607 0.429295
  outer loop
    vertex -169.982407299791 -148.4649479340722 107.5366934748376
    vertex -158.7877359925698 -167.7199992317731 95.68937640118668
    vertex -150.8976132712689 -160.3224023108612 118.4341066851477
  endloop
endfacet
facet normal 0.271507 -0.805384 0.526916
  outer loop
    vertex 56.75028088403534 -198.8626321889014 140.4744074146063
    vertex 65.8866956672164 -209.2470164095972 119.8942428048043
    vertex 80.58544630552645 -195.0473367399186 134.0243346351845
  endloop
endfacet
facet normal -0.242883 0.969645 0.0282212
  outer loop
    vertex -72.5711693136155 239.2350839330522 0
    vertex -60.44427735938881 241.6561291899082 21.18500789359458
    vertex -48.77258050403199 245.1963201008076 0
  endloop
endfacet
facet normal -0.625473 0.182011 0.758719
  outer loop
    vertex -150.0770083774884 58.24620409202322 191.2701525730914
    vertex -167.2634298571977 43.04734619178271 180.7480871772953
    vertex -150.0613918235044 34.88310928821343 196.8876516452447
  endloop
endfacet
facet normal -0.671059 0.7404 0.0385677
  outer loop
    vertex -176.7766952966368 176.776695296637 0
    vertex -165.0479106090491 186.1061586483467 24.97368448474819
    vertex -158.5983210409113 193.2526133406843 0
  endloop
endfacet
facet normal 0.874692 0.190303 0.445755
  outer loop
    vertex 214.3039649460814 60.57984057448409 113.5953059081175
    vertex 215.5277657647545 37.89052258086383 120.8804801570633
    vertex 225.0635643217532 42.83473310555985 100.0578715272493
  endloop
endfacet
facet normal -0.748838 0.152135 0.645055
  outer loop
    vertex -182.032510965111 50.70386801569538 163.6865379925414
    vertex -195.8084626445928 32.13345468718391 152.0739525580493
    vertex -182.1645982147375 27.62791445881306 168.975612145421
  endloop
endfacet
facet normal 0.183276 -0.932261 0.31193
  outer loop
    vertex 34.86251480875804 -231.6080443927574 87.42035709016331
    vertex 43.12860213133141 -237.6652452491271 64.46049083640007
    vertex 59.14498485932356 -228.7096628161525 81.81540747629512
  endloop
endfacet
facet normal 0.605466 -0.506439 0.613947
  outer loop
    vertex 140.7477008697627 -136.0752626274891 155.4786403360143
    vertex 160.4677027466241 -128.2399310424546 142.4943383487483
    vertex 152.1159377243828 -114.8834909200414 161.7483384899409
  endloop
endfacet
facet normal 0.216423 -0.951908 0.216868
  outer loop
    vertex 43.12860213133141 -237.6652452491271 64.46049083640007
    vertex 51.86213898366424 -241.3099722776963 39.74689697795996
    vertex 67.44029076326655 -233.3110233044883 59.31082183192702
  endloop
endfacet
facet normal 0.774624 -0.47823 0.413828
  outer loop
    vertex 184.6747360549866 -130.3861067093041 106.7459837193466
    vertex 200.1863802637122 -119.2560370524619 90.5726823244969
    vertex 195.1250581418086 -108.431225414563 112.5561239571266
  endloop
endfacet
facet normal -0.142143 -0.585473 0.798133
  outer loop
    vertex -23.77769069513066 -153.6466027668937 195.7737032479058
    vertex -34.1729444919735 -134.7373192373729 207.7933220040403
    vertex -48.32489566893107 -149.9233455767282 194.1331885836831
  endloop
endfacet
facet normal -0.802962 0.595517 0.0247257
  outer loop
    vertex -207.8674030756362 138.8925582549006 0
    vertex -199.9849932680011 148.6946144141279 19.89759060367312
    vertex -193.2526133406842 158.5983210409115 0
  endloop
endfacet
facet normal 0.783832 -0.387838 0.484963
  outer loop
    vertex 203.5705466013351 -85.35225861526432 117.3627901240709
    vertex 188.0830896942548 -96.7130206592069 133.3092007553669
    vertex 195.1250581418086 -108.431225414563 112.5561239571266
  endloop
endfacet
facet normal 0.834977 -0.430383 0.342905
  outer loop
    vertex 200.1863802637122 -119.2560370524619 90.5726823244969
    vertex 214.8420115911169 -105.7242562808625 71.8699637494058
    vertex 209.3502764262225 -96.78124288625791 96.46684811714019
  endloop
endfacet
facet normal 0.567516 -0.49835 0.655418
  outer loop
    vertex 131.8634953860472 -122.1985209935145 173.7225951094776
    vertex 140.7477008697627 -136.0752626274891 155.4786403360143
    vertex 152.1159377243828 -114.8834909200414 161.7483384899409
  endloop
endfacet
facet normal 0.606506 -0.678361 0.414701
  outer loop
    vertex 140.4173359388218 -178.3664867823209 104.7299773740844
    vertex 158.9842732389451 -169.8870907622329 91.44603465995287
    vertex 154.3658235653272 -160.189737302242 114.0633182843502
  endloop
endfacet
facet normal -0.753379 0.358226 0.551447
  outer loop
    vertex -191.5639959673796 98.1634939448718 127.1501628215429
    vertex -193.6476230572148 76.48799913679424 138.3841901097832
    vertex -178.8057524772723 94.11033228963764 147.213274664245
  endloop
endfacet
facet normal -0.808686 0.288085 0.512869
  outer loop
    vertex -205.6178587902499 80.22552960547293 117.4102233454746
    vertex -207.0953955127171 58.97152242371872 127.0191194287699
    vertex -193.6476230572148 76.48799913679424 138.3841901097832
  endloop
endfacet
facet normal -0.741368 0.443734 0.503462
  outer loop
    vertex -187.8301571207536 118.9463743419644 114.3310636130631
    vertex -191.5639959673796 98.1634939448718 127.1501628215429
    vertex -175.7145467444722 115.1726092926015 135.4978528653442
  endloop
endfacet
facet normal -0.869081 -0.344518 0.354973
  outer loop
    vertex -210.6662894594828 -98.68381736009647 91.54899604371714
    vertex -216.1385191062202 -76.61334871741359 99.57175983618079
    vertex -223.3260472947575 -82.69850910026679 76.06860845508356
  endloop
endfacet
facet normal -0.682254 -0.517626 0.516326
  outer loop
    vertex -161.2617907148546 -140.375863157701 129.5733456316107
    vertex -169.9925480882488 -119.2277701291755 139.2381859422512
    vertex -179.5758336833146 -127.803895712574 117.9774732634669
  endloop
endfacet
facet normal 0.76624 -0.520606 0.376624
  outer loop
    vertex 184.6747360549866 -130.3861067093041 106.7459837193466
    vertex 188.8198481339911 -140.3920437545854 84.48158971673703
    vertex 200.1863802637122 -119.2560370524619 90.5726823244969
  endloop
endfacet
facet normal -0.0282766 0.0490481 0.998396
  outer loop
    vertex -6.001620636081274e-15 24.50428506004543 248.796181234648
    vertex -21.20542256961148 12.1020943181196 248.804882120025
    vertex 0 1.530757942277972e-14 250
  endloop
endfacet
facet normal -0.234898 -0.836104 0.495735
  outer loop
    vertex -47.75978869701857 -214.5407795600081 119.1270602734749
    vertex -56.23563754076632 -202.6354117885372 135.1903952197548
    vertex -70.94987022935486 -208.0381590794839 119.1060043879277
  endloop
endfacet
facet normal -0.486569 -0.334676 0.806996
  outer loop
    vertex -133.3818782177531 -84.81388709905886 193.690162678058
    vertex -112.6611199701675 -94.77419308387773 202.0527762055434
    vertex -118.4096413039889 -71.38531911996586 208.2865647621116
  endloop
endfacet
facet normal 0.592109 -0.715416 0.370926
  outer loop
    vertex 140.4173359388218 -178.3664867823209 104.7299773740844
    vertex 143.4184376122334 -187.4614208027903 82.39761806912327
    vertex 158.9842732389451 -169.8870907622329 91.44603465995287
  endloop
endfacet
facet normal -0.988418 0.0491408 0.143581
  outer loop
    vertex -246.2679660348176 -0.1996667932897037 43.03543932906461
    vertex -245.0540238264027 24.72842919683222 42.86059024262381
    vertex -248.7665151084009 12.21926494316698 21.58496062239764
  endloop
endfacet
facet normal 0.910523 0.207237 0.357773
  outer loop
    vertex 225.0635643217532 42.83473310555985 100.0578715272493
    vertex 233.0627573582968 46.85981020753692 77.36865851144962
    vertex 223.4725386576726 65.21104178128533 91.14573218584896
  endloop
endfacet
facet normal 0.925147 0.143191 0.351567
  outer loop
    vertex 225.0635643217532 42.83473310555985 100.0578715272493
    vertex 233.0716234558256 20.53187560460539 88.06849847603205
    vertex 233.0627573582968 46.85981020753692 77.36865851144962
  endloop
endfacet
facet normal 0.627753 -0.600066 0.49583
  outer loop
    vertex 148.3266293279457 -148.8233508021065 135.4652032377442
    vertex 154.3658235653272 -160.189737302242 114.0633182843502
    vertex 167.3823908983101 -140.3570095590854 121.5855463646732
  endloop
endfacet
facet normal 0.636191 -0.557419 0.533428
  outer loop
    vertex 148.3266293279457 -148.8233508021065 135.4652032377442
    vertex 167.3823908983101 -140.3570095590854 121.5855463646732
    vertex 160.4677027466241 -128.2399310424546 142.4943383487483
  endloop
endfacet
facet normal 0.0824192 -0.986615 0.140707
  outer loop
    vertex 24.70451104744802 -244.0697704179757 48.16258197006404
    vertex 6.793829934501384 -247.276375890263 36.16957010248326
    vertex 25.90574811859909 -247.6424239358011 22.40808072139748
  endloop
endfacet
facet normal 0.621914 -0.715126 0.319088
  outer loop
    vertex 143.4184376122334 -187.4614208027903 82.39761806912327
    vertex 160.7076330498021 -179.8933161960155 65.66164380770998
    vertex 158.9842732389451 -169.8870907622329 91.44603465995287
  endloop
endfacet
facet normal 0.600377 -0.551803 0.578844
  outer loop
    vertex 140.7477008697627 -136.0752626274891 155.4786403360143
    vertex 148.3266293279457 -148.8233508021065 135.4652032377442
    vertex 160.4677027466241 -128.2399310424546 142.4943383487483
  endloop
endfacet
facet normal 0.0597452 -0.879802 0.47157
  outer loop
    vertex 26.15620913240724 -223.1995790325475 109.5344723980325
    vertex 17.33926801138426 -212.7749240817792 130.1006589792015
    vertex 1.425642112811337 -222.5942832605815 113.7969797678049
  endloop
endfacet
facet normal 0.524385 -0.842509 0.123286
  outer loop
    vertex 142.313024999317 -204.3769924424307 21.84142567989534
    vertex 129.722502177574 -208.6339984049029 46.302560818731
    vertex 120.5310697212357 -217.9332776139044 21.84828918509321
  endloop
endfacet
facet normal 0.90364 0.42739 0.0278103
  outer loop
    vertex 220.4803160870888 117.8491842064993 0
    vertex 225.3182206986898 106.2519186242531 21.0292465352802
    vertex 230.9698831278217 95.67085809127234 0
  endloop
endfacet
facet normal 0.847703 -0.00182132 0.530468
  outer loop
    vertex 216.758721190535 -11.93218585875786 123.989030678024
    vertex 214.024575453595 13.95730325984666 128.4471673008832
    vertex 203.5422085208218 -1.976070406097232 145.1435995702753
  endloop
endfacet
facet normal -0.350837 0.0756957 0.933372
  outer loop
    vertex -91.69382188717627 6.071206982621084 232.4981364946759
    vertex -75.0840311862224 21.14819500932862 237.518719491062
    vertex -93.54036300102817 30.55820635400535 229.8181814262351
  endloop
endfacet
facet normal -0.400397 0.356244 0.844259
  outer loop
    vertex -112.9282450097787 87.57756985753953 205.1277181096187
    vertex -94.09602693486079 78.21034513355094 218.0116502143057
    vertex -92.61387784494492 100.9840973792044 209.1049538079597
  endloop
endfacet
facet normal -0.425644 -0.513061 0.745383
  outer loop
    vertex -95.7487575751654 -137.8102293351383 185.3119427166225
    vertex -104.9068539640656 -116.6567730621972 194.642619408179
    vertex -118.1591474532787 -129.5385266977894 178.2082657288389
  endloop
endfacet
facet normal -0.697432 0.600069 0.391798
  outer loop
    vertex -182.3339245620085 138.5179710092858 100.3349971908429
    vertex -164.8218310070124 154.1016754643956 107.6403160649481
    vertex -175.1168096034839 156.6454578789582 85.41840270216197
  endloop
endfacet
facet normal -0.326451 -0.120032 0.937562
  outer loop
    vertex -85.02065389295741 -42.86228501918517 231.1586315380589
    vertex -68.66793069374573 -28.77454177055604 238.6561146087262
    vertex -88.84774487640588 -18.48149328782811 232.9474460822206
  endloop
endfacet
facet normal 0.95957 -0.100138 0.263054
  outer loop
    vertex 236.6704887207447 -18.84273854437853 78.30728556674674
    vertex 238.4593063652182 -39.21189209103898 64.02801516882822
    vertex 243.0949482109847 -14.53675979201724 56.51131540716313
  endloop
endfacet
facet normal -0.879418 0.472842 0.055182
  outer loop
    vertex -220.4803160870887 117.8491842064995 0
    vertex -224.5759211967546 107.7281174928894 21.45479713414425
    vertex -213.6569622436032 128.0610548893656 21.23837812683451
  endloop
endfacet
facet normal -0.978543 0.0490565 0.200116
  outer loop
    vertex -246.2679660348176 -0.1996667932897037 43.03543932906461
    vertex -241.3497355747609 12.24997492292548 64.0331418281244
    vertex -245.0540238264027 24.72842919683222 42.86059024262381
  endloop
endfacet
facet normal 0.884803 0.225352 0.407849
  outer loop
    vertex 214.3039649460814 60.57984057448409 113.5953059081175
    vertex 225.0635643217532 42.83473310555985 100.0578715272493
    vertex 223.4725386576726 65.21104178128533 91.14573218584896
  endloop
endfacet
facet normal 0.496726 0.824912 0.269783
  outer loop
    vertex 113.4886095498406 209.7543078708156 74.9897715163806
    vertex 135.3341386651968 198.6391156543604 68.75443726628075
    vertex 120.9377140174695 211.6563970897325 55.45844299312979
  endloop
endfacet
facet normal 0.300187 -0.517716 0.80116
  outer loop
    vertex 87.180782664887 -133.07325725988 192.8497325281618
    vertex 78.94011209817027 -116.7029486161982 206.5160538220051
    vertex 61.83900474364645 -135.8605631055016 200.5438727185931
  endloop
endfacet
facet normal 0.129619 -0.946257 0.296305
  outer loop
    vertex 34.86251480875804 -231.6080443927574 87.42035709016331
    vertex 18.60079650393683 -239.0876029189699 70.64791928910651
    vertex 43.12860213133141 -237.6652452491271 64.46049083640007
  endloop
endfacet
facet normal 0.288954 0.951148 0.108731
  outer loop
    vertex 60.52544654140838 241.631127205915 21.2383776725543
    vertex 71.11743763184801 236.1853092643358 40.72848821636099
    vertex 83.4534739536347 234.8161045036861 19.92271946256287
  endloop
endfacet
facet normal 0.523685 -0.53565 0.662444
  outer loop
    vertex 131.8634953860472 -122.1985209935145 173.7225951094776
    vertex 119.577479700498 -142.465752942181 167.0471058926027
    vertex 140.7477008697627 -136.0752626274891 155.4786403360143
  endloop
endfacet
facet normal 0.951762 -0.300852 0.0603048
  outer loop
    vertex 238.5348141000123 -74.84078074333935 -9.16535225830194e-15
    vertex 241.175412026779 -62.11076701309652 21.83284806795122
    vertex 233.1195224582606 -87.47492652893449 22.43714504098135
  endloop
endfacet
facet normal -0.748412 -0.57568 0.329351
  outer loop
    vertex -193.0366590901941 -143.5848816960618 67.97227372704351
    vertex -176.7187169756342 -155.2558976627764 84.65282813592944
    vertex -187.4562705806541 -135.2435675271565 95.23299881091665
  endloop
endfacet
facet normal 0.834554 -0.197172 0.514435
  outer loop
    vertex 214.1103314970779 -36.97572528298497 123.6509671859004
    vertex 200.7413043207854 -49.33247507999336 140.6031139131408
    vertex 209.920475196774 -61.44754758390491 121.0685466547127
  endloop
endfacet
facet normal 0.951801 0.0734364 0.297796
  outer loop
    vertex 233.0716234558256 20.53187560460539 88.06849847603205
    vertex 239.555198954852 4.144296671681412 71.38719394119929
    vertex 240.3214518288526 27.40779961049989 63.20136320826587
  endloop
endfacet
facet normal 0.758361 0.414867 0.502766
  outer loop
    vertex 198.1198858463913 100.0694429693398 115.0418072529241
    vertex 182.6956474147963 116.0305180474506 125.136802329805
    vertex 187.0368099033154 94.65954598021881 136.2233537100372
  endloop
endfacet
facet normal 0.968714 0.0533771 0.242372
  outer loop
    vertex 239.555198954852 4.144296671681412 71.38719394119929
    vertex 245.318592089407 8.38466262132275 47.41820123114889
    vertex 240.3214518288526 27.40779961049989 63.20136320826587
  endloop
endfacet
facet normal -0.403986 0.263312 0.876049
  outer loop
    vertex -94.37605054915768 54.73745350808478 224.9377075240901
    vertex -94.09602693486079 78.21034513355094 218.0116502143057
    vertex -113.8262962697398 64.24263936561265 213.1113736168327
  endloop
endfacet
facet normal -0.670409 -0.0531743 0.740084
  outer loop
    vertex -161.1368254861234 -25.49799199434518 189.4327740294981
    vertex -162.4465831430988 -0.7014030933910498 190.0279338908701
    vertex -177.9005451034499 -15.17115523882868 174.9892342420378
  endloop
endfacet
facet normal 0.290914 -0.696854 0.655564
  outer loop
    vertex 71.18445634096922 -183.9064395724861 153.6593461498915
    vertex 84.66102888876284 -166.811274301246 165.8508635898244
    vertex 61.17631243566202 -171.247095694318 171.5572528721399
  endloop
endfacet
facet normal 0.504518 0.480965 0.717032
  outer loop
    vertex 137.961033231479 118.2980129712365 171.6750810011747
    vertex 117.8927289274225 131.5497101541526 176.9066935545507
    vertex 121.7554716976965 110.3328963821941 188.4204264075088
  endloop
endfacet
facet normal 0.258948 -0.0493518 0.96463
  outer loop
    vertex 77.87249602345047 -8.43179439936095 237.4126770125904
    vertex 55.06379779032645 -2.287922115466319 243.8498381900214
    vertex 60.9865986896178 -26.03994678930223 241.0447177423347
  endloop
endfacet
facet normal 0.486194 0.563729 0.667702
  outer loop
    vertex 113.1973807781139 151.782222885081 163.2437128989606
    vertex 117.8927289274225 131.5497101541526 176.9066935545507
    vertex 133.3542892293259 139.0714917429222 159.2976890244789
  endloop
endfacet
facet normal -0.920723 0.146919 0.361502
  outer loop
    vertex -233.9351208614454 24.44258915368523 84.71669884388247
    vertex -224.870456600761 35.49404011445314 103.3123945348226
    vertex -230.322327291881 49.16899626571607 83.86915617241921
  endloop
endfacet
facet normal 0.527487 -0.847526 0.0588028
  outer loop
    vertex 142.313024999317 -204.3769924424307 21.84142567989534
    vertex 120.5310697212357 -217.9332776139044 21.84828918509321
    vertex 132.2410025817408 -212.1610643736877 -2.598223683889321e-14
  endloop
endfacet
facet normal -0.917699 -0.392631 0.0605769
  outer loop
    vertex -223.1934056155273 -110.6398258085658 21.0602145001647
    vertex -232.9339110436501 -87.25514488036673 25.06656693317042
    vertex -229.7394529050576 -98.58896377832987 -1.20736658922386e-14
  endloop
endfacet
facet normal 0.595523 0.151904 0.788845
  outer loop
    vertex 159.6633608045155 34.48205104491416 189.2580232707269
    vertex 143.0710991192426 50.45533876653163 198.7081261216219
    vertex 143.246189116021 26.79894954639368 203.1313506255177
  endloop
endfacet
facet normal 0.0635494 -0.200095 0.977713
  outer loop
    vertex 25.38944412252085 -60.10686167525829 241.3349152250887
    vertex 20.3887256233265 -36.71238461555858 246.4477646141186
    vertex 1.993174160580914 -52.93414071489401 244.3235641593774
  endloop
endfacet
facet normal 0.293151 -0.89464 0.337167
  outer loop
    vertex 86.12111996640661 -221.9529533010825 76.28918151782268
    vertex 74.35685005413833 -217.5532141043075 98.19194408357399
    vertex 59.14498485932356 -228.7096628161525 81.81540747629512
  endloop
endfacet
facet normal -0.920786 0.38579 0.0576048
  outer loop
    vertex -230.9698831278217 95.67085809127248 0
    vertex -234.4579820882028 84.23565919847816 20.82806650953983
    vertex -224.5759211967546 107.7281174928894 21.45479713414425
  endloop
endfacet
facet normal 0.443633 -0.418107 0.792702
  outer loop
    vertex 121.784799878522 -107.2792685009706 190.1568328208192
    vertex 111.9065244468656 -91.95984250093595 203.7653482646795
    vertex 100.3452157540632 -113.358557092838 198.948926132061
  endloop
endfacet
facet normal 0.687623 -0.723726 0.058273
  outer loop
    vertex 180.4487790330313 -171.6407052510662 21.85649666357414
    vertex 162.215828173169 -188.9588223643437 21.92232972960051
    vertex 172.2417297689218 -181.1981968072799 -2.219037917313075e-14
  endloop
endfacet
facet normal -0.978464 -0.0505331 0.200135
  outer loop
    vertex -245.0232991166775 -25.06040109432678 42.84342641491995
    vertex -241.3490964272635 -12.34438522358469 64.01741799850414
    vertex -246.2679660348176 -0.1996667932897037 43.03543932906461
  endloop
endfacet
facet normal 0.601252 -0.00406796 0.799049
  outer loop
    vertex 157.5698136057589 10.22108915939129 193.8228138704063
    vertex 138.4783776112535 0.9761728751274564 208.1412645793067
    vertex 155.0405915871215 -14.22953262462526 195.601470755207
  endloop
endfacet
facet normal -0.611392 -0.78923 0.0575801
  outer loop
    vertex -142.3173482615777 -204.4475021806204 21.14216724695076
    vertex -162.2471540283736 -188.9858872164555 21.45216638715931
    vertex -153.0264956369155 -197.6939342344248 -2.421052437710356e-14
  endloop
endfacet
facet normal 0.473479 0.674189 0.566822
  outer loop
    vertex 120.0774673433685 176.4016430819039 130.2453920659263
    vertex 106.5382092476797 170.1282831963329 149.0167011679092
    vertex 127.3727587144507 158.5013071274919 145.4424833958318
  endloop
endfacet
facet normal 0.618433 0.284947 0.732356
  outer loop
    vertex 159.312762788635 81.4851089598295 174.5841362508542
    vertex 143.2722260824343 73.86714159364399 191.0934709145459
    vertex 160.1778787210839 58.25846723814639 182.8906727077014
  endloop
endfacet
facet normal 0.969762 0.242913 0.0235797
  outer loop
    vertex 239.2350839330522 72.57116931361553 0
    vertex 241.6969413464097 60.85138299743668 19.48583411325923
    vertex 245.1963201008076 48.77258050403204 0
  endloop
endfacet
facet normal 0.972354 -0.00169654 0.233504
  outer loop
    vertex 239.555198954852 4.144296671681412 71.38719394119929
    vertex 243.0949482109847 -14.53675979201724 56.51131540716313
    vertex 245.318592089407 8.38466262132275 47.41820123114889
  endloop
endfacet
facet normal -0.516121 -0.717683 0.467494
  outer loop
    vertex -117.438366797547 -187.7697827972144 115.9773196457467
    vertex -130.5412167425145 -170.5251606485965 127.9850003600197
    vertex -138.791142638905 -178.6302946040475 106.434188936912
  endloop
endfacet
facet normal 0.98258 -0.0221213 0.184519
  outer loop
    vertex 243.0949482109847 -14.53675979201724 56.51131540716313
    vertex 247.418618768377 -11.8832113697828 33.80556720851763
    vertex 245.318592089407 8.38466262132275 47.41820123114889
  endloop
endfacet
facet normal -0.282572 0.835803 0.47073
  outer loop
    vertex -81.20451213389387 201.6383984121292 123.4819156592889
    vertex -58.05723644800637 209.1595770790188 124.0226939400458
    vertex -71.52797080402731 215.2575837963396 105.1090957568376
  endloop
endfacet
facet normal 0.29069 0.370958 0.881981
  outer loop
    vertex 64.42357381028607 103.6135595348657 218.2059426734879
    vertex 67.06272586913785 81.64493281490901 226.5760264119968
    vertex 85.78762590948315 91.54489436218888 216.2406427039798
  endloop
endfacet
facet normal 0.525118 -0.288547 0.800619
  outer loop
    vertex 139.9190861887598 -61.65313255010285 197.7916594977196
    vertex 120.2238627883247 -69.38627362996287 207.9225044289386
    vertex 131.5638213422699 -84.8818356112894 194.9000638714039
  endloop
endfacet
facet normal -0.988774 0.146671 0.0285192
  outer loop
    vertex -248.7961816680492 24.50428508239021 0
    vertex -246.3832608636609 36.62991465169773 21.29643441514458
    vertex -245.1963201008076 48.77258050403215 0
  endloop
endfacet
facet normal 0.545277 0.344786 0.764065
  outer loop
    vertex 124.3003837385903 87.916302812284 198.2930616593984
    vertex 143.2722260824343 73.86714159364399 191.0934709145459
    vertex 141.1487413114793 96.37818240183914 182.4507571458746
  endloop
endfacet
facet normal -0.133319 0.840481 0.525183
  outer loop
    vertex -21.23837812238537 213.6569622445079 128.0610548885942
    vertex -38.96466065072165 215.3725802562128 120.8155904432672
    vertex -40.71973225572508 203.3601750915582 139.594206870317
  endloop
endfacet
facet normal 0.966694 0.147148 0.209403
  outer loop
    vertex 244.8316550673357 32.05233952238139 39.11659760422857
    vertex 238.718916604669 50.76710550652472 54.18468283179738
    vertex 240.3214518288526 27.40779961049989 63.20136320826587
  endloop
endfacet
facet normal -0.692306 0.571359 0.440751
  outer loop
    vertex -171.10165050798 135.3516688680325 122.082557837242
    vertex -164.8218310070124 154.1016754643956 107.6403160649481
    vertex -182.3339245620085 138.5179710092858 100.3349971908429
  endloop
endfacet
facet normal -0.955344 0.290005 0.0567029
  outer loop
    vertex -241.631127168343 60.52544653199698 21.23837812683443
    vertex -234.4579820882028 84.23565919847816 20.82806650953983
    vertex -239.2350839330522 72.5711693136156 0
  endloop
endfacet
facet normal 0.0565904 0.0978601 0.99359
  outer loop
    vertex -6.001620636081274e-15 24.50428506004543 248.796181234648
    vertex 21.23837813191896 12.22257262882971 248.7961816681651
    vertex 21.23837813219939 36.55000790818222 246.4001384257434
  endloop
endfacet
facet normal 0.548833 -0.631239 0.548014
  outer loop
    vertex 148.3266293279457 -148.8233508021065 135.4652032377442
    vertex 127.8441701464967 -155.9607784907049 147.7569075614635
    vertex 134.5687109541652 -167.9753243595662 127.1831452608122
  endloop
endfacet
facet normal 0.548308 0.157621 0.821288
  outer loop
    vertex 143.0710991192426 50.45533876653163 198.7081261216219
    vertex 125.0317243424625 42.08531555524861 212.3579386850551
    vertex 143.246189116021 26.79894954639368 203.1313506255177
  endloop
endfacet
facet normal -0.546348 0.71427 0.437403
  outer loop
    vertex -125.4267232174459 181.4005016907399 117.7369741809348
    vertex -138.0222150400394 184.7199416796045 96.58370101277252
    vertex -145.9094299268081 168.5095946678198 113.2031570377829
  endloop
endfacet
facet normal 0.0941857 -0.711112 0.696741
  outer loop
    vertex 11.90355321158347 -172.4300607534362 180.6271839162237
    vertex 22.39720610327477 -187.5623926850764 163.7642024650584
    vertex 36.63002434485729 -172.6554573458084 177.0546084269057
  endloop
endfacet
facet normal 0.136461 -0.767097 0.626849
  outer loop
    vertex 46.94299397120687 -186.3166665875372 159.9451626924919
    vertex 22.39720610327477 -187.5623926850764 163.7642024650584
    vertex 32.33657970164043 -200.6282276385432 145.6113315913853
  endloop
endfacet
facet normal -0.871615 -0.486935 0.0564056
  outer loop
    vertex -218.5866540361455 -121.3254906327704 -1.485808737584044e-14
    vertex -211.3532852003243 -131.7748316058374 21.56809194814439
    vertex -223.1934056155273 -110.6398258085658 21.0602145001647
  endloop
endfacet
facet normal 0.113534 0.0973834 0.98875
  outer loop
    vertex 21.23837813191896 12.22257262882971 248.7961816681651
    vertex 42.4046882469021 24.14921202209591 245.1910642201198
    vertex 21.23837813219939 36.55000790818222 246.4001384257434
  endloop
endfacet
facet normal 0.174816 -0.816542 0.55018
  outer loop
    vertex 56.75028088403534 -198.8626321889014 140.4744074146063
    vertex 32.33657970164043 -200.6282276385432 145.6113315913853
    vertex 41.71064985674228 -212.0347931801778 125.7038908290729
  endloop
endfacet
facet normal -0.683216 -0.719727 0.123328
  outer loop
    vertex -180.5001981674615 -171.5782325861846 21.92233026181899
    vertex -162.2471540283736 -188.9858872164555 21.45216638715931
    vertex -169.2894975881789 -178.0535838161827 46.23837471792882
  endloop
endfacet
facet normal -0.629009 0.775128 0.0593651
  outer loop
    vertex -158.5983210409113 193.2526133406843 0
    vertex -165.0479106090491 186.1061586483467 24.97368448474819
    vertex -145.8341698510901 202.1095951862828 19.59863356155958
  endloop
endfacet
facet normal -0.437959 0.673066 0.595965
  outer loop
    vertex -111.813240066383 176.2567929698478 137.5912143919139
    vertex -118.7815966294993 158.3210127996621 152.7265176982575
    vertex -97.25449945639579 169.5034427908201 155.9171100859206
  endloop
endfacet
facet normal -0.770733 0.634766 0.0551659
  outer loop
    vertex -193.2526133406842 158.5983210409115 0
    vertex -199.9849932680011 148.6946144141279 19.89759060367312
    vertex -184.5138452326153 167.4095265952199 20.70486229461206
  endloop
endfacet
facet normal 0.778782 -0.244763 0.577572
  outer loop
    vertex 200.7413043207854 -49.33247507999336 140.6031139131408
    vertex 186.2504207648262 -60.65434792488426 155.3442333745681
    vertex 195.4231848311449 -73.24830224219049 137.6388936641416
  endloop
endfacet
facet normal 0.989282 0.099743 0.106642
  outer loop
    vertex 248.8028529711685 11.34893064237214 21.64121361388349
    vertex 246.6554813855485 36.5878844130718 17.95550658263547
    vertex 244.8316550673357 32.05233952238139 39.11659760422857
  endloop
endfacet
facet normal 0.318973 0.837041 0.444543
  outer loop
    vertex 68.0416945130272 209.6980848182847 117.8857117353046
    vertex 90.38957302484192 202.3219404209936 115.7391788145686
    vertex 78.98348346581173 215.4748894479732 99.15735654498658
  endloop
endfacet
facet normal -0.815444 -0.567139 0.115779
  outer loop
    vertex -202.5920895121193 -139.9378022203686 43.28806737250364
    vertex -211.3532852003243 -131.7748316058374 21.56809194814439
    vertex -196.9925470204902 -152.3795598355834 21.78086689491086
  endloop
endfacet
facet normal -0.993347 -0.000952425 0.115154
  outer loop
    vertex -248.7445433374139 -12.68668396502323 21.56850040760912
    vertex -246.2679660348176 -0.1996667932897037 43.03543932906461
    vertex -248.7665151084009 12.21926494316698 21.58496062239764
  endloop
endfacet
facet normal -0.988363 -0.0505909 0.143453
  outer loop
    vertex -248.7445433374139 -12.68668396502323 21.56850040760912
    vertex -245.0232991166775 -25.06040109432678 42.84342641491995
    vertex -246.2679660348176 -0.1996667932897037 43.03543932906461
  endloop
endfacet
facet normal 0.117649 -0.962317 0.245161
  outer loop
    vertex 43.12860213133141 -237.6652452491271 64.46049083640007
    vertex 18.60079650393683 -239.0876029189699 70.64791928910651
    vertex 24.70451104744802 -244.0697704179757 48.16258197006404
  endloop
endfacet
facet normal -0.430551 0.87494 0.221601
  outer loop
    vertex -118.5344527569986 211.5648732285384 60.74444769187821
    vertex -96.39368921513336 221.8057399847153 63.32827480145939
    vertex -107.0917803451742 222.0186258542669 41.70228238698682
  endloop
endfacet
facet normal 0.827246 0.260401 0.497851
  outer loop
    vertex 201.7181689500376 78.05862208138747 125.3659915375746
    vertex 203.6092353671195 55.47063510261771 134.0383822437782
    vertex 214.3039649460814 60.57984057448409 113.5953059081175
  endloop
endfacet
facet normal 0.0857508 -0.938218 0.335252
  outer loop
    vertex 10.2208402591354 -232.1524966580867 92.19952667890576
    vertex 18.60079650393683 -239.0876029189699 70.64791928910651
    vertex 34.86251480875804 -231.6080443927574 87.42035709016331
  endloop
endfacet
facet normal 0.699335 0.706944 0.105644
  outer loop
    vertex 183.5792434489814 168.5840103447956 19.44460929834973
    vertex 167.0648311981345 185.0553905205452 18.54304764668739
    vertex 171.3216595793192 177.6734574917956 39.76218633197831
  endloop
endfacet
facet normal -0.429841 0.859658 0.27609
  outer loop
    vertex -107.1329110439746 210.2879849520085 82.47122380605056
    vertex -96.39368921513336 221.8057399847153 63.32827480145939
    vertex -118.5344527569986 211.5648732285384 60.74444769187821
  endloop
endfacet
facet normal -0.993587 0.0976788 0.0569592
  outer loop
    vertex -248.7665151084009 12.21926494316698 21.58496062239764
    vertex -246.3832608636609 36.62991465169773 21.29643441514458
    vertex -248.7961816680492 24.50428508239021 0
  endloop
endfacet
facet normal 0.607919 -0.785355 0.116842
  outer loop
    vertex 142.313024999317 -204.3769924424307 21.84142567989534
    vertex 162.215828173169 -188.9588223643437 21.92232972960051
    vertex 151.549007808067 -193.9925738391019 43.58646037098069
  endloop
endfacet
facet normal -0.485448 0.666276 0.566054
  outer loop
    vertex -132.9165242518388 164.2000970166538 133.6844258712728
    vertex -118.7815966294993 158.3210127996621 152.7265176982575
    vertex -111.813240066383 176.2567929698478 137.5912143919139
  endloop
endfacet
facet normal -0.426743 0.638883 0.640093
  outer loop
    vertex -118.7815966294993 158.3210127996621 152.7265176982575
    vertex -103.7414773662005 150.5814825201215 170.4785118304369
    vertex -97.25449945639579 169.5034427908201 155.9171100859206
  endloop
endfacet
facet normal 0.360929 0.835454 0.414424
  outer loop
    vertex 78.98348346581173 215.4748894479732 99.15735654498658
    vertex 90.38957302484192 202.3219404209936 115.7391788145686
    vertex 101.8469687327349 206.9494782499135 96.43188483091012
  endloop
endfacet
facet normal -0.894098 0.095068 0.437665
  outer loop
    vertex -217.4562596124625 22.85767515173993 121.2035554017077
    vertex -224.870456600761 35.49404011445314 103.3123945348226
    vertex -226.6080778033293 11.6391305705874 104.9443172060358
  endloop
endfacet
facet normal 0.693282 0.477558 0.539721
  outer loop
    vertex 182.6956474147963 116.0305180474506 125.136802329805
    vertex 165.7491270822285 131.0525463341343 133.6130868246777
    vertex 170.9705965435652 110.2981207481355 145.2700233254169
  endloop
endfacet
facet normal 0.809535 -0.246078 0.53301
  outer loop
    vertex 209.920475196774 -61.44754758390491 121.0685466547127
    vertex 200.7413043207854 -49.33247507999336 140.6031139131408
    vertex 195.4231848311449 -73.24830224219049 137.6388936641416
  endloop
endfacet
facet normal -0.384796 0.870201 0.307704
  outer loop
    vertex -84.4673282324591 219.4955052607752 84.77613833849129
    vertex -96.39368921513336 221.8057399847153 63.32827480145939
    vertex -107.1329110439746 210.2879849520085 82.47122380605056
  endloop
endfacet
facet normal -0.489674 -0.0413279 0.870925
  outer loop
    vertex -129.8057605781125 1.245509071666012 213.6560629326726
    vertex -127.3540430299475 -23.21518148576977 213.8738017441806
    vertex -109.858704878965 -8.613776422452048 224.4033596407605
  endloop
endfacet
facet normal -0.339926 0.896057 0.285538
  outer loop
    vertex -73.59508649682817 229.8175770457651 65.3272112089456
    vertex -96.39368921513336 221.8057399847153 63.32827480145939
    vertex -84.4673282324591 219.4955052607752 84.77613833849129
  endloop
endfacet
facet normal -0.0834319 -0.519176 0.850585
  outer loop
    vertex -7.145313015028456 -135.3313329978243 210.0818288452127
    vertex -20.74712935001588 -116.7579644724892 220.0843800817647
    vertex -34.1729444919735 -134.7373192373729 207.7933220040403
  endloop
endfacet
facet normal -0.915704 0.0934385 0.390839
  outer loop
    vertex -226.6080778033293 11.6391305705874 104.9443172060358
    vertex -224.870456600761 35.49404011445314 103.3123945348226
    vertex -233.9351208614454 24.44258915368523 84.71669884388247
  endloop
endfacet
facet normal 0.750504 -0.433069 0.499194
  outer loop
    vertex 195.1250581418086 -108.431225414563 112.5561239571266
    vertex 188.0830896942548 -96.7130206592069 133.3092007553669
    vertex 178.6704983822382 -118.9792592039984 128.1436260104668
  endloop
endfacet
facet normal -0.652618 0.587305 0.47871
  outer loop
    vertex -152.7377633386388 150.4878945745886 128.54792583631
    vertex -164.8218310070124 154.1016754643956 107.6403160649481
    vertex -171.10165050798 135.3516688680325 122.082557837242
  endloop
endfacet
facet normal -0.979198 0.194872 0.0565358
  outer loop
    vertex -245.1963201008076 48.77258050403215 0
    vertex -246.3832608636609 36.62991465169773 21.29643441514458
    vertex -241.631127168343 60.52544653199698 21.23837812683443
  endloop
endfacet
facet normal -0.459575 -0.0867433 0.883893
  outer loop
    vertex -109.858704878965 -8.613776422452048 224.4033596407605
    vertex -127.3540430299475 -23.21518148576977 213.8738017441806
    vertex -106.5403823421217 -33.11604237215816 223.724103904787
  endloop
endfacet
facet normal 0.941194 0.336765 0.0272641
  outer loop
    vertex 230.9698831278217 95.67085809127234 0
    vertex 234.4975973814393 84.12535417471274 20.82790453481872
    vertex 239.2350839330522 72.57116931361553 0
  endloop
endfacet
facet normal -0.0818875 -0.566317 0.82011
  outer loop
    vertex -7.145313015028456 -135.3313329978243 210.0818288452127
    vertex -34.1729444919735 -134.7373192373729 207.7933220040403
    vertex -23.77769069513066 -153.6466027668937 195.7737032479058
  endloop
endfacet
facet normal -0.540864 -0.194527 0.818306
  outer loop
    vertex -123.2778057178954 -47.36620614087674 212.271112337974
    vertex -142.842944194699 -36.90153650483351 201.827079197447
    vertex -138.8898829082779 -61.08888972821217 198.6900802191674
  endloop
endfacet
facet normal -0.0563614 0.979304 0.194389
  outer loop
    vertex -21.23837813222485 246.4001384257437 36.5500079081658
    vertex -20.88934536120232 241.6597555487125 60.53261764137528
    vertex -6.005379423862043e-14 245.1963198262604 48.77258050384027
  endloop
endfacet
facet normal -0.0563615 0.955303 0.290205
  outer loop
    vertex -5.859376079650715e-14 239.2350840481017 72.57116940150475
    vertex -20.88934536120232 241.6597555487125 60.53261764137528
    vertex -21.23837811379906 234.5350760475445 83.9179921022173
  endloop
endfacet
facet normal -0.892572 -0.107328 0.437945
  outer loop
    vertex -226.6815862951203 -13.38904457127754 104.5762493121468
    vertex -225.2653659109698 -38.85449640920308 101.2217517620799
    vertex -216.3266228653626 -26.19201150718974 122.5429344061682
  endloop
endfacet
facet normal -0.287975 -0.167521 0.942872
  outer loop
    vertex -62.66123391179658 -52.07593709248957 236.3507278190405
    vertex -68.66793069374573 -28.77454177055604 238.6561146087262
    vertex -85.02065389295741 -42.86228501918517 231.1586315380589
  endloop
endfacet
facet normal -0.510586 0.591658 0.623893
  outer loop
    vertex -124.2946675287922 139.1296022261789 166.4145108104827
    vertex -118.7815966294993 158.3210127996621 152.7265176982575
    vertex -139.1246706227111 145.4991742978452 148.237364732268
  endloop
endfacet
facet normal 0.407753 0.803109 0.434458
  outer loop
    vertex 101.8469687327349 206.9494782499135 96.43188483091012
    vertex 90.38957302484192 202.3219404209936 115.7391788145686
    vertex 111.5413598201047 192.6018380934639 113.855421533193
  endloop
endfacet
facet normal 0.922419 0.382166 0.0556117
  outer loop
    vertex 225.3182206986898 106.2519186242531 21.0292465352802
    vertex 234.4975973814393 84.12535417471274 20.82790453481872
    vertex 230.9698831278217 95.67085809127234 0
  endloop
endfacet
facet normal -0.522002 0.624983 0.58044
  outer loop
    vertex -139.1246706227111 145.4991742978452 148.237364732268
    vertex -118.7815966294993 158.3210127996621 152.7265176982575
    vertex -132.9165242518388 164.2000970166538 133.6844258712728
  endloop
endfacet
facet normal -0.988076 -0.151368 0.0281818
  outer loop
    vertex -244.8824853131236 -50.32463002216506 -6.162989707491924e-15
    vertex -246.1851693688297 -37.81573679229327 21.51354070571868
    vertex -248.7173308479738 -25.29208049685819 -3.097386542425458e-15
  endloop
endfacet
facet normal 0.245675 -0.891993 0.379464
  outer loop
    vertex 59.14498485932356 -228.7096628161525 81.81540747629512
    vertex 74.35685005413833 -217.5532141043075 98.19194408357399
    vertex 50.60403438255631 -221.4990976337355 104.2946856347434
  endloop
endfacet
facet normal -0.467018 -0.472831 0.747212
  outer loop
    vertex -118.1591474532787 -129.5385266977894 178.2082657288389
    vertex -104.9068539640656 -116.6567730621972 194.642619408179
    vertex -126.4440946233739 -107.7035176579171 186.8471118829135
  endloop
endfacet
facet normal -0.618701 0.631897 0.466814
  outer loop
    vertex -145.9094299268081 168.5095946678198 113.2031570377829
    vertex -164.8218310070124 154.1016754643956 107.6403160649481
    vertex -152.7377633386388 150.4878945745886 128.54792583631
  endloop
endfacet
facet normal 0.400439 0.777374 0.485116
  outer loop
    vertex 111.5413598201047 192.6018380934639 113.855421533193
    vertex 90.38957302484192 202.3219404209936 115.7391788145686
    vertex 99.12306694876723 187.1036147682789 132.9167218197684
  endloop
endfacet
facet normal -0.840981 -0.356475 0.407034
  outer loop
    vertex -202.9319659874452 -92.06925225906861 113.3219747839154
    vertex -216.1385191062202 -76.61334871741359 99.57175983618079
    vertex -210.6662894594828 -98.68381736009647 91.54899604371714
  endloop
endfacet
facet normal -0.80112 0.373897 0.467342
  outer loop
    vertex -191.5639959673796 98.1634939448718 127.1501628215429
    vertex -202.4718590907523 101.8772892505253 105.4806342951129
    vertex -205.6178587902499 80.22552960547293 117.4102233454746
  endloop
endfacet
facet normal -0.875963 -0.152315 0.4577
  outer loop
    vertex -216.3266228653626 -26.19201150718974 122.5429344061682
    vertex -225.2653659109698 -38.85449640920308 101.2217517620799
    vertex -212.7820712389899 -49.17556285567915 121.6780759918259
  endloop
endfacet
facet normal 0.114268 -0.865503 0.487697
  outer loop
    vertex 41.71064985674228 -212.0347931801778 125.7038908290729
    vertex 17.33926801138426 -212.7749240817792 130.1006589792015
    vertex 26.15620913240724 -223.1995790325475 109.5344723980325
  endloop
endfacet
facet normal -0.508109 0.751667 0.420502
  outer loop
    vertex -116.8010738851636 196.8116112932345 100.6116235801476
    vertex -138.0222150400394 184.7199416796045 96.58370101277252
    vertex -125.4267232174459 181.4005016907399 117.7369741809348
  endloop
endfacet
facet normal -0.112034 -0.924766 0.363669
  outer loop
    vertex -39.15128055043775 -226.3234771050661 98.71606223069044
    vertex -30.32343894067812 -235.7703514644315 77.41337365823419
    vertex -14.52854691818886 -230.3577528372537 96.04283956764678
  endloop
endfacet
facet normal 0.718909 -0.383951 0.57944
  outer loop
    vertex 178.9929639799619 -84.20052849171259 152.8783498320948
    vertex 170.9743063075311 -106.8729073343115 147.8038167997369
    vertex 188.0830896942548 -96.7130206592069 133.3092007553669
  endloop
endfacet
facet normal 0.0291021 0.96962 0.242877
  outer loop
    vertex -5.859376079650715e-14 239.2350840481017 72.57116940150475
    vertex 21.50930703373104 241.709451636074 60.11564439242996
    vertex -6.005379423862043e-14 245.1963198262604 48.77258050384027
  endloop
endfacet
facet normal -0.47657 -0.138053 0.86823
  outer loop
    vertex -106.5403823421217 -33.11604237215816 223.724103904787
    vertex -127.3540430299475 -23.21518148576977 213.8738017441806
    vertex -123.2778057178954 -47.36620614087674 212.271112337974
  endloop
endfacet
facet normal 0.998361 0.0490463 0.0295067
  outer loop
    vertex 248.7961816680492 24.50428508239013 0
    vertex 248.8028529711685 11.34893064237214 21.64121361388349
    vertex 250 1.530808498934192e-14 0
  endloop
endfacet
facet normal -0.323271 0.132695 0.936957
  outer loop
    vertex -93.54036300102817 30.55820635400535 229.8181814262351
    vertex -75.0840311862224 21.14819500932862 237.518719491062
    vertex -75.97521078502496 45.9994891443046 233.6917079073069
  endloop
endfacet
facet normal 0.119295 -0.187581 0.974978
  outer loop
    vertex 43.43660087896721 -43.32008413667825 242.3564152533876
    vertex 20.3887256233265 -36.71238461555858 246.4477646141186
    vertex 25.38944412252085 -60.10686167525829 241.3349152250887
  endloop
endfacet
facet normal 0.883037 -0.370211 0.288426
  outer loop
    vertex 227.1580210879825 -81.93710701083714 64.69578000214781
    vertex 219.8181021307217 -84.40847765888613 83.9953026957873
    vertex 214.8420115911169 -105.7242562808625 71.8699637494058
  endloop
endfacet
facet normal 0.273099 0.00597437 0.961967
  outer loop
    vertex 71.24726126724863 15.25816976637728 239.1464321651001
    vertex 55.06379779032645 -2.287922115466319 243.8498381900214
    vertex 77.87249602345047 -8.43179439936095 237.4126770125904
  endloop
endfacet
facet normal -0.166057 -0.925119 0.341438
  outer loop
    vertex -54.4975870529677 -230.8259499684384 79.0531076338698
    vertex -30.32343894067812 -235.7703514644315 77.41337365823419
    vertex -39.15128055043775 -226.3234771050661 98.71606223069044
  endloop
endfacet
facet normal -0.555109 0.761334 0.334998
  outer loop
    vertex -149.149415930384 185.9312715564921 75.39240004809041
    vertex -138.0222150400394 184.7199416796045 96.58370101277252
    vertex -128.7701811452852 199.0846442532883 79.26881398350848
  endloop
endfacet
facet normal -0.916293 -0.101977 0.387308
  outer loop
    vertex -234.4520948880925 -24.1937560598735 83.34792961016012
    vertex -225.2653659109698 -38.85449640920308 101.2217517620799
    vertex -226.6815862951203 -13.38904457127754 104.5762493121468
  endloop
endfacet
facet normal -0.347592 0.361053 0.865344
  outer loop
    vertex -92.61387784494492 100.9840973792044 209.1049538079597
    vertex -94.09602693486079 78.21034513355094 218.0116502143057
    vertex -73.55842396300783 90.86126321104844 220.982780124993
  endloop
endfacet
facet normal -0.785471 0.457852 0.416422
  outer loop
    vertex -198.1579184542051 121.4831213350074 92.06134142299071
    vertex -202.4718590907523 101.8772892505253 105.4806342951129
    vertex -187.8301571207536 118.9463743419644 114.3310636130631
  endloop
endfacet
facet normal -0.643944 -0.521624 0.559682
  outer loop
    vertex -151.0187431856193 -130.8186520597446 150.2658293821568
    vertex -169.9925480882488 -119.2277701291755 139.2381859422512
    vertex -161.2617907148546 -140.375863157701 129.5733456316107
  endloop
endfacet
facet normal -0.238949 -0.156414 0.958352
  outer loop
    vertex -46.40880992578559 -38.44868856866463 242.6271227802493
    vertex -68.66793069374573 -28.77454177055604 238.6561146087262
    vertex -62.66123391179658 -52.07593709248957 236.3507278190405
  endloop
endfacet
facet normal -0.816884 0.437234 0.3762
  outer loop
    vertex -211.3097905874677 104.4183632997456 83.33653345131945
    vertex -202.4718590907523 101.8772892505253 105.4806342951129
    vertex -198.1579184542051 121.4831213350074 92.06134142299071
  endloop
endfacet
facet normal -0.238686 0.861679 0.447815
  outer loop
    vertex -71.52797080402731 215.2575837963396 105.1090957568376
    vertex -58.05723644800637 209.1595770790188 124.0226939400458
    vertex -48.96395547690973 221.2083639525881 105.6853385360265
  endloop
endfacet
facet normal -0.173127 -0.941904 0.287826
  outer loop
    vertex -45.98700402908385 -238.662082638292 58.52867477725865
    vertex -30.32343894067812 -235.7703514644315 77.41337365823419
    vertex -54.4975870529677 -230.8259499684384 79.0531076338698
  endloop
endfacet
facet normal -0.352582 0.268696 0.896375
  outer loop
    vertex -94.37605054915768 54.73745350808478 224.9377075240901
    vertex -74.99396036032408 69.23390357170909 228.2160653978975
    vertex -94.09602693486079 78.21034513355094 218.0116502143057
  endloop
endfacet
facet normal -0.988538 0.0978714 0.114951
  outer loop
    vertex -245.0540238264027 24.72842919683222 42.86059024262381
    vertex -246.3832608636609 36.62991465169773 21.29643441514458
    vertex -248.7665151084009 12.21926494316698 21.58496062239764
  endloop
endfacet
facet normal -0.388979 0.898991 0.201273
  outer loop
    vertex -96.39368921513336 221.8057399847153 63.32827480145939
    vertex -85.32475731254651 230.1261661468029 47.55663407064371
    vertex -107.0917803451742 222.0186258542669 41.70228238698682
  endloop
endfacet
facet normal 0.463092 0.641971 0.61108
  outer loop
    vertex 127.3727587144507 158.5013071274919 145.4424833958318
    vertex 106.5382092476797 170.1282831963329 149.0167011679092
    vertex 113.1973807781139 151.782222885081 163.2437128989606
  endloop
endfacet
facet normal 0.59617 0.243688 0.764982
  outer loop
    vertex 160.1778787210839 58.25846723814639 182.8906727077014
    vertex 143.2722260824343 73.86714159364399 191.0934709145459
    vertex 143.0710991192426 50.45533876653163 198.7081261216219
  endloop
endfacet
facet normal -0.0682725 -0.941053 0.331298
  outer loop
    vertex -14.52854691818886 -230.3577528372537 96.04283956764678
    vertex -30.32343894067812 -235.7703514644315 77.41337365823419
    vertex -5.585549470225423 -238.4584234656151 74.87577655963958
  endloop
endfacet
facet normal -0.56183 -0.680161 0.47088
  outer loop
    vertex -138.791142638905 -178.6302946040475 106.434188936912
    vertex -130.5412167425145 -170.5251606485965 127.9850003600197
    vertex -150.8976132712689 -160.3224023108612 118.4341066851477
  endloop
endfacet
facet normal -0.776813 0.425759 0.463995
  outer loop
    vertex -187.8301571207536 118.9463743419644 114.3310636130631
    vertex -202.4718590907523 101.8772892505253 105.4806342951129
    vertex -191.5639959673796 98.1634939448718 127.1501628215429
  endloop
endfacet
facet normal 0.500357 0.806025 0.316173
  outer loop
    vertex 123.7338741637739 196.38369856952 92.86210917580584
    vertex 135.3341386651968 198.6391156543604 68.75443726628075
    vertex 113.4886095498406 209.7543078708156 74.9897715163806
  endloop
endfacet
facet normal -0.397694 0.567224 0.721178
  outer loop
    vertex -86.65423650739567 143.6578612781056 185.3468699177866
    vertex -103.7414773662005 150.5814825201215 170.4785118304369
    vertex -107.7616481438705 131.2119641592036 183.4961788452297
  endloop
endfacet
facet normal -0.511975 0.775376 0.369695
  outer loop
    vertex -128.7701811452852 199.0846442532883 79.26881398350848
    vertex -138.0222150400394 184.7199416796045 96.58370101277252
    vertex -116.8010738851636 196.8116112932345 100.6116235801476
  endloop
endfacet
facet normal -0.819303 -0.570425 0.0579501
  outer loop
    vertex -196.9925470204902 -152.3795598355834 21.78086689491086
    vertex -211.3532852003243 -131.7748316058374 21.56809194814439
    vertex -205.1908603018189 -142.8170537736983 -1.74900447767615e-14
  endloop
endfacet
facet normal -0.5893 0.700108 0.403206
  outer loop
    vertex -138.0222150400394 184.7199416796045 96.58370101277252
    vertex -157.5718562053679 170.8510340469246 92.09253116888182
    vertex -145.9094299268081 168.5095946678198 113.2031570377829
  endloop
endfacet
facet normal -0.459346 -0.426604 0.779108
  outer loop
    vertex -104.9068539640656 -116.6567730621972 194.642619408179
    vertex -112.6611199701675 -94.77419308387773 202.0527762055434
    vertex -126.4440946233739 -107.7035176579171 186.8471118829135
  endloop
endfacet
facet normal 0.321478 0.321714 0.890591
  outer loop
    vertex 85.78762590948315 91.54489436218888 216.2406427039798
    vertex 67.06272586913785 81.64493281490901 226.5760264119968
    vertex 87.66115334351957 68.62235398338923 223.8448005388161
  endloop
endfacet
facet normal 0.136147 -0.132979 0.981723
  outer loop
    vertex 37.76954974393701 -19.65970883709835 246.3472284410377
    vertex 20.3887256233265 -36.71238461555858 246.4477646141186
    vertex 43.43660087896721 -43.32008413667825 242.3564152533876
  endloop
endfacet
facet normal 0.918078 0.37984 0.113375
  outer loop
    vertex 226.946380772234 96.00894892463693 42.16185456986729
    vertex 234.4975973814393 84.12535417471274 20.82790453481872
    vertex 225.3182206986898 106.2519186242531 21.0292465352802
  endloop
endfacet
facet normal -0.848304 -0.528752 0.0283283
  outer loop
    vertex -205.1908603018189 -142.8170537736983 -1.74900447767615e-14
    vertex -211.3532852003243 -131.7748316058374 21.56809194814439
    vertex -218.5866540361455 -121.3254906327704 -1.485808737584044e-14
  endloop
endfacet
facet normal 0.483948 -0.327742 0.811406
  outer loop
    vertex 131.5638213422699 -84.8818356112894 194.9000638714039
    vertex 120.2238627883247 -69.38627362996287 207.9225044289386
    vertex 111.9065244468656 -91.95984250093595 203.7653482646795
  endloop
endfacet
facet normal -0.766535 0.586763 0.261023
  outer loop
    vertex -191.7332626164261 140.4101301680673 77.61025288353973
    vertex -183.8986067742531 157.6673506270537 61.82482489044613
    vertex -199.2236845106378 140.4762187748527 55.46490321568767
  endloop
endfacet
facet normal 0.951299 0.165622 0.26
  outer loop
    vertex 240.3214518288526 27.40779961049989 63.20136320826587
    vertex 238.718916604669 50.76710550652472 54.18468283179738
    vertex 233.0627573582968 46.85981020753692 77.36865851144962
  endloop
endfacet
facet normal -0.0589698 0.920676 0.385847
  outer loop
    vertex -21.23837811379906 234.5350760475445 83.9179921022173
    vertex -24.62435705064624 224.9941698132764 106.1662120915918
    vertex -5.656943732860132e-14 230.9698833099735 95.6708581931279
  endloop
endfacet
facet normal -0.0594032 0.882665 0.466233
  outer loop
    vertex -5.400031920282666e-14 220.4803161206655 117.8491842314701
    vertex -24.62435705064624 224.9941698132764 106.1662120915918
    vertex -21.23837812238537 213.6569622445079 128.0610548885942
  endloop
endfacet
facet normal 0.404105 0.612756 0.679139
  outer loop
    vertex 113.1973807781139 151.782222885081 163.2437128989606
    vertex 92.65281848074704 163.2436928138917 165.1270782883822
    vertex 97.59862271076472 143.9607589886325 179.5823173822486
  endloop
endfacet
facet normal -0.854563 0.464503 0.232293
  outer loop
    vertex -206.5913073646988 122.7549058343864 68.92941908166243
    vertex -214.3330046360868 120.8166506406656 44.32493713067799
    vertex -218.9302795375062 103.3010477342361 62.43737853752747
  endloop
endfacet
facet normal -0.595085 -0.435995 0.675116
  outer loop
    vertex -146.9718036546857 -97.50416452942152 177.1785168408066
    vertex -159.3359609259612 -108.6627465333094 159.073753559908
    vertex -139.6082054935382 -120.0367688647755 169.1174830683643
  endloop
endfacet
facet normal -0.0274258 0.969666 0.242889
  outer loop
    vertex -6.005379423862043e-14 245.1963198262604 48.77258050384027
    vertex -20.88934536120232 241.6597555487125 60.53261764137528
    vertex -5.859376079650715e-14 239.2350840481017 72.57116940150475
  endloop
endfacet
facet normal 0.938041 0.221806 0.266234
  outer loop
    vertex 233.0627573582968 46.85981020753692 77.36865851144962
    vertex 238.718916604669 50.76710550652472 54.18468283179738
    vertex 230.5699641337947 68.69026731222201 67.96424660007754
  endloop
endfacet
facet normal -0.968783 0.147382 0.199344
  outer loop
    vertex -238.881107510758 37.0987888895607 63.71417689464005
    vertex -241.3747391101841 49.16278557819628 42.67617407503699
    vertex -245.0540238264027 24.72842919683222 42.86059024262381
  endloop
endfacet
facet normal 0.567663 0.685674 0.455642
  outer loop
    vertex 140.8030555828821 164.0173484282726 125.5898441478546
    vertex 152.1637026029807 168.207627599153 105.130402965157
    vertex 132.8683109467799 181.0898918578505 109.7837101443645
  endloop
endfacet
facet normal 0.254503 -0.865856 0.430722
  outer loop
    vertex 50.60403438255631 -221.4990976337355 104.2946856347434
    vertex 74.35685005413833 -217.5532141043075 98.19194408357399
    vertex 65.8866956672164 -209.2470164095972 119.8942428048043
  endloop
endfacet
facet normal -0.564864 -0.643807 0.51618
  outer loop
    vertex -150.8976132712689 -160.3224023108612 118.4341066851477
    vertex -130.5412167425145 -170.5251606485965 127.9850003600197
    vertex -141.4791839900128 -151.4380776784572 139.8218478156174
  endloop
endfacet
facet normal -0.367345 0.775376 0.513663
  outer loop
    vertex -89.62566074397068 186.5433620641544 140.2455525355741
    vertex -81.20451213389387 201.6383984121292 123.4819156592889
    vertex -103.753301781116 192.5782064948868 121.0325854996472
  endloop
endfacet
facet normal 0.296075 0.276571 0.914247
  outer loop
    vertex 87.66115334351957 68.62235398338923 223.8448005388161
    vertex 67.06272586913785 81.64493281490901 226.5760264119968
    vertex 67.40684158927954 57.41530445823017 233.7943551947448
  endloop
endfacet
facet normal 0.95478 0.292165 0.0550955
  outer loop
    vertex 239.2350839330522 72.57116931361553 0
    vertex 234.4975973814393 84.12535417471274 20.82790453481872
    vertex 241.6969413464097 60.85138299743668 19.48583411325923
  endloop
endfacet
facet normal 0.292969 -0.654798 0.696713
  outer loop
    vertex 61.17631243566202 -171.247095694318 171.5572528721399
    vertex 84.66102888876284 -166.811274301246 165.8508635898244
    vertex 74.50295758025612 -152.6472329123988 183.4342705057657
  endloop
endfacet
facet normal 0.716566 -0.68267 0.143163
  outer loop
    vertex 186.9053059456501 -160.672022427315 41.84385042607016
    vertex 169.8439773694099 -178.3461201098288 42.96143378787425
    vertex 180.4487790330313 -171.6407052510662 21.85649666357414
  endloop
endfacet
facet normal 0.483057 -0.523904 0.701556
  outer loop
    vertex 110.0127141557045 -128.1711291059404 184.3077979571229
    vertex 119.577479700498 -142.465752942181 167.0471058926027
    vertex 131.8634953860472 -122.1985209935145 173.7225951094776
  endloop
endfacet
facet normal 0.84557 0.204013 0.493345
  outer loop
    vertex 214.3039649460814 60.57984057448409 113.5953059081175
    vertex 203.6092353671195 55.47063510261771 134.0383822437782
    vertex 215.5277657647545 37.89052258086383 120.8804801570633
  endloop
endfacet
facet normal 0.0273203 0.903652 0.427396
  outer loop
    vertex -5.400031920282666e-14 220.4803161206655 117.8491842314701
    vertex 20.84056094554746 224.9871998994002 106.9879941904804
    vertex -5.656943732860132e-14 230.9698833099735 95.6708581931279
  endloop
endfacet
facet normal -0.978045 -0.200368 0.0572801
  outer loop
    vertex -241.2091539603271 -62.17193221076121 21.27897767571932
    vertex -246.1851693688297 -37.81573679229327 21.51354070571868
    vertex -244.8824853131236 -50.32463002216506 -6.162989707491924e-15
  endloop
endfacet
facet normal 0.0307521 -0.947929 0.316992
  outer loop
    vertex -5.585549470225423 -238.4584234656151 74.87577655963958
    vertex 18.60079650393683 -239.0876029189699 70.64791928910651
    vertex 10.2208402591354 -232.1524966580867 92.19952667890576
  endloop
endfacet
facet normal 0.717205 -0.602999 0.349297
  outer loop
    vertex 172.2622913987723 -151.1989573897585 99.82273411550328
    vertex 175.6394171764731 -160.2701711293137 77.22866941809471
    vertex 188.8198481339911 -140.3920437545854 84.48158971673703
  endloop
endfacet
facet normal 0.857231 0.40503 0.317972
  outer loop
    vertex 207.3731805532247 104.6598965756106 92.42656564009144
    vertex 219.7052292836994 87.30742431029296 81.28361388188608
    vertex 216.2463353618931 106.8949036521244 65.65822123508013
  endloop
endfacet
facet normal -0.458772 -0.811927 0.360974
  outer loop
    vertex -125.248694531067 -195.2113653759004 93.30212937730951
    vertex -111.6747488162469 -209.3412487151334 78.7717719949021
    vertex -105.064939510997 -203.810668990717 99.61209610838904
  endloop
endfacet
facet normal 0.305208 -0.843516 0.441961
  outer loop
    vertex 65.8866956672164 -209.2470164095972 119.8942428048043
    vertex 74.35685005413833 -217.5532141043075 98.19194408357399
    vertex 88.54440735647054 -204.4549548945794 113.3933831621004
  endloop
endfacet
facet normal 0.537057 0.775887 0.331013
  outer loop
    vertex 143.5308369154316 184.3075388688038 89.04846978179989
    vertex 135.3341386651968 198.6391156543604 68.75443726628075
    vertex 123.7338741637739 196.38369856952 92.86210917580584
  endloop
endfacet
facet normal 0.0434841 -0.729961 0.682104
  outer loop
    vertex -1.905250460689092 -186.9720164374637 165.9452773958658
    vertex 22.39720610327477 -187.5623926850764 163.7642024650584
    vertex 11.90355321158347 -172.4300607534362 180.6271839162237
  endloop
endfacet
facet normal -0.370799 -0.45956 0.80704
  outer loop
    vertex -82.18270936609569 -124.4279180135364 200.6581558274283
    vertex -90.81089340492514 -102.78467885846 209.0183997426125
    vertex -104.9068539640656 -116.6567730621972 194.642619408179
  endloop
endfacet
facet normal 0.0572463 0.955702 0.288714
  outer loop
    vertex 21.23837811379657 234.5350760475433 83.91799210222125
    vertex 21.50930703373104 241.709451636074 60.11564439242996
    vertex -5.859376079650715e-14 239.2350840481017 72.57116940150475
  endloop
endfacet
facet normal -0.655162 -0.297797 0.69432
  outer loop
    vertex -171.5503476514543 -62.87319214241026 170.6383307773747
    vertex -166.1711558666763 -86.10645277904487 165.7492858136736
    vertex -153.2035152309155 -74.17152946581282 183.104525169622
  endloop
endfacet
facet normal 0.369567 -0.751463 0.546556
  outer loop
    vertex 80.58544630552645 -195.0473367399186 134.0243346351845
    vertex 102.1843938736375 -189.7382260927562 126.7191982607665
    vertex 94.50162474039827 -178.697909299284 147.0935081282985
  endloop
endfacet
facet normal 0.874885 0.313816 0.36891
  outer loop
    vertex 223.4725386576726 65.21104178128533 91.14573218584896
    vertex 219.7052292836994 87.30742431029296 81.28361388188608
    vertex 211.8113912548915 83.01748926356551 103.6534177489632
  endloop
endfacet
facet normal 0.645322 -0.467453 0.604191
  outer loop
    vertex 160.4677027466241 -128.2399310424546 142.4943383487483
    vertex 170.9743063075311 -106.8729073343115 147.8038167997369
    vertex 152.1159377243828 -114.8834909200414 161.7483384899409
  endloop
endfacet
facet normal 0.63221 0.570008 0.524786
  outer loop
    vertex 147.5214196489956 145.432544862434 139.9528693510107
    vertex 165.7491270822285 131.0525463341343 133.6130868246777
    vertex 159.7541150376138 150.4364654613748 119.7810193145702
  endloop
endfacet
facet normal -0.926977 -0.225095 0.300076
  outer loop
    vertex -226.6175718416 -59.72678043508915 87.04704378366858
    vertex -233.0256634590023 -43.54151157682519 79.39254964476828
    vertex -233.9508436094585 -61.76956868542959 62.86114188303182
  endloop
endfacet
facet normal -0.605419 0.452918 0.654472
  outer loop
    vertex -143.7273357243784 125.2143634241448 161.7523296829384
    vertex -162.2615082736432 110.6372655922386 154.6951789650695
    vertex -147.0841643044786 103.7646828808078 173.4910349196711
  endloop
endfacet
facet normal -0.973626 -0.000171165 0.228151
  outer loop
    vertex -246.2679660348176 -0.1996667932897037 43.03543932906461
    vertex -241.3490964272635 -12.34438522358469 64.01741799850414
    vertex -241.3497355747609 12.24997492292548 64.0331418281244
  endloop
endfacet
facet normal -0.949729 -0.0481361 0.30935
  outer loop
    vertex -235.1677051626421 -0.5612016641311222 84.8282706485806
    vertex -241.3490964272635 -12.34438522358469 64.01741799850414
    vertex -234.4520948880925 -24.1937560598735 83.34792961016012
  endloop
endfacet
facet normal 0.440263 0.570418 0.693392
  outer loop
    vertex 97.59862271076472 143.9607589886325 179.5823173822486
    vertex 117.8927289274225 131.5497101541526 176.9066935545507
    vertex 113.1973807781139 151.782222885081 163.2437128989606
  endloop
endfacet
facet normal 0.772115 0.632721 0.0591832
  outer loop
    vertex 183.5792434489814 168.5840103447956 19.44460929834973
    vertex 200.0984411369641 148.0924527507386 23.00520142983225
    vertex 193.2526133406843 158.5983210409113 0
  endloop
endfacet
facet normal 0.82992 0.554818 0.0583931
  outer loop
    vertex 207.8674030756364 138.8925582549005 0
    vertex 200.0984411369641 148.0924527507386 23.00520142983225
    vertex 214.260416484591 127.1758362173137 20.4641298441104
  endloop
endfacet
facet normal -0.668209 -0.663779 0.335997
  outer loop
    vertex -158.7877359925698 -167.7199992317731 95.68937640118668
    vertex -176.7187169756342 -155.2558976627764 84.65282813592944
    vertex -164.7601394464829 -173.679149779821 72.03922113219981
  endloop
endfacet
facet normal -0.713658 -0.585898 0.383948
  outer loop
    vertex -187.4562705806541 -135.2435675271565 95.23299881091665
    vertex -176.7187169756342 -155.2558976627764 84.65282813592944
    vertex -169.982407299791 -148.4649479340722 107.5366934748376
  endloop
endfacet
facet normal -0.626973 -0.0517737 0.777319
  outer loop
    vertex -161.1368254861234 -25.49799199434518 189.4327740294981
    vertex -145.4669311698069 -12.81575779846585 202.9165549877332
    vertex -162.4465831430988 -0.7014030933910498 190.0279338908701
  endloop
endfacet
facet normal -0.424952 -0.279931 0.860845
  outer loop
    vertex -118.4096413039889 -71.38531911996586 208.2865647621116
    vertex -97.2640309153974 -80.81507492638475 215.6586004654844
    vertex -102.648456366267 -57.48165089260015 220.5882005372994
  endloop
endfacet
facet normal -0.662611 0.477367 0.57712
  outer loop
    vertex -175.7145467444722 115.1726092926015 135.4978528653442
    vertex -162.2615082736432 110.6372655922386 154.6951789650695
    vertex -158.2151593776973 131.0505843655519 142.4559850639389
  endloop
endfacet
facet normal -0.524935 -0.144265 0.838827
  outer loop
    vertex -123.2778057178954 -47.36620614087674 212.271112337974
    vertex -127.3540430299475 -23.21518148576977 213.8738017441806
    vertex -142.842944194699 -36.90153650483351 201.827079197447
  endloop
endfacet
facet normal -0.82975 0.512649 0.220693
  outer loop
    vertex -199.2236845106378 140.4762187748527 55.46490321568767
    vertex -214.3330046360868 120.8166506406656 44.32493713067799
    vertex -206.5913073646988 122.7549058343864 68.92941908166243
  endloop
endfacet
facet normal 0.669979 0.4045 0.622501
  outer loop
    vertex 173.9210622976985 88.4095390415676 156.3176813277936
    vertex 170.9705965435652 110.2981207481355 145.2700233254169
    vertex 156.8169483503813 103.8840302244839 164.671044735838
  endloop
endfacet
facet normal 0.684325 -0.720037 0.115091
  outer loop
    vertex 180.4487790330313 -171.6407052510662 21.85649666357414
    vertex 169.8439773694099 -178.3461201098288 42.96143378787425
    vertex 162.215828173169 -188.9588223643437 21.92232972960051
  endloop
endfacet
facet normal -0.236711 -0.014111 0.971478
  outer loop
    vertex -52.93521281084902 -16.41648244013949 243.7793312587487
    vertex -58.526482751712 10.80712138283568 242.8123904254687
    vertex -73.00251985447592 -4.112387009415596 239.0684428526309
  endloop
endfacet
facet normal 0.659749 -0.603067 0.448376
  outer loop
    vertex 154.3658235653272 -160.189737302242 114.0633182843502
    vertex 172.2622913987723 -151.1989573897585 99.82273411550328
    vertex 167.3823908983101 -140.3570095590854 121.5855463646732
  endloop
endfacet
facet normal 0.562885 -0.802127 0.19938
  outer loop
    vertex 151.549007808067 -193.9925738391019 43.58646037098069
    vertex 143.4268770417609 -194.9821292580387 62.53559156231829
    vertex 129.722502177574 -208.6339984049029 46.302560818731
  endloop
endfacet
facet normal 0.97505 -0.193044 0.109601
  outer loop
    vertex 246.649067484771 -34.48791206626055 21.79039766050063
    vertex 241.2594093178285 -50.1078213396036 42.22681205360923
    vertex 241.175412026779 -62.11076701309652 21.83284806795122
  endloop
endfacet
facet normal 0.680691 -0.328679 0.654698
  outer loop
    vertex 178.9929639799619 -84.20052849171259 152.8783498320948
    vertex 169.5773412516288 -69.59562120923439 169.9999260074233
    vertex 161.3505053809726 -92.64361232305507 166.9825604937241
  endloop
endfacet
facet normal -0.378471 0.6425 0.666298
  outer loop
    vertex -103.7414773662005 150.5814825201215 170.4785118304369
    vertex -81.7988705224204 161.4820817221273 172.4310936691654
    vertex -97.25449945639579 169.5034427908201 155.9171100859206
  endloop
endfacet
facet normal -0.571427 -0.769395 0.285487
  outer loop
    vertex -145.9401801387693 -185.1176171613237 83.26422783871341
    vertex -150.5190099679303 -190.5394417189797 59.48738343290648
    vertex -131.5219499750142 -200.8406642100229 69.74958261127217
  endloop
endfacet
facet normal -0.735053 0.608061 0.299932
  outer loop
    vertex -175.1168096034839 156.6454578789582 85.41840270216197
    vertex -183.8986067742531 157.6673506270537 61.82482489044613
    vertex -191.7332626164261 140.4101301680673 77.61025288353973
  endloop
endfacet
facet normal 0.605059 0.644178 0.467908
  outer loop
    vertex 159.7541150376138 150.4364654613748 119.7810193145702
    vertex 152.1637026029807 168.207627599153 105.130402965157
    vertex 140.8030555828821 164.0173484282726 125.5898441478546
  endloop
endfacet
facet normal -0.337161 -0.317541 0.886279
  outer loop
    vertex -80.2616497939908 -66.81474827017918 227.1428118738063
    vertex -97.2640309153974 -80.81507492638475 215.6586004654844
    vertex -74.80658575797851 -90.10341123613216 220.874059162335
  endloop
endfacet
facet normal 0.451594 -0.0401147 0.891321
  outer loop
    vertex 100.9311695942544 -14.1958987819117 228.2791612524226
    vertex 121.1007916221953 -19.91371193535291 217.8027601878209
    vertex 115.7300951463884 3.412758863413425 221.5736856089822
  endloop
endfacet
facet normal 0.343266 -0.624608 0.701451
  outer loop
    vertex 74.50295758025612 -152.6472329123988 183.4342705057657
    vertex 84.66102888876284 -166.811274301246 165.8508635898244
    vertex 97.67977104262036 -148.1429810641629 176.1031501435574
  endloop
endfacet
facet normal -0.43848 -0.641012 0.629951
  outer loop
    vertex -120.983156869678 -160.0936817911238 149.1076416700676
    vertex -98.17095197392076 -168.4554624488741 156.4775426688128
    vertex -109.0110379920826 -150.2610919158349 167.4461043206134
  endloop
endfacet
facet normal 0.0656283 -0.345192 0.936235
  outer loop
    vertex 7.031479090986817 -76.21867697664108 237.994267959805
    vertex 11.68514235090524 -98.9445711826975 229.2889645877254
    vertex 30.35354167266702 -83.06858458172151 233.8338571796545
  endloop
endfacet
facet normal 0.525403 0.211606 0.82412
  outer loop
    vertex 124.2580579405166 64.9748915830553 206.9739077773366
    vertex 125.0317243424625 42.08531555524861 212.3579386850551
    vertex 143.0710991192426 50.45533876653163 198.7081261216219
  endloop
endfacet
facet normal 0.139653 0.505824 0.851257
  outer loop
    vertex 42.80010843589604 115.7253020041737 217.4300006758918
    vertex 41.04147444075659 136.6668264812038 205.2748789191831
    vertex 20.93433686321537 128.0165245549609 213.7136471565784
  endloop
endfacet
facet normal -0.316952 0.778477 0.54177
  outer loop
    vertex -66.59942131364323 195.0705010562897 141.4638353019454
    vertex -81.20451213389387 201.6383984121292 123.4819156592889
    vertex -89.62566074397068 186.5433620641544 140.2455525355741
  endloop
endfacet
facet normal 0.436475 -0.559111 0.7049
  outer loop
    vertex 97.67977104262036 -148.1429810641629 176.1031501435574
    vertex 119.577479700498 -142.465752942181 167.0471058926027
    vertex 110.0127141557045 -128.1711291059404 184.3077979571229
  endloop
endfacet
facet normal -0.0371181 0.903366 0.42726
  outer loop
    vertex -5.656943732860132e-14 230.9698833099735 95.6708581931279
    vertex -24.62435705064624 224.9941698132764 106.1662120915918
    vertex -5.400031920282666e-14 220.4803161206655 117.8491842314701
  endloop
endfacet
facet normal -0.0496874 -0.994106 0.096354
  outer loop
    vertex -0.3509605375789856 -249.4313527463289 16.8486525822547
    vertex -13.88275624312062 -246.7050510546657 37.99851132885185
    vertex -25.62151793827986 -247.9450507128325 19.15175306726104
  endloop
endfacet
facet normal 0.122081 -0.835287 0.536089
  outer loop
    vertex 41.71064985674228 -212.0347931801778 125.7038908290729
    vertex 32.33657970164043 -200.6282276385432 145.6113315913853
    vertex 17.33926801138426 -212.7749240817792 130.1006589792015
  endloop
endfacet
facet normal 0.0145913 -0.57673 0.816805
  outer loop
    vertex 0.9818136211374716 -156.1152965508357 195.2614919149651
    vertex 18.57757732324915 -141.7809009483499 205.0684026052597
    vertex -7.145313015028456 -135.3313329978243 210.0818288452127
  endloop
endfacet
facet normal 0.385032 0.451453 0.804947
  outer loop
    vertex 104.6222384424945 101.8595253312902 202.9256620601891
    vertex 100.4816393951828 123.2110535750134 192.9312738292878
    vertex 83.34137812301894 113.9509772156508 206.3235068627766
  endloop
endfacet
facet normal 0.112463 0.197057 0.97392
  outer loop
    vertex 21.23837813219939 36.55000790818222 246.4001384257434
    vertex 42.66632187246582 47.68466028504884 241.6728328782005
    vertex 18.69090708266083 60.4890254782073 241.8506311530407
  endloop
endfacet
facet normal -0.978168 -0.150514 0.14329
  outer loop
    vertex -246.1851693688297 -37.81573679229327 21.51354070571868
    vertex -241.2162495992564 -49.68889145069505 42.96201805863262
    vertex -245.0232991166775 -25.06040109432678 42.84342641491995
  endloop
endfacet
facet normal -0.600523 -0.1013 0.793164
  outer loop
    vertex -142.842944194699 -36.90153650483351 201.827079197447
    vertex -145.4669311698069 -12.81575779846585 202.9165549877332
    vertex -161.1368254861234 -25.49799199434518 189.4327740294981
  endloop
endfacet
facet normal -0.911851 -0.188567 0.364651
  outer loop
    vertex -225.2653659109698 -38.85449640920308 101.2217517620799
    vertex -233.0256634590023 -43.54151157682519 79.39254964476828
    vertex -226.6175718416 -59.72678043508915 87.04704378366858
  endloop
endfacet
facet normal 0.852663 0.367498 0.371363
  outer loop
    vertex 211.8113912548915 83.01748926356551 103.6534177489632
    vertex 219.7052292836994 87.30742431029296 81.28361388188608
    vertex 207.3731805532247 104.6598965756106 92.42656564009144
  endloop
endfacet
facet normal -0.0548101 0.765049 0.641636
  outer loop
    vertex -27.34538895031076 192.1575528193393 157.5680951133161
    vertex -16.94076328095712 182.1054913908 170.4423672235688
    vertex -4.73316756274763e-14 193.2526132978954 158.5983210108419
  endloop
endfacet
facet normal -0.493158 -0.807237 0.324291
  outer loop
    vertex -131.5219499750142 -200.8406642100229 69.74958261127217
    vertex -111.6747488162469 -209.3412487151334 78.7717719949021
    vertex -125.248694531067 -195.2113653759004 93.30212937730951
  endloop
endfacet
facet normal 0.957561 -0.250108 0.143258
  outer loop
    vertex 241.175412026779 -62.11076701309652 21.83284806795122
    vertex 241.2594093178285 -50.1078213396036 42.22681205360923
    vertex 234.9484739133859 -73.92204127933768 42.83394003435754
  endloop
endfacet
facet normal 0.870855 -0.488047 0.0584925
  outer loop
    vertex 222.9513631406504 -110.835470385101 22.54302948228598
    vertex 210.8497044484363 -132.4594177525102 22.29136116689659
    vertex 218.5866540361456 -121.3254906327701 -1.485808737584041e-14
  endloop
endfacet
facet normal 0.718484 -0.430468 0.546332
  outer loop
    vertex 188.0830896942548 -96.7130206592069 133.3092007553669
    vertex 170.9743063075311 -106.8729073343115 147.8038167997369
    vertex 178.6704983822382 -118.9792592039984 128.1436260104668
  endloop
endfacet
facet normal -0.402794 -0.371185 0.836647
  outer loop
    vertex -112.6611199701675 -94.77419308387773 202.0527762055434
    vertex -90.81089340492514 -102.78467885846 209.0183997426125
    vertex -97.2640309153974 -80.81507492638475 215.6586004654844
  endloop
endfacet
facet normal 0.362244 -0.787391 0.498793
  outer loop
    vertex 88.54440735647054 -204.4549548945794 113.3933831621004
    vertex 102.1843938736375 -189.7382260927562 126.7191982607665
    vertex 80.58544630552645 -195.0473367399186 134.0243346351845
  endloop
endfacet
facet normal 0.466677 -0.656489 0.59265
  outer loop
    vertex 106.9155544927459 -161.8447160186502 157.7192191977603
    vertex 115.395368652749 -173.5355412201063 138.0917261349895
    vertex 127.8441701464967 -155.9607784907049 147.7569075614635
  endloop
endfacet
facet normal -0.696374 -0.298566 0.652627
  outer loop
    vertex -183.3505220926475 -75.14330199973357 152.4338224047748
    vertex -166.1711558666763 -86.10645277904487 165.7492858136736
    vertex -171.5503476514543 -62.87319214241026 170.6383307773747
  endloop
endfacet
facet normal -0.958575 -0.000207017 0.28484
  outer loop
    vertex -241.3497355747609 12.24997492292548 64.0331418281244
    vertex -241.3490964272635 -12.34438522358469 64.01741799850414
    vertex -235.1677051626421 -0.5612016641311222 84.8282706485806
  endloop
endfacet
facet normal -0.954225 0.196292 0.225666
  outer loop
    vertex -234.2616052379491 60.9665961266927 62.48659430681144
    vertex -241.3747391101841 49.16278557819628 42.67617407503699
    vertex -238.881107510758 37.0987888895607 63.71417689464005
  endloop
endfacet
facet normal 0.356962 0.617189 0.701182
  outer loop
    vertex 97.59862271076472 143.9607589886325 179.5823173822486
    vertex 92.65281848074704 163.2436928138917 165.1270782883822
    vertex 76.32739882299948 155.1684617766203 180.5460513519814
  endloop
endfacet
facet normal 0.779313 0.146177 0.609347
  outer loop
    vertex 189.1827521329541 27.31560369304179 161.1326909422354
    vertex 203.2537166197282 33.48437325489952 141.657062753658
    vertex 190.1207994279723 49.46867201115665 154.6186667719047
  endloop
endfacet
facet normal -0.630791 -0.389725 0.670982
  outer loop
    vertex -166.1711558666763 -86.10645277904487 165.7492858136736
    vertex -159.3359609259612 -108.6627465333094 159.073753559908
    vertex -146.9718036546857 -97.50416452942152 177.1785168408066
  endloop
endfacet
facet normal 0.0557189 0.879834 0.472004
  outer loop
    vertex 21.23837812228281 213.6569622443249 128.0610548889163
    vertex 20.84056094554746 224.9871998994002 106.9879941904804
    vertex -5.400031920282666e-14 220.4803161206655 117.8491842314701
  endloop
endfacet
facet normal -0.674745 -0.629426 0.385411
  outer loop
    vertex -169.982407299791 -148.4649479340722 107.5366934748376
    vertex -176.7187169756342 -155.2558976627764 84.65282813592944
    vertex -158.7877359925698 -167.7199992317731 95.68937640118668
  endloop
endfacet
facet normal 0.514164 -0.121315 0.849069
  outer loop
    vertex 126.6754445424204 -44.08800573850893 210.9729354679917
    vertex 139.0506285468827 -23.23853955485319 206.4579690398856
    vertex 121.1007916221953 -19.91371193535291 217.8027601878209
  endloop
endfacet
facet normal 0.0543099 0.779186 0.624435
  outer loop
    vertex 26.64301910721583 191.0735460215 159.0001557974779
    vertex 17.93622525498956 202.5482195034343 145.4390270855484
    vertex -4.73316756274763e-14 193.2526132978954 158.5983210108419
  endloop
endfacet
facet normal 0.722504 0.428308 0.542716
  outer loop
    vertex 182.6956474147963 116.0305180474506 125.136802329805
    vertex 170.9705965435652 110.2981207481355 145.2700233254169
    vertex 187.0368099033154 94.65954598021881 136.2233537100372
  endloop
endfacet
facet normal -0.0531889 0.638066 0.768142
  outer loop
    vertex -21.23837812193873 167.2828031981168 184.5681311844753
    vertex -21.9421119712738 151.1583484083527 197.913358388713
    vertex -3.88441023230876e-14 158.5983210108419 193.2526132978954
  endloop
endfacet
facet normal 0.681132 -0.47366 0.558306
  outer loop
    vertex 178.6704983822382 -118.9792592039984 128.1436260104668
    vertex 170.9743063075311 -106.8729073343115 147.8038167997369
    vertex 160.4677027466241 -128.2399310424546 142.4943383487483
  endloop
endfacet
facet normal -0.0603162 0.561717 0.825128
  outer loop
    vertex -3.401774185850553e-14 138.8925582180983 207.8674030144876
    vertex -21.9421119712738 151.1583484083527 197.913358388713
    vertex -24.08034672780016 129.7299549816038 212.344709568993
  endloop
endfacet
facet normal 0.741986 0.25037 0.62191
  outer loop
    vertex 175.8763947747071 65.72263947013637 165.0697683469927
    vertex 190.1207994279723 49.46867201115665 154.6186667719047
    vertex 189.499283298218 72.20480464791176 146.207003304283
  endloop
endfacet
facet normal 0.0974913 -0.0935258 0.990832
  outer loop
    vertex 37.76954974393701 -19.65970883709835 246.3472284410377
    vertex 15.40289102093316 -12.77503503761382 249.1978118442957
    vertex 20.3887256233265 -36.71238461555858 246.4477646141186
  endloop
endfacet
facet normal -0.524265 -0.645133 0.555832
  outer loop
    vertex -130.5412167425145 -170.5251606485965 127.9850003600197
    vertex -120.983156869678 -160.0936817911238 149.1076416700676
    vertex -141.4791839900128 -151.4380776784572 139.8218478156174
  endloop
endfacet
facet normal 0.621701 0.536434 0.570725
  outer loop
    vertex 152.7704600200438 125.1998951472687 153.2519911791593
    vertex 165.7491270822285 131.0525463341343 133.6130868246777
    vertex 147.5214196489956 145.432544862434 139.9528693510107
  endloop
endfacet
facet normal 0.740246 0.160628 0.652867
  outer loop
    vertex 189.1827521329541 27.31560369304179 161.1326909422354
    vertex 190.1207994279723 49.46867201115665 154.6186667719047
    vertex 175.619729718346 42.04370580919903 172.8873544695639
  endloop
endfacet
facet normal -0.340512 0.90895 0.240543
  outer loop
    vertex -73.59508649682817 229.8175770457651 65.3272112089456
    vertex -85.32475731254651 230.1261661468029 47.55663407064371
    vertex -96.39368921513336 221.8057399847153 63.32827480145939
  endloop
endfacet
facet normal 0.646024 -0.74963 0.143905
  outer loop
    vertex 162.215828173169 -188.9588223643437 21.92232972960051
    vertex 169.8439773694099 -178.3461201098288 42.96143378787425
    vertex 151.549007808067 -193.9925738391019 43.58646037098069
  endloop
endfacet
facet normal -0.619214 0.49042 0.613239
  outer loop
    vertex -158.2151593776973 131.0505843655519 142.4559850639389
    vertex -162.2615082736432 110.6372655922386 154.6951789650695
    vertex -143.7273357243784 125.2143634241448 161.7523296829384
  endloop
endfacet
facet normal -0.394221 -0.918644 0.0261135
  outer loop
    vertex -86.82631321120476 -234.4380330367702 -2.871037867568821e-14
    vertex -97.65764058691536 -229.2003668397913 20.74071058334224
    vertex -110.0985378894084 -224.4511348926855 -2.748733639113181e-14
  endloop
endfacet
facet normal -0.969382 -0.0961449 0.225951
  outer loop
    vertex -245.0232991166775 -25.06040109432678 42.84342641491995
    vertex -239.3083194376678 -36.1778425942306 62.63139750274015
    vertex -241.3490964272635 -12.34438522358469 64.01741799850414
  endloop
endfacet
facet normal -0.821153 -0.202329 0.53364
  outer loop
    vertex -212.7820712389899 -49.17556285567915 121.6780759918259
    vertex -198.8731701005479 -62.05893844749251 138.1960577329502
    vertex -203.0868687992661 -38.75164984386556 140.5490425285356
  endloop
endfacet
facet normal -0.761014 -0.252634 0.597523
  outer loop
    vertex -188.2355300436207 -51.02805941109655 156.408191543585
    vertex -198.8731701005479 -62.05893844749251 138.1960577329502
    vertex -183.3505220926475 -75.14330199973357 152.4338224047748
  endloop
endfacet
facet normal 0.146685 0.988868 0.0249686
  outer loop
    vertex 24.50428508239019 248.7961816680492 0
    vertex 36.9289704919015 246.4485670341205 19.98386712417935
    vertex 48.77258050403213 245.1963201008076 0
  endloop
endfacet
facet normal 0.455355 -0.805224 0.379824
  outer loop
    vertex 125.2941778802118 -194.3542965039003 95.01461161208759
    vertex 107.3268765590935 -199.115864550785 106.4603872445641
    vertex 108.5920518430841 -208.5376174807942 84.96957321266771
  endloop
endfacet
facet normal -0.462941 0.598994 0.65337
  outer loop
    vertex -124.2946675287922 139.1296022261789 166.4145108104827
    vertex -103.7414773662005 150.5814825201215 170.4785118304369
    vertex -118.7815966294993 158.3210127996621 152.7265176982575
  endloop
endfacet
facet normal -0.97307 -0.199905 0.114768
  outer loop
    vertex -241.2091539603271 -62.17193221076121 21.27897767571932
    vertex -241.2162495992564 -49.68889145069505 42.96201805863262
    vertex -246.1851693688297 -37.81573679229327 21.51354070571868
  endloop
endfacet
facet normal 0.513998 0.857554 0.0201888
  outer loop
    vertex 117.8491842064995 220.4803160870887 0
    vertex 128.1364859477325 213.8835292691761 18.29964142621501
    vertex 138.8925582549006 207.8674030756362 0
  endloop
endfacet
facet normal -0.616458 -0.73361 0.285999
  outer loop
    vertex -164.7601394464829 -173.679149779821 72.03922113219981
    vertex -150.5190099679303 -190.5394417189797 59.48738343290648
    vertex -145.9401801387693 -185.1176171613237 83.26422783871341
  endloop
endfacet
facet normal 0.647863 -0.643228 0.408083
  outer loop
    vertex 158.9842732389451 -169.8870907622329 91.44603465995287
    vertex 172.2622913987723 -151.1989573897585 99.82273411550328
    vertex 154.3658235653272 -160.189737302242 114.0633182843502
  endloop
endfacet
facet normal 0.193053 0.50463 0.841474
  outer loop
    vertex 61.62172922030822 125.4737422305035 207.2657774418444
    vertex 41.04147444075659 136.6668264812038 205.2748789191831
    vertex 42.80010843589604 115.7253020041737 217.4300006758918
  endloop
endfacet
facet normal 0.608577 -0.412264 0.677992
  outer loop
    vertex 152.1159377243828 -114.8834909200414 161.7483384899409
    vertex 161.3505053809726 -92.64361232305507 166.9825604937241
    vertex 142.380975003501 -100.3233265137193 179.3401464097599
  endloop
endfacet
facet normal -0.347789 -0.668736 0.657141
  outer loop
    vertex -85.69137487857313 -157.6455961487286 174.0828948700354
    vertex -98.17095197392076 -168.4554624488741 156.4775426688128
    vertex -76.17486603659249 -175.1581163843784 161.2979356624992
  endloop
endfacet
facet normal -0.146679 0.988829 0.0264971
  outer loop
    vertex -48.77258050403199 245.1963201008076 0
    vertex -35.70882282110969 246.5842813887191 20.5200425131041
    vertex -24.5042850823901 248.7961816680492 0
  endloop
endfacet
facet normal 0.676126 -0.227763 0.700698
  outer loop
    vertex 159.5625737940114 -54.20657447345917 184.665731331192
    vertex 169.5773412516288 -69.59562120923439 169.9999260074233
    vertex 176.3364962543516 -46.10766911448322 171.1126030938937
  endloop
endfacet
facet normal 0.742591 0.531203 0.407899
  outer loop
    vertex 185.7554860999513 140.6591047444638 90.60858478233034
    vertex 177.0197182531709 136.3032005819419 112.1849226085524
    vertex 192.8399620648796 121.0673823610668 103.2251808380836
  endloop
endfacet
facet normal 0.222853 0.860531 0.458063
  outer loop
    vertex 55.76576887670186 221.2958878370535 102.0701182913025
    vertex 43.03374630689425 214.9534208100575 120.1795471819069
    vertex 68.0416945130272 209.6980848182847 117.8857117353046
  endloop
endfacet
facet normal -0.373533 -0.273463 0.886392
  outer loop
    vertex -102.648456366267 -57.48165089260015 220.5882005372994
    vertex -97.2640309153974 -80.81507492638475 215.6586004654844
    vertex -80.2616497939908 -66.81474827017918 227.1428118738063
  endloop
endfacet
facet normal 0.0050492 -0.356804 0.934166
  outer loop
    vertex -12.12656861662684 -95.13927136658351 230.8711012175881
    vertex 11.68514235090524 -98.9445711826975 229.2889645877254
    vertex 7.031479090986817 -76.21867697664108 237.994267959805
  endloop
endfacet
facet normal 0.0260149 0.595498 0.802936
  outer loop
    vertex -3.401774185850553e-14 138.8925582180983 207.8674030144876
    vertex 20.28937562380879 147.2330664993977 201.0242904874432
    vertex -3.88441023230876e-14 158.5983210108419 193.2526132978954
  endloop
endfacet
facet normal 0.192696 0.974277 0.116846
  outer loop
    vertex 60.52544654140838 241.631127205915 21.2383776725543
    vertex 36.9289704919015 246.4485670341205 19.98386712417935
    vertex 45.90016772454653 241.8227158805135 43.76012667978611
  endloop
endfacet
facet normal 0.231409 -0.304726 0.9239
  outer loop
    vertex 53.36855054074272 -89.21522218480247 227.3597192637617
    vertex 71.32129797303251 -72.27383164212348 228.4507949542043
    vertex 48.59183110443317 -66.59601081144679 236.0165360603361
  endloop
endfacet
facet normal 0.80277 0.595375 0.0330058
  outer loop
    vertex 193.2526133406843 158.5983210409113 0
    vertex 200.0984411369641 148.0924527507386 23.00520142983225
    vertex 207.8674030756364 138.8925582549005 0
  endloop
endfacet
facet normal 0.441827 -0.317323 0.839104
  outer loop
    vertex 120.2238627883247 -69.38627362996287 207.9225044289386
    vertex 98.04098966467305 -78.18303141449374 216.276161294794
    vertex 111.9065244468656 -91.95984250093595 203.7653482646795
  endloop
endfacet
facet normal -0.481047 -0.602342 0.637007
  outer loop
    vertex -130.4530005968209 -141.122358127809 159.8952615674781
    vertex -120.983156869678 -160.0936817911238 149.1076416700676
    vertex -109.0110379920826 -150.2610919158349 167.4461043206134
  endloop
endfacet
facet normal 0.302393 -0.236116 0.923476
  outer loop
    vertex 66.40766224574131 -49.53864340778134 235.8727309469499
    vertex 71.32129797303251 -72.27383164212348 228.4507949542043
    vertex 88.70847637649433 -55.38085043830267 227.076567755661
  endloop
endfacet
facet normal -0.746113 -0.382515 0.544975
  outer loop
    vertex -177.5126339207224 -97.38093171418701 146.6499878520433
    vertex -193.6511539776109 -83.93035737700008 133.9959912598458
    vertex -187.3847687375019 -106.0134010931669 127.0752030643754
  endloop
endfacet
facet normal -0.175307 -0.294724 0.939364
  outer loop
    vertex -57.55735397463248 -75.70974062646823 231.2037763050417
    vertex -34.9673273397322 -84.74010421332059 232.5863296856279
    vertex -39.67937419177002 -60.67435212063418 239.2575396063639
  endloop
endfacet
facet normal -0.868013 -0.483563 0.112782
  outer loop
    vertex -211.3532852003243 -131.7748316058374 21.56809194814439
    vertex -215.1229896509508 -120.244485169241 41.99241729194846
    vertex -223.1934056155273 -110.6398258085658 21.0602145001647
  endloop
endfacet
facet normal -0.275085 0.809288 0.519019
  outer loop
    vertex -66.59942131364323 195.0705010562897 141.4638353019454
    vertex -58.05723644800637 209.1595770790188 124.0226939400458
    vertex -81.20451213389387 201.6383984121292 123.4819156592889
  endloop
endfacet
facet normal 0.710273 0.391134 0.585257
  outer loop
    vertex 187.0368099033154 94.65954598021881 136.2233537100372
    vertex 170.9705965435652 110.2981207481355 145.2700233254169
    vertex 173.9210622976985 88.4095390415676 156.3176813277936
  endloop
endfacet
facet normal 0.782466 -0.606289 0.141989
  outer loop
    vertex 196.5977730597668 -152.9295183530065 21.49134812564993
    vertex 201.5124602174297 -141.4625950418433 43.371218349803
    vertex 186.9053059456501 -160.672022427315 41.84385042607016
  endloop
endfacet
facet normal -0.118575 -0.798781 0.589821
  outer loop
    vertex -31.86683928753173 -207.1701566272945 136.2535531897971
    vertex -16.45766089499323 -198.6918186996035 150.8333735607252
    vertex -41.38241776643185 -194.2661728357423 151.8161703889213
  endloop
endfacet
facet normal -0.411754 -0.419808 0.808839
  outer loop
    vertex -104.9068539640656 -116.6567730621972 194.642619408179
    vertex -90.81089340492514 -102.78467885846 209.0183997426125
    vertex -112.6611199701675 -94.77419308387773 202.0527762055434
  endloop
endfacet
facet normal -0.63283 0.405857 0.659399
  outer loop
    vertex -162.2615082736432 110.6372655922386 154.6951789650695
    vertex -165.126923285532 88.98862760017255 165.2698501363508
    vertex -147.0841643044786 103.7646828808078 173.4910349196711
  endloop
endfacet
facet normal -0.10741 0.875997 0.470204
  outer loop
    vertex -24.62435705064624 224.9941698132764 106.1662120915918
    vertex -38.96466065072165 215.3725802562128 120.8155904432672
    vertex -21.23837812238537 213.6569622445079 128.0610548885942
  endloop
endfacet
facet normal -0.463061 0.479654 0.745323
  outer loop
    vertex -110.8390957859885 110.0670387484049 195.1920639434442
    vertex -107.7616481438705 131.2119641592036 183.4961788452297
    vertex -127.9345199427617 118.1639515430957 179.3600824117118
  endloop
endfacet
facet normal -0.555656 -0.097881 0.82563
  outer loop
    vertex -127.3540430299475 -23.21518148576977 213.8738017441806
    vertex -145.4669311698069 -12.81575779846585 202.9165549877332
    vertex -142.842944194699 -36.90153650483351 201.827079197447
  endloop
endfacet
facet normal 0.4758 0.310509 0.822921
  outer loop
    vertex 106.6800190357448 79.0175545207445 211.8386169141365
    vertex 124.2580579405166 64.9748915830553 206.9739077773366
    vertex 124.3003837385903 87.916302812284 198.2930616593984
  endloop
endfacet
facet normal -0.379727 0.53139 0.757253
  outer loop
    vertex -86.65423650739567 143.6578612781056 185.3468699177866
    vertex -107.7616481438705 131.2119641592036 183.4961788452297
    vertex -90.03072178990858 122.9367610933769 198.1944043252938
  endloop
endfacet
facet normal 0.796124 0.560982 0.226906
  outer loop
    vertex 192.5029020958911 144.4262989269489 67.70285712526017
    vertex 206.4981522378979 129.0747956150108 56.5527210598848
    vertex 197.712126856132 146.2969455936064 44.80087726826525
  endloop
endfacet
facet normal 0.83393 0.47902 0.274044
  outer loop
    vertex 216.2463353618931 106.8949036521244 65.65822123508013
    vertex 206.4981522378979 129.0747956150108 56.5527210598848
    vertex 200.8571051723648 125.1211755463101 80.62949045905611
  endloop
endfacet
facet normal -0.634544 0.705049 0.316638
  outer loop
    vertex -149.149415930384 185.9312715564921 75.39240004809041
    vertex -167.3456400857678 172.5272092557676 68.77353277752458
    vertex -157.5718562053679 170.8510340469246 92.09253116888182
  endloop
endfacet
facet normal -0.080129 -0.331071 0.940198
  outer loop
    vertex -16.38317535777104 -68.73006687884464 239.8077760874865
    vertex -34.9673273397322 -84.74010421332059 232.5863296856279
    vertex -12.12656861662684 -95.13927136658351 230.8711012175881
  endloop
endfacet
facet normal 0.0242571 -0.834221 0.550897
  outer loop
    vertex 17.33926801138426 -212.7749240817792 130.1006589792015
    vertex 8.399218721610474 -200.4268380088652 149.1929479923051
    vertex -7.338582369896804 -211.1536908744976 133.6422988386436
  endloop
endfacet
facet normal -0.383305 0.921798 0.0580112
  outer loop
    vertex -95.67085809127238 230.9698831278217 0
    vertex -108.1271561396149 224.5648823439237 19.47130511853374
    vertex -84.10796518499173 234.3868383185681 22.105660258532
  endloop
endfacet
facet normal -0.475476 0.110593 0.87275
  outer loop
    vertex -113.5171126956056 40.30552479416009 219.0646703517492
    vertex -130.7936626430563 27.15171020994955 211.3191956379952
    vertex -112.8783964247743 16.01993308275011 222.4900657660825
  endloop
endfacet
facet normal -0.0598117 0.478619 0.875983
  outer loop
    vertex -24.08034672780016 129.7299549816038 212.344709568993
    vertex -19.17193806109573 106.5740028463486 225.3317969312986
    vertex -2.886377196052844e-14 117.8491842314701 220.4803161206653
  endloop
endfacet
facet normal -0.0553536 0.380104 0.923286
  outer loop
    vertex -2.343182816378882e-14 95.67085819312794 230.9698833099736
    vertex -19.17193806109573 106.5740028463486 225.3317969312986
    vertex -21.23837811379698 83.91799210222131 234.5350760475433
  endloop
endfacet
facet normal -0.950777 0.289552 0.110378
  outer loop
    vertex -241.631127168343 60.52544653199698 21.23837812683443
    vertex -235.7116105406645 72.2484892801066 41.47520286952697
    vertex -234.4579820882028 84.23565919847816 20.82806650953983
  endloop
endfacet
facet normal 0.338985 0.579645 0.741013
  outer loop
    vertex 80.17212660286862 135.2230314136045 194.3892020954069
    vertex 97.59862271076472 143.9607589886325 179.5823173822486
    vertex 76.32739882299948 155.1684617766203 180.5460513519814
  endloop
endfacet
facet normal -0.554248 0.147743 0.819134
  outer loop
    vertex -150.0613918235044 34.88310928821343 196.8876516452447
    vertex -130.7936626430563 27.15171020994955 211.3191956379952
    vertex -132.7510472068372 49.73143469773169 205.9221791560912
  endloop
endfacet
facet normal -0.643687 0.133445 0.753565
  outer loop
    vertex -167.2634298571977 43.04734619178271 180.7480871772953
    vertex -166.0080067963441 20.7226065867117 185.7738282314205
    vertex -150.0613918235044 34.88310928821343 196.8876516452447
  endloop
endfacet
facet normal 0.659768 -0.684643 0.309789
  outer loop
    vertex 160.7076330498021 -179.8933161960155 65.66164380770998
    vertex 175.6394171764731 -160.2701711293137 77.22866941809471
    vertex 158.9842732389451 -169.8870907622329 91.44603465995287
  endloop
endfacet
facet normal 0.82671 -0.471874 0.306408
  outer loop
    vertex 200.1863802637122 -119.2560370524619 90.5726823244969
    vertex 202.8098805124606 -129.736565199241 67.35410913095465
    vertex 214.8420115911169 -105.7242562808625 71.8699637494058
  endloop
endfacet
facet normal -0.338895 0.681772 0.648334
  outer loop
    vertex -97.25449945639579 169.5034427908201 155.9171100859206
    vertex -81.7988705224204 161.4820817221273 172.4310936691654
    vertex -74.67961452907301 179.1086093133599 157.6168177689908
  endloop
endfacet
facet normal 0.677287 -0.642156 0.359051
  outer loop
    vertex 158.9842732389451 -169.8870907622329 91.44603465995287
    vertex 175.6394171764731 -160.2701711293137 77.22866941809471
    vertex 172.2622913987723 -151.1989573897585 99.82273411550328
  endloop
endfacet
facet normal 0.470578 0.880767 0.0529658
  outer loop
    vertex 117.8491842064995 220.4803160870887 0
    vertex 106.2523062517895 225.639484662839 17.24153059517521
    vertex 128.1364859477325 213.8835292691761 18.29964142621501
  endloop
endfacet
facet normal -0.219612 0.808689 0.545704
  outer loop
    vertex -40.71973225572508 203.3601750915582 139.594206870317
    vertex -58.05723644800637 209.1595770790188 124.0226939400458
    vertex -66.59942131364323 195.0705010562897 141.4638353019454
  endloop
endfacet
facet normal 0.085003 -0.786038 0.612306
  outer loop
    vertex 22.39720610327477 -187.5623926850764 163.7642024650584
    vertex 8.399218721610474 -200.4268380088652 149.1929479923051
    vertex 32.33657970164043 -200.6282276385432 145.6113315913853
  endloop
endfacet
facet normal -0.954815 -0.098073 0.280554
  outer loop
    vertex -241.3490964272635 -12.34438522358469 64.01741799850414
    vertex -239.3083194376678 -36.1778425942306 62.63139750274015
    vertex -234.4520948880925 -24.1937560598735 83.34792961016012
  endloop
endfacet
facet normal -0.350873 -0.363852 0.862844
  outer loop
    vertex -97.2640309153974 -80.81507492638475 215.6586004654844
    vertex -90.81089340492514 -102.78467885846 209.0183997426125
    vertex -74.80658575797851 -90.10341123613216 220.874059162335
  endloop
endfacet
facet normal -0.570284 0.376825 0.729917
  outer loop
    vertex -147.0841643044786 103.7646828808078 173.4910349196711
    vertex -149.2256780580515 82.0437774342098 183.0314606630254
    vertex -130.9875840235998 96.79778232440226 189.6640244451699
  endloop
endfacet
facet normal -0.57652 0.285648 0.765526
  outer loop
    vertex -132.1194885441347 73.23803362066747 199.1999778569622
    vertex -149.2256780580515 82.0437774342098 183.0314606630254
    vertex -150.0770083774884 58.24620409202322 191.2701525730914
  endloop
endfacet
facet normal -0.325428 0.319273 0.890034
  outer loop
    vertex -94.09602693486079 78.21034513355094 218.0116502143057
    vertex -74.99396036032408 69.23390357170909 228.2160653978975
    vertex -73.55842396300783 90.86126321104844 220.982780124993
  endloop
endfacet
facet normal -0.8394 -0.524812 0.14135
  outer loop
    vertex -202.5920895121193 -139.9378022203686 43.28806737250364
    vertex -215.1229896509508 -120.244485169241 41.99241729194846
    vertex -211.3532852003243 -131.7748316058374 21.56809194814439
  endloop
endfacet
facet normal -0.634409 -0.748381 0.193523
  outer loop
    vertex -169.2894975881789 -178.0535838161827 46.23837471792882
    vertex -151.4725621006111 -195.0151645623687 39.05314995475759
    vertex -150.5190099679303 -190.5394417189797 59.48738343290648
  endloop
endfacet
facet normal -0.322736 -0.450249 0.832537
  outer loop
    vertex -82.18270936609569 -124.4279180135364 200.6581558274283
    vertex -68.02367403813739 -110.1549502850479 213.8660017348523
    vertex -90.81089340492514 -102.78467885846 209.0183997426125
  endloop
endfacet
facet normal 0.351121 0.49738 0.793302
  outer loop
    vertex 83.34137812301894 113.9509772156508 206.3235068627766
    vertex 100.4816393951828 123.2110535750134 192.9312738292878
    vertex 80.17212660286862 135.2230314136045 194.3892020954069
  endloop
endfacet
facet normal -0.293934 0.932425 0.210206
  outer loop
    vertex -63.59866678535369 237.5453808062984 45.02667698949424
    vertex -85.32475731254651 230.1261661468029 47.55663407064371
    vertex -73.59508649682817 229.8175770457651 65.3272112089456
  endloop
endfacet
facet normal 0.055223 0.292122 0.954786
  outer loop
    vertex -1.777422303068057e-14 72.57116940150479 239.2350840481018
    vertex 18.69090708266083 60.4890254782073 241.8506311530407
    vertex 21.23837811379695 83.91799210222121 234.5350760475433
  endloop
endfacet
facet normal 0.633944 0.771651 0.051669
  outer loop
    vertex 149.1271003655039 199.7892924303184 18.58350254310638
    vertex 167.0648311981345 185.0553905205452 18.54304764668739
    vertex 158.5983210409114 193.2526133406842 0
  endloop
endfacet
facet normal 0.703785 0.708486 0.0522958
  outer loop
    vertex 176.7766952966369 176.7766952966368 0
    vertex 167.0648311981345 185.0553905205452 18.54304764668739
    vertex 183.5792434489814 168.5840103447956 19.44460929834973
  endloop
endfacet
facet normal 0.71966 0.682246 0.128955
  outer loop
    vertex 171.3216595793192 177.6734574917956 39.76218633197831
    vertex 187.9318328052565 160.7279446829575 36.71721689411213
    vertex 183.5792434489814 168.5840103447956 19.44460929834973
  endloop
endfacet
facet normal -0.422336 -0.879114 0.220888
  outer loop
    vertex -95.06278100242473 -222.3080019584795 63.57845494594622
    vertex -116.4734088848139 -212.9505991412038 59.88311404856371
    vertex -108.9216019122644 -221.0653255479315 42.02625937736141
  endloop
endfacet
facet normal -0.536357 -0.046258 0.842723
  outer loop
    vertex -129.8057605781125 1.245509071666012 213.6560629326726
    vertex -145.4669311698069 -12.81575779846585 202.9165549877332
    vertex -127.3540430299475 -23.21518148576977 213.8738017441806
  endloop
endfacet
facet normal 0.0563555 -0.609953 0.790431
  outer loop
    vertex 25.68499424332324 -157.7218960479216 192.2604602557923
    vertex 18.57757732324915 -141.7809009483499 205.0684026052597
    vertex 0.9818136211374716 -156.1152965508357 195.2614919149651
  endloop
endfacet
facet normal -0.880991 0.285484 0.377297
  outer loop
    vertex -218.747902663951 60.89476689316549 104.6001072903353
    vertex -214.8256019752649 85.04001010475186 95.48904344137473
    vertex -225.5476283474025 71.6806443666902 80.56148316682162
  endloop
endfacet
facet normal -0.702697 -0.34615 0.621608
  outer loop
    vertex -183.3505220926475 -75.14330199973357 152.4338224047748
    vertex -177.5126339207224 -97.38093171418701 146.6499878520433
    vertex -166.1711558666763 -86.10645277904487 165.7492858136736
  endloop
endfacet
facet normal -0.959908 0.242765 0.140153
  outer loop
    vertex -241.3747391101841 49.16278557819628 42.67617407503699
    vertex -235.7116105406645 72.2484892801066 41.47520286952697
    vertex -241.631127168343 60.52544653199698 21.23837812683443
  endloop
endfacet
facet normal -0.740041 -0.344513 0.577625
  outer loop
    vertex -183.3505220926475 -75.14330199973357 152.4338224047748
    vertex -193.6511539776109 -83.93035737700008 133.9959912598458
    vertex -177.5126339207224 -97.38093171418701 146.6499878520433
  endloop
endfacet
facet normal 0.950909 0.287548 0.114407
  outer loop
    vertex 234.4975973814393 84.12535417471274 20.82790453481872
    vertex 235.5685923766413 71.64422472170406 43.29599692481741
    vertex 241.6969413464097 60.85138299743668 19.48583411325923
  endloop
endfacet
facet normal 0.421781 0.531283 0.734737
  outer loop
    vertex 100.4816393951828 123.2110535750134 192.9312738292878
    vertex 117.8927289274225 131.5497101541526 176.9066935545507
    vertex 97.59862271076472 143.9607589886325 179.5823173822486
  endloop
endfacet
facet normal -0.675426 0.393912 0.623404
  outer loop
    vertex -178.8057524772723 94.11033228963764 147.213274664245
    vertex -165.126923285532 88.98862760017255 165.2698501363508
    vertex -162.2615082736432 110.6372655922386 154.6951789650695
  endloop
endfacet
facet normal 0.0779213 -0.820099 0.566892
  outer loop
    vertex 32.33657970164043 -200.6282276385432 145.6113315913853
    vertex 8.399218721610474 -200.4268380088652 149.1929479923051
    vertex 17.33926801138426 -212.7749240817792 130.1006589792015
  endloop
endfacet
facet normal 0.710082 0.576736 0.403929
  outer loop
    vertex 185.7554860999513 140.6591047444638 90.60858478233034
    vertex 169.5193478725125 155.0537536884006 98.59778985360113
    vertex 177.0197182531709 136.3032005819419 112.1849226085524
  endloop
endfacet
facet normal 0.368144 -0.16806 0.914454
  outer loop
    vertex 88.70847637649433 -55.38085043830267 227.076567755661
    vertex 103.902957363119 -36.16065708866412 224.4918313215738
    vertex 83.64864279209444 -32.07253099678982 233.3972093117236
  endloop
endfacet
facet normal 0.0293626 0.427371 0.9036
  outer loop
    vertex -2.343182816378882e-14 95.67085819312794 230.9698833099736
    vertex 21.55996339869757 107.6066155100526 224.6240954944917
    vertex -2.886377196052844e-14 117.8491842314701 220.4803161206653
  endloop
endfacet
facet normal 0.671127 0.556816 0.489433
  outer loop
    vertex 165.7491270822285 131.0525463341343 133.6130868246777
    vertex 177.0197182531709 136.3032005819419 112.1849226085524
    vertex 159.7541150376138 150.4364654613748 119.7810193145702
  endloop
endfacet
facet normal 0.83239 0.169388 0.527669
  outer loop
    vertex 203.6092353671195 55.47063510261771 134.0383822437782
    vertex 203.2537166197282 33.48437325489952 141.657062753658
    vertex 215.5277657647545 37.89052258086383 120.8804801570633
  endloop
endfacet
facet normal -0.526259 -0.603384 0.599149
  outer loop
    vertex -141.4791839900128 -151.4380776784572 139.8218478156174
    vertex -120.983156869678 -160.0936817911238 149.1076416700676
    vertex -130.4530005968209 -141.122358127809 159.8952615674781
  endloop
endfacet
facet normal -0.218103 -0.440659 0.870776
  outer loop
    vertex -68.02367403813739 -110.1549502850479 213.8660017348523
    vertex -42.0236298139737 -116.5100179077914 217.1622210799665
    vertex -51.60182075685876 -98.03612126711896 224.1119609067659
  endloop
endfacet
facet normal -0.969183 -0.14887 0.196271
  outer loop
    vertex -241.2162495992564 -49.68889145069505 42.96201805863262
    vertex -239.3083194376678 -36.1778425942306 62.63139750274015
    vertex -245.0232991166775 -25.06040109432678 42.84342641491995
  endloop
endfacet
facet normal 0.722558 0.209655 0.658752
  outer loop
    vertex 175.619729718346 42.04370580919903 172.8873544695639
    vertex 190.1207994279723 49.46867201115665 154.6186667719047
    vertex 175.8763947747071 65.72263947013637 165.0697683469927
  endloop
endfacet
facet normal -0.713825 -0.432565 0.550764
  outer loop
    vertex -169.9925480882488 -119.2277701291755 139.2381859422512
    vertex -177.5126339207224 -97.38093171418701 146.6499878520433
    vertex -187.3847687375019 -106.0134010931669 127.0752030643754
  endloop
endfacet
facet normal -0.222601 -0.0110934 0.974847
  outer loop
    vertex -42.19315161171048 -0.5104050478495652 246.4132249773911
    vertex -58.526482751712 10.80712138283568 242.8123904254687
    vertex -52.93521281084902 -16.41648244013949 243.7793312587487
  endloop
endfacet
facet normal 0.931013 0.336093 0.142322
  outer loop
    vertex 226.946380772234 96.00894892463693 42.16185456986729
    vertex 235.5685923766413 71.64422472170406 43.29599692481741
    vertex 234.4975973814393 84.12535417471274 20.82790453481872
  endloop
endfacet
facet normal 0.0549947 0.192067 0.97984
  outer loop
    vertex 21.23837813219939 36.55000790818222 246.4001384257434
    vertex 18.69090708266083 60.4890254782073 241.8506311530407
    vertex -1.194544239546323e-14 48.77258050384024 245.1963198262604
  endloop
endfacet
facet normal 0.146909 -0.987609 0.055199
  outer loop
    vertex 37.85694437614447 -247.1170810820278 -3.026311423617423e-14
    vertex 50.04707153633961 -244.3748838574234 16.61946961570406
    vertex 25.90574811859909 -247.6424239358011 22.40808072139748
  endloop
endfacet
facet normal -0.786958 -0.0640086 0.613678
  outer loop
    vertex -191.2016624717569 -26.80321322979487 158.8191173272112
    vertex -190.647653629752 -7.441400224905818 161.5490567232223
    vertex -204.3482951570598 -11.35287915716743 143.5718858316137
  endloop
endfacet
facet normal 0.366783 0.893007 0.260786
  outer loop
    vertex 102.4864554283194 220.763003448133 57.09836041690445
    vertex 79.57256032770029 228.7692656364523 61.90985982097523
    vertex 91.11457764604384 219.2411295624575 78.30364518054542
  endloop
endfacet
facet normal 0.848254 -0.528721 0.0303328
  outer loop
    vertex 218.5866540361456 -121.3254906327701 -1.485808737584041e-14
    vertex 210.8497044484363 -132.4594177525102 22.29136116689659
    vertex 205.1908603018192 -142.8170537736979 -1.749004477676146e-14
  endloop
endfacet
facet normal -0.787866 -0.201199 0.582053
  outer loop
    vertex -203.0868687992661 -38.75164984386556 140.5490425285356
    vertex -198.8731701005479 -62.05893844749251 138.1960577329502
    vertex -188.2355300436207 -51.02805941109655 156.408191543585
  endloop
endfacet
facet normal -0.488845 -0.859682 0.148248
  outer loop
    vertex -120.8581293183135 -217.7446302749379 21.92233026182179
    vertex -108.9216019122644 -221.0653255479315 42.02625937736141
    vertex -132.8011574330761 -206.9671605850948 45.03828397906509
  endloop
endfacet
facet normal -0.676279 -0.434581 0.594799
  outer loop
    vertex -159.3359609259612 -108.6627465333094 159.073753559908
    vertex -177.5126339207224 -97.38093171418701 146.6499878520433
    vertex -169.9925480882488 -119.2277701291755 139.2381859422512
  endloop
endfacet
facet normal -0.279177 -0.488213 0.826867
  outer loop
    vertex -58.46543067346716 -130.1429151878186 205.2915367047124
    vertex -68.02367403813739 -110.1549502850479 213.8660017348523
    vertex -82.18270936609569 -124.4279180135364 200.6581558274283
  endloop
endfacet
facet normal -0.102925 -0.69865 0.708022
  outer loop
    vertex -37.83522765400484 -168.4433377445275 180.818520948084
    vertex -25.778584112593 -184.4321694230847 166.7940031387356
    vertex -12.91385277992576 -171.1262204781595 181.7939742434791
  endloop
endfacet
facet normal 0.03881 -0.767287 0.640128
  outer loop
    vertex -1.905250460689092 -186.9720164374637 165.9452773958658
    vertex 8.399218721610474 -200.4268380088652 149.1929479923051
    vertex 22.39720610327477 -187.5623926850764 163.7642024650584
  endloop
endfacet
facet normal -0.738892 0.327181 0.589059
  outer loop
    vertex -193.6476230572148 76.48799913679424 138.3841901097832
    vertex -180.9413504911798 72.50027908936978 156.5373348897685
    vertex -178.8057524772723 94.11033228963764 147.213274664245
  endloop
endfacet
facet normal -0.269958 0.321473 0.907622
  outer loop
    vertex -73.55842396300783 90.86126321104844 220.982780124993
    vertex -74.99396036032408 69.23390357170909 228.2160653978975
    vertex -54.42271746030183 80.81689646568435 230.2320504836175
  endloop
endfacet
facet normal 0.747839 -0.292894 0.595777
  outer loop
    vertex 195.4231848311449 -73.24830224219049 137.6388936641416
    vertex 186.2504207648262 -60.65434792488426 155.3442333745681
    vertex 178.9929639799619 -84.20052849171259 152.8783498320948
  endloop
endfacet
facet normal -0.768755 0.631022 0.104058
  outer loop
    vertex -199.9849932680011 148.6946144141279 19.89759060367312
    vertex -192.117297737967 155.1004323922024 39.1765207951549
    vertex -184.5138452326153 167.4095265952199 20.70486229461206
  endloop
endfacet
facet normal -0.0313599 0.595406 0.802812
  outer loop
    vertex -3.88441023230876e-14 158.5983210108419 193.2526132978954
    vertex -21.9421119712738 151.1583484083527 197.913358388713
    vertex -3.401774185850553e-14 138.8925582180983 207.8674030144876
  endloop
endfacet
facet normal -0.29927 -0.953842 0.0249509
  outer loop
    vertex -62.66313306467994 -242.0192797165511 -2.963881362368223e-14
    vertex -73.54380600046274 -238.0746354545884 20.29227814049306
    vertex -86.82631321120476 -234.4380330367702 -2.871037867568821e-14
  endloop
endfacet
facet normal -0.625075 0.658953 0.418405
  outer loop
    vertex -145.9094299268081 168.5095946678198 113.2031570377829
    vertex -157.5718562053679 170.8510340469246 92.09253116888182
    vertex -164.8218310070124 154.1016754643956 107.6403160649481
  endloop
endfacet
facet normal 0.433177 -0.604726 0.668329
  outer loop
    vertex 97.67977104262036 -148.1429810641629 176.1031501435574
    vertex 106.9155544927459 -161.8447160186502 157.7192191977603
    vertex 119.577479700498 -142.465752942181 167.0471058926027
  endloop
endfacet
facet normal 0.247169 -0.967657 0.0504757
  outer loop
    vertex 70.91358715811235 -238.8258027339912 20.82064131657638
    vertex 50.04707153633961 -244.3748838574234 16.61946961570406
    vertex 62.66313306468042 -242.019279716551 -2.963881362368221e-14
  endloop
endfacet
facet normal -0.0547685 0.292886 0.954577
  outer loop
    vertex -21.23837811379698 83.91799210222131 234.5350760475433
    vertex -17.95418697423189 60.58819183434812 241.8816201788357
    vertex -1.777422303068057e-14 72.57116940150479 239.2350840481018
  endloop
endfacet
facet normal 0.226377 0.931822 0.283657
  outer loop
    vertex 65.3501324843634 227.8724702051549 79.39456849732835
    vertex 61.62383365568567 235.0228950879272 58.87904474484572
    vertex 43.98716202691123 236.2829250529017 68.81503400611754
  endloop
endfacet
facet normal -0.39073 -0.63471 0.666688
  outer loop
    vertex -109.0110379920826 -150.2610919158349 167.4461043206134
    vertex -98.17095197392076 -168.4554624488741 156.4775426688128
    vertex -85.69137487857313 -157.6455961487286 174.0828948700354
  endloop
endfacet
facet normal 0.797483 -0.146816 0.585205
  outer loop
    vertex 204.2739791930956 -24.38809538817269 142.047042306259
    vertex 191.022344168136 -35.33784706990907 157.3585097570955
    vertex 200.7413043207854 -49.33247507999336 140.6031139131408
  endloop
endfacet
facet normal 0.92903 -0.295448 0.222741
  outer loop
    vertex 234.9484739133859 -73.92204127933768 42.83394003435754
    vertex 235.0066633579328 -61.4829004275208 59.09078720402022
    vertex 227.1580210879825 -81.93710701083714 64.69578000214781
  endloop
endfacet
facet normal -0.178215 -0.103962 0.978484
  outer loop
    vertex -32.04618240676199 -24.64221291210033 246.7099583234273
    vertex -52.93521281084902 -16.41648244013949 243.7793312587487
    vertex -46.40880992578559 -38.44868856866463 242.6271227802493
  endloop
endfacet
facet normal -0.0533421 0.193757 0.979598
  outer loop
    vertex -1.194544239546323e-14 48.77258050384024 245.1963198262604
    vertex -17.95418697423189 60.58819183434812 241.8816201788357
    vertex -22.50172419822838 38.79946967789549 245.9436389923938
  endloop
endfacet
facet normal 0.640643 -0.268606 0.719325
  outer loop
    vertex 151.6812533239559 -77.6269227429007 182.9394934275856
    vertex 169.5773412516288 -69.59562120923439 169.9999260074233
    vertex 159.5625737940114 -54.20657447345917 184.665731331192
  endloop
endfacet
facet normal 0.424277 -0.685536 0.591633
  outer loop
    vertex 94.50162474039827 -178.697909299284 147.0935081282985
    vertex 115.395368652749 -173.5355412201063 138.0917261349895
    vertex 106.9155544927459 -161.8447160186502 157.7192191977603
  endloop
endfacet
facet normal 0.0547142 0.00327001 0.998497
  outer loop
    vertex 0 1.530757942277972e-14 250
    vertex 15.40289102093316 -12.77503503761382 249.1978118442957
    vertex 21.23837813191896 12.22257262882971 248.7961816681651
  endloop
endfacet
facet normal -0.672198 -0.389952 0.629354
  outer loop
    vertex -166.1711558666763 -86.10645277904487 165.7492858136736
    vertex -177.5126339207224 -97.38093171418701 146.6499878520433
    vertex -159.3359609259612 -108.6627465333094 159.073753559908
  endloop
endfacet
facet normal 0.459981 -0.838848 0.291121
  outer loop
    vertex 108.5920518430841 -208.5376174807942 84.96957321266771
    vertex 109.6788515415665 -216.0194656702232 61.69392171092958
    vertex 127.0447233614948 -203.0415283282647 71.65037362166164
  endloop
endfacet
facet normal -0.439589 -0.896296 0.0584435
  outer loop
    vertex -110.0985378894084 -224.4511348926855 -2.748733639113181e-14
    vertex -97.65764058691536 -229.2003668397913 20.74071058334224
    vertex -120.8581293183135 -217.7446302749379 21.92233026182179
  endloop
endfacet
facet normal -0.918239 0.287701 0.272149
  outer loop
    vertex -225.5476283474025 71.6806443666902 80.56148316682162
    vertex -228.0254494858198 82.66078297842978 60.59364112002805
    vertex -234.2616052379491 60.9665961266927 62.48659430681144
  endloop
endfacet
facet normal -0.435454 -0.893343 0.110988
  outer loop
    vertex -120.8581293183135 -217.7446302749379 21.92233026182179
    vertex -97.65764058691536 -229.2003668397913 20.74071058334224
    vertex -108.9216019122644 -221.0653255479315 42.02625937736141
  endloop
endfacet
facet normal -0.839514 0.000918334 0.543337
  outer loop
    vertex -204.3482951570598 -11.35287915716743 143.5718858316137
    vertex -207.4039218567291 14.70889890300052 138.8065614137499
    vertex -217.6033971627496 -1.226260437604101 123.0741964368236
  endloop
endfacet
facet normal -0.289782 -0.856038 0.428048
  outer loop
    vertex -70.94987022935486 -208.0381590794839 119.1060043879277
    vertex -84.57227214177401 -212.4133137950863 101.1341431336021
    vertex -63.04673188666422 -220.4477852413485 99.63876545097979
  endloop
endfacet
facet normal 0.516328 -0.745027 0.422304
  outer loop
    vertex 140.4173359388218 -178.3664867823209 104.7299773740844
    vertex 122.2310092838139 -183.8178590222834 117.3480936100972
    vertex 125.2941778802118 -194.3542965039003 95.01461161208759
  endloop
endfacet
facet normal 0.607231 -0.361063 0.707745
  outer loop
    vertex 142.380975003501 -100.3233265137193 179.3401464097599
    vertex 161.3505053809726 -92.64361232305507 166.9825604937241
    vertex 151.6812533239559 -77.6269227429007 182.9394934275856
  endloop
endfacet
facet normal 0.1969 0.97886 0.0553564
  outer loop
    vertex 48.77258050403213 245.1963201008076 0
    vertex 36.9289704919015 246.4485670341205 19.98386712417935
    vertex 60.52544654140838 241.631127205915 21.2383776725543
  endloop
endfacet
facet normal -0.553158 0.831669 0.0484105
  outer loop
    vertex -145.8341698510901 202.1095951862828 19.59863356155958
    vertex -128.361822680087 213.968305238731 15.5179519109695
    vertex -138.8925582549005 207.8674030756364 0
  endloop
endfacet
facet normal 0.381083 -0.677407 0.629202
  outer loop
    vertex 94.50162474039827 -178.697909299284 147.0935081282985
    vertex 106.9155544927459 -161.8447160186502 157.7192191977603
    vertex 84.66102888876284 -166.811274301246 165.8508635898244
  endloop
endfacet
facet normal -0.664982 0.642032 0.381568
  outer loop
    vertex -164.8218310070124 154.1016754643956 107.6403160649481
    vertex -157.5718562053679 170.8510340469246 92.09253116888182
    vertex -175.1168096034839 156.6454578789582 85.41840270216197
  endloop
endfacet
facet normal 0.414552 -0.824223 0.385751
  outer loop
    vertex 107.3268765590935 -199.115864550785 106.4603872445641
    vertex 92.19085449791845 -211.6229769348342 96.00292693549633
    vertex 108.5920518430841 -208.5376174807942 84.96957321266771
  endloop
endfacet
facet normal 0.437522 -0.0949849 0.894177
  outer loop
    vertex 100.9311695942544 -14.1958987819117 228.2791612524226
    vertex 103.902957363119 -36.16065708866412 224.4918313215738
    vertex 121.1007916221953 -19.91371193535291 217.8027601878209
  endloop
endfacet
facet normal 0.711913 0.606416 0.354175
  outer loop
    vertex 176.7983867630865 158.9997038279867 77.21026240457041
    vertex 169.5193478725125 155.0537536884006 98.59778985360113
    vertex 185.7554860999513 140.6591047444638 90.60858478233034
  endloop
endfacet
facet normal 0.487178 -0.86128 0.144409
  outer loop
    vertex 129.722502177574 -208.6339984049029 46.302560818731
    vertex 109.283418737636 -221.131603543466 40.71791133285066
    vertex 120.5310697212357 -217.9332776139044 21.84828918509321
  endloop
endfacet
facet normal -0.0185278 -0.814153 0.580354
  outer loop
    vertex 8.399218721610474 -200.4268380088652 149.1929479923051
    vertex -16.45766089499323 -198.6918186996035 150.8333735607252
    vertex -7.338582369896804 -211.1536908744976 133.6422988386436
  endloop
endfacet
facet normal 0.978987 0.196668 0.0539023
  outer loop
    vertex 241.6969413464097 60.85138299743668 19.48583411325923
    vertex 246.6554813855485 36.5878844130718 17.95550658263547
    vertex 245.1963201008076 48.77258050403204 0
  endloop
endfacet
facet normal 0.217431 0.543938 0.810466
  outer loop
    vertex 58.12372749023489 146.1062838794465 194.3568524996726
    vertex 41.04147444075659 136.6668264812038 205.2748789191831
    vertex 61.62172922030822 125.4737422305035 207.2657774418444
  endloop
endfacet
facet normal -0.684032 0.305178 0.662546
  outer loop
    vertex -165.126923285532 88.98862760017255 165.2698501363508
    vertex -180.9413504911798 72.50027908936978 156.5373348897685
    vertex -166.268709337496 66.507195025654 174.4462934689725
  endloop
endfacet
facet normal 0.906795 -0.145462 0.395681
  outer loop
    vertex 222.317856491781 -48.94342253633302 103.340757087075
    vertex 231.5709276788012 -38.57597740883639 85.94649161502981
    vertex 227.1028624540793 -22.68619518636345 102.027576728695
  endloop
endfacet
facet normal 0.248487 -0.25165 0.935375
  outer loop
    vertex 48.59183110443317 -66.59601081144679 236.0165360603361
    vertex 71.32129797303251 -72.27383164212348 228.4507949542043
    vertex 66.40766224574131 -49.53864340778134 235.8727309469499
  endloop
endfacet
facet normal -0.193602 0.979423 0.0570062
  outer loop
    vertex -60.44427735938881 241.6561291899082 21.18500789359458
    vertex -35.70882282110969 246.5842813887191 20.5200425131041
    vertex -48.77258050403199 245.1963201008076 0
  endloop
endfacet
facet normal 0.701804 0.512561 0.494724
  outer loop
    vertex 182.6956474147963 116.0305180474506 125.136802329805
    vertex 177.0197182531709 136.3032005819419 112.1849226085524
    vertex 165.7491270822285 131.0525463341343 133.6130868246777
  endloop
endfacet
facet normal 0.556123 0.829329 0.054228
  outer loop
    vertex 138.8925582549006 207.8674030756362 0
    vertex 128.1364859477325 213.8835292691761 18.29964142621501
    vertex 149.1271003655039 199.7892924303184 18.58350254310638
  endloop
endfacet
facet normal 0.737711 0.497861 0.455979
  outer loop
    vertex 192.8399620648796 121.0673823610668 103.2251808380836
    vertex 177.0197182531709 136.3032005819419 112.1849226085524
    vertex 182.6956474147963 116.0305180474506 125.136802329805
  endloop
endfacet
facet normal -0.201579 -0.682211 0.702818
  outer loop
    vertex -61.94955100638951 -163.6992425784446 178.5071738316147
    vertex -53.98024018201941 -179.2422555614141 165.7056048875481
    vertex -37.83522765400484 -168.4433377445275 180.818520948084
  endloop
endfacet
facet normal 0.645292 -0.321082 0.693184
  outer loop
    vertex 161.3505053809726 -92.64361232305507 166.9825604937241
    vertex 169.5773412516288 -69.59562120923439 169.9999260074233
    vertex 151.6812533239559 -77.6269227429007 182.9394934275856
  endloop
endfacet
facet normal -0.838315 -0.466914 0.281457
  outer loop
    vertex -217.038095587298 -106.2583452162232 64.05957489516179
    vertex -206.6756375718445 -126.8879294202947 60.70118781129325
    vertex -202.8014903441078 -120.8287032549753 82.29204082977793
  endloop
endfacet
facet normal 0.361539 0.908325 0.210324
  outer loop
    vertex 102.4864554283194 220.763003448133 57.09836041690445
    vertex 93.29289753242335 228.7073402965385 38.59258691106483
    vertex 79.57256032770029 228.7692656364523 61.90985982097523
  endloop
endfacet
facet normal -0.814857 0.197996 0.544799
  outer loop
    vertex -207.0953955127171 58.97152242371872 127.0191194287699
    vertex -207.018222613188 36.31434309781748 135.3688442421317
    vertex -195.591477409212 54.88568880243335 145.7104496237801
  endloop
endfacet
facet normal 0.829527 0.549614 0.0990423
  outer loop
    vertex 200.0984411369641 148.0924527507386 23.00520142983225
    vertex 207.8673207647273 133.7919603326073 37.29461500608414
    vertex 214.260416484591 127.1758362173137 20.4641298441104
  endloop
endfacet
facet normal 0.195465 0.954331 0.225933
  outer loop
    vertex 43.98716202691123 236.2829250529017 68.81503400611754
    vertex 61.62383365568567 235.0228950879272 58.87904474484572
    vertex 45.90016772454653 241.8227158805135 43.76012667978611
  endloop
endfacet
facet normal -0.701068 0.704015 0.113431
  outer loop
    vertex -184.5138452326153 167.4095265952199 20.70486229461206
    vertex -175.4899493826964 172.8395840622428 42.77564548723431
    vertex -165.0479106090491 186.1061586483467 24.97368448474819
  endloop
endfacet
facet normal 0.32025 0.656547 0.682924
  outer loop
    vertex 76.32739882299948 155.1684617766203 180.5460513519814
    vertex 92.65281848074704 163.2436928138917 165.1270782883822
    vertex 71.84456981916891 173.5986783241992 164.9298537912096
  endloop
endfacet
facet normal 0.119333 0.794398 0.595559
  outer loop
    vertex 41.01899941751503 201.0959531263551 142.7510396564196
    vertex 17.93622525498956 202.5482195034343 145.4390270855484
    vertex 26.64301910721583 191.0735460215 159.0001557974779
  endloop
endfacet
facet normal -0.183094 -0.510656 0.840063
  outer loop
    vertex -34.1729444919735 -134.7373192373729 207.7933220040403
    vertex -42.0236298139737 -116.5100179077914 217.1622210799665
    vertex -58.46543067346716 -130.1429151878186 205.2915367047124
  endloop
endfacet
facet normal -0.365356 0.609409 0.703659
  outer loop
    vertex -86.65423650739567 143.6578612781056 185.3468699177866
    vertex -81.7988705224204 161.4820817221273 172.4310936691654
    vertex -103.7414773662005 150.5814825201215 170.4785118304369
  endloop
endfacet
facet normal -0.632478 0.728097 0.264283
  outer loop
    vertex -159.2480845268884 185.2849570098525 53.00502127510285
    vertex -167.3456400857678 172.5272092557676 68.77353277752458
    vertex -149.149415930384 185.9312715564921 75.39240004809041
  endloop
endfacet
facet normal 0.0207737 0.803034 0.595571
  outer loop
    vertex -4.73316756274763e-14 193.2526132978954 158.5983210108419
    vertex 17.93622525498956 202.5482195034343 145.4390270855484
    vertex -5.091114849681968e-14 207.8674030144878 138.8925582180984
  endloop
endfacet
facet normal 0.994107 0.0927708 0.0560875
  outer loop
    vertex 248.7961816680492 24.50428508239013 0
    vertex 246.6554813855485 36.5878844130718 17.95550658263547
    vertex 248.8028529711685 11.34893064237214 21.64121361388349
  endloop
endfacet
facet normal -0.121758 -0.287214 0.950096
  outer loop
    vertex -39.67937419177002 -60.67435212063418 239.2575396063639
    vertex -34.9673273397322 -84.74010421332059 232.5863296856279
    vertex -16.38317535777104 -68.73006687884464 239.8077760874865
  endloop
endfacet
facet normal -0.13384 -0.956952 0.257545
  outer loop
    vertex -45.98700402908385 -238.662082638292 58.52867477725865
    vertex -21.87204134709664 -242.3189829859701 57.47281350304713
    vertex -30.32343894067812 -235.7703514644315 77.41337365823419
  endloop
endfacet
facet normal -0.0745965 -0.825778 0.55904
  outer loop
    vertex -7.338582369896804 -211.1536908744976 133.6422988386436
    vertex -16.45766089499323 -198.6918186996035 150.8333735607252
    vertex -31.86683928753173 -207.1701566272945 136.2535531897971
  endloop
endfacet
facet normal 0.175017 -0.0327723 0.98402
  outer loop
    vertex 55.06379779032645 -2.287922115466319 243.8498381900214
    vertex 36.39475337928732 2.366815411006432 247.3253325303962
    vertex 37.76954974393701 -19.65970883709835 246.3472284410377
  endloop
endfacet
facet normal 0.415793 -0.724697 0.549482
  outer loop
    vertex 102.1843938736375 -189.7382260927562 126.7191982607665
    vertex 115.395368652749 -173.5355412201063 138.0917261349895
    vertex 94.50162474039827 -178.697909299284 147.0935081282985
  endloop
endfacet
facet normal 0.138449 0.591467 0.794354
  outer loop
    vertex 41.04147444075659 136.6668264812038 205.2748789191831
    vertex 38.25072436024027 158.5759669371047 189.4480002424918
    vertex 20.28937562380879 147.2330664993977 201.0242904874432
  endloop
endfacet
facet normal 0.44851 0.265812 0.853336
  outer loop
    vertex 107.3544344498587 54.845115002143 219.0137866992685
    vertex 124.2580579405166 64.9748915830553 206.9739077773366
    vertex 106.6800190357448 79.0175545207445 211.8386169141365
  endloop
endfacet
facet normal 0.0540501 0.551494 0.832426
  outer loop
    vertex 20.93433686321537 128.0165245549609 213.7136471565784
    vertex 20.28937562380879 147.2330664993977 201.0242904874432
    vertex -3.401774185850553e-14 138.8925582180983 207.8674030144876
  endloop
endfacet
facet normal -0.949927 0.24323 0.196155
  outer loop
    vertex -234.2616052379491 60.9665961266927 62.48659430681144
    vertex -235.7116105406645 72.2484892801066 41.47520286952697
    vertex -241.3747391101841 49.16278557819628 42.67617407503699
  endloop
endfacet
facet normal -0.700734 0.33989 0.627253
  outer loop
    vertex -178.8057524772723 94.11033228963764 147.213274664245
    vertex -180.9413504911798 72.50027908936978 156.5373348897685
    vertex -165.126923285532 88.98862760017255 165.2698501363508
  endloop
endfacet
facet normal 0.467787 0.879064 0.0917693
  outer loop
    vertex 128.1364859477325 213.8835292691761 18.29964142621501
    vertex 106.2523062517895 225.639484662839 17.24153059517521
    vertex 113.9236811664476 219.5921800074168 36.06479376172634
  endloop
endfacet
facet normal -0.20347 0.92508 0.320667
  outer loop
    vertex -61.63642458799445 226.4405248195557 86.17215259846225
    vertex -40.96183137776563 230.0526648684851 88.87012859835399
    vertex -52.19885042029291 234.9801887109919 67.52474308093693
  endloop
endfacet
facet normal 0.052597 0.762095 0.645325
  outer loop
    vertex -4.73316756274763e-14 193.2526132978954 158.5983210108419
    vertex 16.12754123136876 181.4792448007551 171.1875758353336
    vertex 26.64301910721583 191.0735460215 159.0001557974779
  endloop
endfacet
facet normal -0.107869 0.974996 0.194287
  outer loop
    vertex -21.23837813222485 246.4001384257437 36.5500079081658
    vertex -40.38565640279067 242.1508556529773 47.24364363008729
    vertex -20.88934536120232 241.6597555487125 60.53261764137528
  endloop
endfacet
facet normal -0.411917 0.486223 0.770656
  outer loop
    vertex -90.03072178990858 122.9367610933769 198.1944043252938
    vertex -107.7616481438705 131.2119641592036 183.4961788452297
    vertex -110.8390957859885 110.0670387484049 195.1920639434442
  endloop
endfacet
facet normal -0.565164 -0.813128 0.139328
  outer loop
    vertex -132.8011574330761 -206.9671605850948 45.03828397906509
    vertex -151.4725621006111 -195.0151645623687 39.05314995475759
    vertex -142.3173482615777 -204.4475021806204 21.14216724695076
  endloop
endfacet
facet normal -0.566426 0.00144654 0.824111
  outer loop
    vertex -129.8057605781125 1.245509071666012 213.6560629326726
    vertex -147.4124706275135 12.37549495649514 201.535134971732
    vertex -145.4669311698069 -12.81575779846585 202.9165549877332
  endloop
endfacet
facet normal 0.801523 0.530984 0.274985
  outer loop
    vertex 200.8571051723648 125.1211755463101 80.62949045905611
    vertex 206.4981522378979 129.0747956150108 56.5527210598848
    vertex 192.5029020958911 144.4262989269489 67.70285712526017
  endloop
endfacet
facet normal 0.0990508 0.629594 0.770584
  outer loop
    vertex 20.28937562380879 147.2330664993977 201.0242904874432
    vertex 38.25072436024027 158.5759669371047 189.4480002424918
    vertex 18.60294838233677 167.1984516886698 184.9286566879122
  endloop
endfacet
facet normal 0.993531 -0.101159 0.0516117
  outer loop
    vertex 248.7173308479738 -25.29208049685802 -3.097386542425438e-15
    vertex 249.2819924216838 -12.48309789183256 14.23588849698304
    vertex 246.649067484771 -34.48791206626055 21.79039766050063
  endloop
endfacet
facet normal 0.211567 -0.583787 0.783857
  outer loop
    vertex 61.83900474364645 -135.8605631055016 200.5438727185931
    vertex 39.54376446565783 -143.9786422339586 200.5154389875012
    vertex 50.59121784927 -157.2662549457978 187.6375594912997
  endloop
endfacet
facet normal 0.791293 -0.518795 0.323586
  outer loop
    vertex 188.8198481339911 -140.3920437545854 84.48158971673703
    vertex 202.8098805124606 -129.736565199241 67.35410913095465
    vertex 200.1863802637122 -119.2560370524619 90.5726823244969
  endloop
endfacet
facet normal -0.666682 0.66951 0.327554
  outer loop
    vertex -157.5718562053679 170.8510340469246 92.09253116888182
    vertex -167.3456400857678 172.5272092557676 68.77353277752458
    vertex -175.1168096034839 156.6454578789582 85.41840270216197
  endloop
endfacet
facet normal -0.12767 0.232497 0.964181
  outer loop
    vertex -17.95418697423189 60.58819183434812 241.8816201788357
    vertex -37.79081975208254 70.37278262567415 236.8956002292681
    vertex -42.26690264002545 48.41236134516046 241.598328243811
  endloop
endfacet
facet normal -0.90064 -0.202701 0.384395
  outer loop
    vertex -226.6175718416 -59.72678043508915 87.04704378366858
    vertex -219.3622889777405 -58.0475056051833 104.9317552862929
    vertex -225.2653659109698 -38.85449640920308 101.2217517620799
  endloop
endfacet
facet normal 0.717878 0.023227 0.695782
  outer loop
    vertex 174.7559469169279 -6.737449321565898 178.6476022615675
    vertex 189.0366811982657 6.484784444603999 163.4719570209285
    vertex 174.0132995297473 18.0698152610036 178.5857031321478
  endloop
endfacet
facet normal -0.502446 0.159554 0.849759
  outer loop
    vertex -132.7510472068372 49.73143469773169 205.9221791560912
    vertex -130.7936626430563 27.15171020994955 211.3191956379952
    vertex -113.5171126956056 40.30552479416009 219.0646703517492
  endloop
endfacet
facet normal -0.0537304 -0.997098 0.0539241
  outer loop
    vertex -12.66229220967787 -249.6791267927632 -3.057687434406636e-14
    vertex -0.3509605375789856 -249.4313527463289 16.8486525822547
    vertex -25.62151793827986 -247.9450507128325 19.15175306726104
  endloop
endfacet
facet normal 0.0557002 -0.99678 0.0576792
  outer loop
    vertex 25.90574811859909 -247.6424239358011 22.40808072139748
    vertex -0.3509605375789856 -249.4313527463289 16.8486525822547
    vertex 12.66229220967848 -249.6791267927632 -3.057687434406636e-14
  endloop
endfacet
facet normal 0.285668 -0.428958 0.856965
  outer loop
    vertex 57.74193177269819 -110.9729478886184 216.4506275159927
    vertex 78.94011209817027 -116.7029486161982 206.5160538220051
    vertex 75.96138714242078 -94.37740690646523 218.6841849083073
  endloop
endfacet
facet normal 0.549448 -0.148054 0.822306
  outer loop
    vertex 148.5040482836677 -38.51013157887555 197.3917865797353
    vertex 139.0506285468827 -23.23853955485319 206.4579690398856
    vertex 126.6754445424204 -44.08800573850893 210.9729354679917
  endloop
endfacet
facet normal -0.780052 -0.377694 0.498864
  outer loop
    vertex -187.3847687375019 -106.0134010931669 127.0752030643754
    vertex -193.6511539776109 -83.93035737700008 133.9959912598458
    vertex -202.9319659874452 -92.06925225906861 113.3219747839154
  endloop
endfacet
facet normal -0.390519 -0.749858 0.534048
  outer loop
    vertex -94.29654547112597 -196.2350899287836 122.8818578670345
    vertex -87.60070677748163 -185.1983464925306 143.2748708899026
    vertex -108.758771622345 -179.1378629550408 136.3127127273888
  endloop
endfacet
facet normal 0.37827 0.924145 0.0535574
  outer loop
    vertex 83.4534739536347 234.8161045036861 19.92271946256287
    vertex 106.2523062517895 225.639484662839 17.24153059517521
    vertex 95.67085809127255 230.9698831278216 0
  endloop
endfacet
facet normal 0.048032 -0.994492 0.0931596
  outer loop
    vertex 6.793829934501384 -247.276375890263 36.16957010248326
    vertex -0.3509605375789856 -249.4313527463289 16.8486525822547
    vertex 25.90574811859909 -247.6424239358011 22.40808072139748
  endloop
endfacet
facet normal 0.740284 -0.600877 0.30154
  outer loop
    vertex 175.6394171764731 -160.2701711293137 77.22866941809471
    vertex 189.5592714622946 -150.6474948707779 62.23033739136419
    vertex 188.8198481339911 -140.3920437545854 84.48158971673703
  endloop
endfacet
facet normal -0.0229503 0.802996 0.595542
  outer loop
    vertex -5.091114849681968e-14 207.8674030144878 138.8925582180984
    vertex -18.34530733509097 203.1441108456351 144.5542110334991
    vertex -4.73316756274763e-14 193.2526132978954 158.5983210108419
  endloop
endfacet
facet normal 0.812963 -0.57056 0.116413
  outer loop
    vertex 196.5977730597668 -152.9295183530065 21.49134812564993
    vertex 210.8497044484363 -132.4594177525102 22.29136116689659
    vertex 201.5124602174297 -141.4625950418433 43.371218349803
  endloop
endfacet
facet normal -0.264277 -0.0625398 0.962417
  outer loop
    vertex -68.66793069374573 -28.77454177055604 238.6561146087262
    vertex -52.93521281084902 -16.41648244013949 243.7793312587487
    vertex -73.00251985447592 -4.112387009415596 239.0684428526309
  endloop
endfacet
facet normal 0.967217 -0.112327 0.227759
  outer loop
    vertex 238.4593063652182 -39.21189209103898 64.02801516882822
    vertex 244.2919801224893 -30.16699772973804 43.71934006600842
    vertex 243.0949482109847 -14.53675979201724 56.51131540716313
  endloop
endfacet
facet normal 0.188699 0.701441 0.687294
  outer loop
    vertex 49.708162425675 183.8720863341104 161.9263859147241
    vertex 34.14642344212855 175.7873803981238 174.450046313769
    vertex 54.81878955775612 166.5472612448055 178.2046859184038
  endloop
endfacet
facet normal -0.15999 -0.0551538 0.985577
  outer loop
    vertex -42.19315161171048 -0.5104050478495652 246.4132249773911
    vertex -52.93521281084902 -16.41648244013949 243.7793312587487
    vertex -32.04618240676199 -24.64221291210033 246.7099583234273
  endloop
endfacet
facet normal -0.689867 0.121853 0.713607
  outer loop
    vertex -182.1645982147375 27.62791445881306 168.975612145421
    vertex -166.0080067963441 20.7226065867117 185.7738282314205
    vertex -167.2634298571977 43.04734619178271 180.7480871772953
  endloop
endfacet
facet normal -0.917159 0.382849 0.110657
  outer loop
    vertex -234.4579820882028 84.23565919847816 20.82806650953983
    vertex -227.1416729459368 95.69367190308112 41.82560900963136
    vertex -224.5759211967546 107.7281174928894 21.45479713414425
  endloop
endfacet
facet normal -0.0749637 -0.956389 0.282314
  outer loop
    vertex -30.32343894067812 -235.7703514644315 77.41337365823419
    vertex -21.87204134709664 -242.3189829859701 57.47281350304713
    vertex -5.585549470225423 -238.4584234656151 74.87577655963958
  endloop
endfacet
facet normal -0.28918 0.681662 0.672095
  outer loop
    vertex -81.7988705224204 161.4820817221273 172.4310936691654
    vertex -59.20327100090958 171.3038132773975 172.1916846407381
    vertex -74.67961452907301 179.1086093133599 157.6168177689908
  endloop
endfacet
facet normal -0.350063 -0.706249 0.61536
  outer loop
    vertex -98.17095197392076 -168.4554624488741 156.4775426688128
    vertex -87.60070677748163 -185.1983464925306 143.2748708899026
    vertex -76.17486603659249 -175.1581163843784 161.2979356624992
  endloop
endfacet
facet normal 0.942775 0.0355242 0.331533
  outer loop
    vertex 233.0716234558256 20.53187560460539 88.06849847603205
    vertex 233.5765533590486 -2.368074111672417 89.08639596430608
    vertex 239.555198954852 4.144296671681412 71.38719394119929
  endloop
endfacet
facet normal -0.703859 0.648415 0.290069
  outer loop
    vertex -175.1168096034839 156.6454578789582 85.41840270216197
    vertex -167.3456400857678 172.5272092557676 68.77353277752458
    vertex -183.8986067742531 157.6673506270537 61.82482489044613
  endloop
endfacet
facet normal 0.419107 0.64649 0.637495
  outer loop
    vertex 106.5382092476797 170.1282831963329 149.0167011679092
    vertex 92.65281848074704 163.2436928138917 165.1270782883822
    vertex 113.1973807781139 151.782222885081 163.2437128989606
  endloop
endfacet
facet normal -0.427434 0.903732 0.0238385
  outer loop
    vertex -117.8491842064993 220.4803160870888 0
    vertex -108.1271561396149 224.5648823439237 19.47130511853374
    vertex -95.67085809127238 230.9698831278217 0
  endloop
endfacet
facet normal 0.049055 0.998538 0.0226992
  outer loop
    vertex 0 250 0
    vertex 17.88824602801245 248.7135553138918 17.93259761342331
    vertex 24.50428508239019 248.7961816680492 0
  endloop
endfacet
facet normal -0.551996 0.814052 0.18061
  outer loop
    vertex -128.7085275336722 210.8536098183169 38.40403841653767
    vertex -148.5598861643101 197.1944436188667 39.29773057942187
    vertex -139.5983729351353 199.1310494591877 57.9579107210176
  endloop
endfacet
facet normal -0.0226753 0.998539 0.0490551
  outer loop
    vertex 0 250 0
    vertex -17.91261831180737 248.7132409235566 17.91261830432471
    vertex -6.093547686933876e-14 248.7961812346481 24.50428506004544
  endloop
endfacet
facet normal -0.0490551 0.998539 0.0226753
  outer loop
    vertex -24.5042850823901 248.7961816680492 0
    vertex -17.91261831180737 248.7132409235566 17.91261830432471
    vertex 0 250 0
  endloop
endfacet
facet normal 0.601215 -0.747224 0.28319
  outer loop
    vertex 143.4184376122334 -187.4614208027903 82.39761806912327
    vertex 143.4268770417609 -194.9821292580387 62.53559156231829
    vertex 160.7076330498021 -179.8933161960155 65.66164380770998
  endloop
endfacet
facet normal -0.0226875 0.427445 0.903757
  outer loop
    vertex -2.886377196052844e-14 117.8491842314701 220.4803161206653
    vertex -19.17193806109573 106.5740028463486 225.3317969312986
    vertex -2.343182816378882e-14 95.67085819312794 230.9698833099736
  endloop
endfacet
facet normal 0.0226339 0.99854 0.0490551
  outer loop
    vertex -6.093547686933876e-14 248.7961812346481 24.50428506004544
    vertex 17.88824602801245 248.7135553138918 17.93259761342331
    vertex 0 250 0
  endloop
endfacet
facet normal -0.160084 -0.380297 0.910905
  outer loop
    vertex -51.60182075685876 -98.03612126711896 224.1119609067659
    vertex -29.82070702782932 -102.1226637213907 226.2336999361681
    vertex -34.9673273397322 -84.74010421332059 232.5863296856279
  endloop
endfacet
facet normal -0.549866 0.335941 0.764716
  outer loop
    vertex -130.9875840235998 96.79778232440226 189.6640244451699
    vertex -149.2256780580515 82.0437774342098 183.0314606630254
    vertex -132.1194885441347 73.23803362066747 199.1999778569622
  endloop
endfacet
facet normal -0.745313 0.0604734 0.663967
  outer loop
    vertex -194.6566479775824 10.21881463816278 156.5387020053585
    vertex -179.6031321814178 6.359349357522852 173.7880133564256
    vertex -182.1645982147375 27.62791445881306 168.975612145421
  endloop
endfacet
facet normal 0.807382 0.574213 0.1357
  outer loop
    vertex 197.712126856132 146.2969455936064 44.80087726826525
    vertex 207.8673207647273 133.7919603326073 37.29461500608414
    vertex 200.0984411369641 148.0924527507386 23.00520142983225
  endloop
endfacet
facet normal -0.233066 -0.949199 0.211428
  outer loop
    vertex -69.4099084437081 -232.7641925433935 59.18695193586226
    vertex -61.149747613063 -239.1332246201787 39.69898297959115
    vertex -45.98700402908385 -238.662082638292 58.52867477725865
  endloop
endfacet
facet normal -0.0137198 -0.783695 0.620994
  outer loop
    vertex -1.905250460689092 -186.9720164374637 165.9452773958658
    vertex -16.45766089499323 -198.6918186996035 150.8333735607252
    vertex 8.399218721610474 -200.4268380088652 149.1929479923051
  endloop
endfacet
facet normal 0.8583 -0.390046 0.333446
  outer loop
    vertex 214.8420115911169 -105.7242562808625 71.8699637494058
    vertex 219.8181021307217 -84.40847765888613 83.9953026957873
    vertex 209.3502764262225 -96.78124288625791 96.46684811714019
  endloop
endfacet
facet normal -0.651389 -0.745043 0.143537
  outer loop
    vertex -162.2471540283736 -188.9858872164555 21.45216638715931
    vertex -151.4725621006111 -195.0151645623687 39.05314995475759
    vertex -169.2894975881789 -178.0535838161827 46.23837471792882
  endloop
endfacet
facet normal 0.890677 -0.28596 0.353442
  outer loop
    vertex 216.7172173471668 -73.25813878460738 100.8310111380228
    vertex 219.8181021307217 -84.40847765888613 83.9953026957873
    vertex 228.41597396131 -60.92760469433706 81.32631693072508
  endloop
endfacet
facet normal 0.718616 0.672776 0.175964
  outer loop
    vertex 182.6992275752425 161.5111178318214 55.09220507590212
    vertex 187.9318328052565 160.7279446829575 36.71721689411213
    vertex 171.3216595793192 177.6734574917956 39.76218633197831
  endloop
endfacet
facet normal 0.392377 0.0866534 0.915714
  outer loop
    vertex 107.8461879276549 28.37249824671099 223.750309704173
    vertex 86.57571854522598 25.75488366133641 233.1122710754817
    vertex 95.02773360767705 9.29301353891038 231.0484142874692
  endloop
endfacet
facet normal -0.395211 -0.709547 0.583396
  outer loop
    vertex -108.758771622345 -179.1378629550408 136.3127127273888
    vertex -87.60070677748163 -185.1983464925306 143.2748708899026
    vertex -98.17095197392076 -168.4554624488741 156.4775426688128
  endloop
endfacet
facet normal 0.176452 0.59106 0.787091
  outer loop
    vertex 58.12372749023489 146.1062838794465 194.3568524996726
    vertex 38.25072436024027 158.5759669371047 189.4480002424918
    vertex 41.04147444075659 136.6668264812038 205.2748789191831
  endloop
endfacet
facet normal -0.910735 -0.398149 0.109719
  outer loop
    vertex -223.1934056155273 -110.6398258085658 21.0602145001647
    vertex -224.3957791537212 -102.6077030806038 40.22677673536674
    vertex -232.9339110436501 -87.25514488036673 25.06656693317042
  endloop
endfacet
facet normal 0.115157 -0.0368923 0.992662
  outer loop
    vertex 37.76954974393701 -19.65970883709835 246.3472284410377
    vertex 36.39475337928732 2.366815411006432 247.3253325303962
    vertex 15.40289102093316 -12.77503503761382 249.1978118442957
  endloop
endfacet
facet normal 0.995425 -0.00952942 0.0950738
  outer loop
    vertex 247.418618768377 -11.8832113697828 33.80556720851763
    vertex 249.2819924216838 -12.48309789183256 14.23588849698304
    vertex 248.8028529711685 11.34893064237214 21.64121361388349
  endloop
endfacet
facet normal 0.359552 -0.442882 0.821327
  outer loop
    vertex 100.3452157540632 -113.358557092838 198.948926132061
    vertex 93.21382324696698 -99.41336984516967 209.590469849444
    vertex 78.94011209817027 -116.7029486161982 206.5160538220051
  endloop
endfacet
facet normal 0.577674 -0.0430125 0.815133
  outer loop
    vertex 138.4783776112535 0.9761728751274564 208.1412645793067
    vertex 139.0506285468827 -23.23853955485319 206.4579690398856
    vertex 155.0405915871215 -14.22953262462526 195.601470755207
  endloop
endfacet
facet normal -0.760317 0.268938 0.591261
  outer loop
    vertex -193.6476230572148 76.48799913679424 138.3841901097832
    vertex -195.591477409212 54.88568880243335 145.7104496237801
    vertex -180.9413504911798 72.50027908936978 156.5373348897685
  endloop
endfacet
facet normal -0.767115 0.606283 0.209658
  outer loop
    vertex -183.8986067742531 157.6673506270537 61.82482489044613
    vertex -192.117297737967 155.1004323922024 39.1765207951549
    vertex -199.2236845106378 140.4762187748527 55.46490321568767
  endloop
endfacet
facet normal 0.25417 -0.949166 0.18569
  outer loop
    vertex 51.86213898366424 -241.3099722776963 39.74689697795996
    vertex 75.85945645840344 -234.803555967974 40.15760165435804
    vertex 67.44029076326655 -233.3110233044883 59.31082183192702
  endloop
endfacet
facet normal 0.676706 0.589912 0.440537
  outer loop
    vertex 177.0197182531709 136.3032005819419 112.1849226085524
    vertex 169.5193478725125 155.0537536884006 98.59778985360113
    vertex 159.7541150376138 150.4364654613748 119.7810193145702
  endloop
endfacet
facet normal -0.948731 -0.296428 0.109728
  outer loop
    vertex -232.9339110436501 -87.25514488036673 25.06656693317042
    vertex -236.5671185248916 -69.81646844208665 40.76345381717565
    vertex -241.2091539603271 -62.17193221076121 21.27897767571932
  endloop
endfacet
facet normal 0.221967 0.840564 0.494149
  outer loop
    vertex 43.03374630689425 214.9534208100575 120.1795471819069
    vertex 59.43475764263833 202.3768827847331 134.2054652325874
    vertex 68.0416945130272 209.6980848182847 117.8857117353046
  endloop
endfacet
facet normal -0.930671 0.3381 0.139784
  outer loop
    vertex -235.7116105406645 72.2484892801066 41.47520286952697
    vertex -227.1416729459368 95.69367190308112 41.82560900963136
    vertex -234.4579820882028 84.23565919847816 20.82806650953983
  endloop
endfacet
facet normal 0.998566 0.00347857 0.0534144
  outer loop
    vertex 248.8028529711685 11.34893064237214 21.64121361388349
    vertex 249.2819924216838 -12.48309789183256 14.23588849698304
    vertex 250 1.530808498934192e-14 0
  endloop
endfacet
facet normal 0.965238 -0.162136 0.205007
  outer loop
    vertex 241.2594093178285 -50.1078213396036 42.22681205360923
    vertex 244.2919801224893 -30.16699772973804 43.71934006600842
    vertex 238.4593063652182 -39.21189209103898 64.02801516882822
  endloop
endfacet
facet normal -0.313927 -0.406135 0.858198
  outer loop
    vertex -90.81089340492514 -102.78467885846 209.0183997426125
    vertex -68.02367403813739 -110.1549502850479 213.8660017348523
    vertex -74.80658575797851 -90.10341123613216 220.874059162335
  endloop
endfacet
facet normal 0.870006 0.0981183 0.48318
  outer loop
    vertex 214.024575453595 13.95730325984666 128.4471673008832
    vertex 223.8062648709025 23.51323902039505 108.8939088990069
    vertex 215.5277657647545 37.89052258086383 120.8804801570633
  endloop
endfacet
facet normal -0.513285 -0.826418 0.231459
  outer loop
    vertex -132.8011574330761 -206.9671605850948 45.03828397906509
    vertex -116.4734088848139 -212.9505991412038 59.88311404856371
    vertex -131.5219499750142 -200.8406642100229 69.74958261127217
  endloop
endfacet
facet normal -0.310792 0.611768 0.727426
  outer loop
    vertex -64.942147838857 154.454401335111 185.5434055478354
    vertex -81.7988705224204 161.4820817221273 172.4310936691654
    vertex -86.65423650739567 143.6578612781056 185.3468699177866
  endloop
endfacet
facet normal -0.0425039 -0.978278 0.202894
  outer loop
    vertex -21.87204134709664 -242.3189829859701 57.47281350304713
    vertex -13.88275624312062 -246.7050510546657 37.99851132885185
    vertex 1.985058206915605 -243.8855778050095 54.91706913730771
  endloop
endfacet
facet normal -0.199436 0.371278 0.906851
  outer loop
    vertex -54.42271746030183 80.81689646568435 230.2320504836175
    vertex -36.91695943441062 95.66844331958873 228.0015067031898
    vertex -53.60453132508113 104.171694776924 220.850203143945
  endloop
endfacet
facet normal -0.122901 0.798592 0.589191
  outer loop
    vertex -27.34538895031076 192.1575528193393 157.5680951133161
    vertex -18.34530733509097 203.1441108456351 144.5542110334991
    vertex -40.71973225572508 203.3601750915582 139.594206870317
  endloop
endfacet
facet normal -0.83884 0.390225 0.379568
  outer loop
    vertex -211.3097905874677 104.4183632997456 83.33653345131945
    vertex -214.8256019752649 85.04001010475186 95.48904344137473
    vertex -202.4718590907523 101.8772892505253 105.4806342951129
  endloop
endfacet
facet normal 0.506282 -0.662332 0.552263
  outer loop
    vertex 127.8441701464967 -155.9607784907049 147.7569075614635
    vertex 115.395368652749 -173.5355412201063 138.0917261349895
    vertex 134.5687109541652 -167.9753243595662 127.1831452608122
  endloop
endfacet
facet normal 0.386068 -0.636119 0.66806
  outer loop
    vertex 84.66102888876284 -166.811274301246 165.8508635898244
    vertex 106.9155544927459 -161.8447160186502 157.7192191977603
    vertex 97.67977104262036 -148.1429810641629 176.1031501435574
  endloop
endfacet
facet normal 0.886434 0.143551 0.440031
  outer loop
    vertex 215.5277657647545 37.89052258086383 120.8804801570633
    vertex 223.8062648709025 23.51323902039505 108.8939088990069
    vertex 225.0635643217532 42.83473310555985 100.0578715272493
  endloop
endfacet
facet normal 0.671412 0.740789 0.0209187
  outer loop
    vertex 158.5983210409114 193.2526133406842 0
    vertex 167.0648311981345 185.0553905205452 18.54304764668739
    vertex 176.7766952966369 176.7766952966368 0
  endloop
endfacet
facet normal -0.195911 0.712925 0.673318
  outer loop
    vertex -51.19839562056697 186.3973333820112 158.5394537456064
    vertex -59.20327100090958 171.3038132773975 172.1916846407381
    vertex -36.47810091407853 178.0381491037321 171.6734272315304
  endloop
endfacet
facet normal 0.299882 0.107022 0.947954
  outer loop
    vertex 71.24726126724863 15.25816976637728 239.1464321651001
    vertex 86.57571854522598 25.75488366133641 233.1122710754817
    vertex 68.35218818882868 37.07687629328726 237.59899750237
  endloop
endfacet
facet normal -0.153873 0.746376 0.647493
  outer loop
    vertex -51.19839562056697 186.3973333820112 158.5394537456064
    vertex -36.47810091407853 178.0381491037321 171.6734272315304
    vertex -27.34538895031076 192.1575528193393 157.5680951133161
  endloop
endfacet
facet normal 0.110637 0.550237 0.827646
  outer loop
    vertex 20.93433686321537 128.0165245549609 213.7136471565784
    vertex 41.04147444075659 136.6668264812038 205.2748789191831
    vertex 20.28937562380879 147.2330664993977 201.0242904874432
  endloop
endfacet
facet normal 0.454439 -0.729415 0.511311
  outer loop
    vertex 102.1843938736375 -189.7382260927562 126.7191982607665
    vertex 122.2310092838139 -183.8178590222834 117.3480936100972
    vertex 115.395368652749 -173.5355412201063 138.0917261349895
  endloop
endfacet
facet normal 0.480061 -0.224673 0.847976
  outer loop
    vertex 126.6754445424204 -44.08800573850893 210.9729354679917
    vertex 107.8003648357697 -56.0682444856004 218.4844005909298
    vertex 120.2238627883247 -69.38627362996287 207.9225044289386
  endloop
endfacet
facet normal -0.736566 -0.608861 0.294548
  outer loop
    vertex -193.0366590901941 -143.5848816960618 67.97227372704351
    vertex -180.1801441268335 -161.0405787338098 64.03942272938701
    vertex -176.7187169756342 -155.2558976627764 84.65282813592944
  endloop
endfacet
facet normal -0.705313 0.252568 0.662376
  outer loop
    vertex -166.268709337496 66.507195025654 174.4462934689725
    vertex -180.9413504911798 72.50027908936978 156.5373348897685
    vertex -182.032510965111 50.70386801569538 163.6865379925414
  endloop
endfacet
facet normal 0.0484764 -0.980626 0.189797
  outer loop
    vertex 24.70451104744802 -244.0697704179757 48.16258197006404
    vertex 1.985058206915605 -243.8855778050095 54.91706913730771
    vertex 6.793829934501384 -247.276375890263 36.16957010248326
  endloop
endfacet
facet normal 0.382093 -0.106585 0.917957
  outer loop
    vertex 83.64864279209444 -32.07253099678982 233.3972093117236
    vertex 103.902957363119 -36.16065708866412 224.4918313215738
    vertex 100.9311695942544 -14.1958987819117 228.2791612524226
  endloop
endfacet
facet normal -0.768553 -0.292745 0.568882
  outer loop
    vertex -198.8731701005479 -62.05893844749251 138.1960577329502
    vertex -193.6511539776109 -83.93035737700008 133.9959912598458
    vertex -183.3505220926475 -75.14330199973357 152.4338224047748
  endloop
endfacet
facet normal 0.0213188 0.242925 0.969811
  outer loop
    vertex -1.194544239546323e-14 48.77258050384024 245.1963198262604
    vertex 18.69090708266083 60.4890254782073 241.8506311530407
    vertex -1.777422303068057e-14 72.57116940150479 239.2350840481018
  endloop
endfacet
facet normal -0.0170821 -0.992977 0.117069
  outer loop
    vertex 6.793829934501384 -247.276375890263 36.16957010248326
    vertex -13.88275624312062 -246.7050510546657 37.99851132885185
    vertex -0.3509605375789856 -249.4313527463289 16.8486525822547
  endloop
endfacet
facet normal 0.324715 -0.418865 0.848005
  outer loop
    vertex 78.94011209817027 -116.7029486161982 206.5160538220051
    vertex 93.21382324696698 -99.41336984516967 209.590469849444
    vertex 75.96138714242078 -94.37740690646523 218.6841849083073
  endloop
endfacet
facet normal -0.194861 -0.963979 0.181033
  outer loop
    vertex -61.149747613063 -239.1332246201787 39.69898297959115
    vertex -36.78525771774131 -244.1519558803428 39.20034763165366
    vertex -45.98700402908385 -238.662082638292 58.52867477725865
  endloop
endfacet
facet normal -0.248671 0.718955 0.64905
  outer loop
    vertex -74.67961452907301 179.1086093133599 157.6168177689908
    vertex -59.20327100090958 171.3038132773975 172.1916846407381
    vertex -51.19839562056697 186.3973333820112 158.5394537456064
  endloop
endfacet
facet normal -0.353204 -0.886611 0.29861
  outer loop
    vertex -76.82848858995696 -223.9389893014552 80.3038754458688
    vertex -94.3953826486852 -215.5680117205162 84.37976094699312
    vertex -95.06278100242473 -222.3080019584795 63.57845494594622
  endloop
endfacet
facet normal -0.881983 0.190744 0.430955
  outer loop
    vertex -224.870456600761 35.49404011445314 103.3123945348226
    vertex -215.3689278710634 42.88352351849147 119.4873563114846
    vertex -218.747902663951 60.89476689316549 104.6001072903353
  endloop
endfacet
facet normal 0.315365 0.813075 0.489341
  outer loop
    vertex 68.0416945130272 209.6980848182847 117.8857117353046
    vertex 79.26783975592943 195.9597021910633 133.4781056863562
    vertex 90.38957302484192 202.3219404209936 115.7391788145686
  endloop
endfacet
facet normal 0.415802 0.892177 0.176434
  outer loop
    vertex 113.9236811664476 219.5921800074168 36.06479376172634
    vertex 93.29289753242335 228.7073402965385 38.59258691106483
    vertex 102.4864554283194 220.763003448133 57.09836041690445
  endloop
endfacet
facet normal -0.133792 0.963496 0.231894
  outer loop
    vertex -40.38565640279067 242.1508556529773 47.24364363008729
    vertex -34.69733202476202 237.3983781405046 70.27165293787687
    vertex -20.88934536120232 241.6597555487125 60.53261764137528
  endloop
endfacet
facet normal 0.913399 0.118639 0.389393
  outer loop
    vertex 225.0635643217532 42.83473310555985 100.0578715272493
    vertex 223.8062648709025 23.51323902039505 108.8939088990069
    vertex 233.0716234558256 20.53187560460539 88.06849847603205
  endloop
endfacet
facet normal 0.674732 0.675706 0.296915
  outer loop
    vertex 166.3289214811855 175.6329660292699 63.14864307858868
    vertex 160.5176789578746 172.2752498699643 83.99591075890589
    vertex 176.7983867630865 158.9997038279867 77.21026240457041
  endloop
endfacet
facet normal -0.209774 0.953808 0.215045
  outer loop
    vertex -52.19885042029291 234.9801887109919 67.52474308093693
    vertex -40.38565640279067 242.1508556529773 47.24364363008729
    vertex -63.59866678535369 237.5453808062984 45.02667698949424
  endloop
endfacet
facet normal 0.372559 0.538149 0.75604
  outer loop
    vertex 100.4816393951828 123.2110535750134 192.9312738292878
    vertex 97.59862271076472 143.9607589886325 179.5823173822486
    vertex 80.17212660286862 135.2230314136045 194.3892020954069
  endloop
endfacet
facet normal 0.207904 0.626914 0.750836
  outer loop
    vertex 54.81878955775612 166.5472612448055 178.2046859184038
    vertex 38.25072436024027 158.5759669371047 189.4480002424918
    vertex 58.12372749023489 146.1062838794465 194.3568524996726
  endloop
endfacet
facet normal -0.542397 0.0549374 0.838324
  outer loop
    vertex -130.7936626430563 27.15171020994955 211.3191956379952
    vertex -147.4124706275135 12.37549495649514 201.535134971732
    vertex -129.8057605781125 1.245509071666012 213.6560629326726
  endloop
endfacet
facet normal -0.796305 0.591073 0.128575
  outer loop
    vertex -199.9849932680011 148.6946144141279 19.89759060367312
    vertex -205.2954237381228 137.9768550700303 36.27914631256446
    vertex -192.117297737967 155.1004323922024 39.1765207951549
  endloop
endfacet
facet normal 0.111334 -0.591806 0.798355
  outer loop
    vertex 25.68499424332324 -157.7218960479216 192.2604602557923
    vertex 39.54376446565783 -143.9786422339586 200.5154389875012
    vertex 18.57757732324915 -141.7809009483499 205.0684026052597
  endloop
endfacet
facet normal 0.297361 0.727019 0.618886
  outer loop
    vertex 71.84456981916891 173.5986783241992 164.9298537912096
    vertex 86.64291094455554 180.3811926061898 149.8520314744597
    vertex 65.709644653946 189.9066554834944 148.7202232466234
  endloop
endfacet
facet normal 0.0610078 -0.970877 0.231682
  outer loop
    vertex 18.60079650393683 -239.0876029189699 70.64791928910651
    vertex 1.985058206915605 -243.8855778050095 54.91706913730771
    vertex 24.70451104744802 -244.0697704179757 48.16258197006404
  endloop
endfacet
facet normal -0.922812 -0.141305 0.3584
  outer loop
    vertex -234.4520948880925 -24.1937560598735 83.34792961016012
    vertex -233.0256634590023 -43.54151157682519 79.39254964476828
    vertex -225.2653659109698 -38.85449640920308 101.2217517620799
  endloop
endfacet
facet normal 0.337074 0.689555 0.641011
  outer loop
    vertex 92.65281848074704 163.2436928138917 165.1270782883822
    vertex 86.64291094455554 180.3811926061898 149.8520314744597
    vertex 71.84456981916891 173.5986783241992 164.9298537912096
  endloop
endfacet
facet normal 0.0582083 0.384639 0.92123
  outer loop
    vertex 21.23837811379695 83.91799210222121 234.5350760475433
    vertex 21.55996339869757 107.6066155100526 224.6240954944917
    vertex -2.343182816378882e-14 95.67085819312794 230.9698833099736
  endloop
endfacet
facet normal 0.88035 0.380922 0.282634
  outer loop
    vertex 219.7052292836994 87.30742431029296 81.28361388188608
    vertex 225.896742949986 87.79208617920426 61.34501714802203
    vertex 216.2463353618931 106.8949036521244 65.65822123508013
  endloop
endfacet
facet normal 0.945105 -0.127819 0.300729
  outer loop
    vertex 236.6704887207447 -18.84273854437853 78.30728556674674
    vertex 231.5709276788012 -38.57597740883639 85.94649161502981
    vertex 238.4593063652182 -39.21189209103898 64.02801516882822
  endloop
endfacet
facet normal -0.258171 -0.39541 0.881475
  outer loop
    vertex -74.80658575797851 -90.10341123613216 220.874059162335
    vertex -68.02367403813739 -110.1549502850479 213.8660017348523
    vertex -51.60182075685876 -98.03612126711896 224.1119609067659
  endloop
endfacet
facet normal -0.471047 0.880664 0.050454
  outer loop
    vertex -117.8491842064993 220.4803160870888 0
    vertex -128.361822680087 213.968305238731 15.5179519109695
    vertex -108.1271561396149 224.5648823439237 19.47130511853374
  endloop
endfacet
facet normal 0.404731 -0.357123 0.841817
  outer loop
    vertex 98.04098966467305 -78.18303141449374 216.276161294794
    vertex 93.21382324696698 -99.41336984516967 209.590469849444
    vertex 111.9065244468656 -91.95984250093595 203.7653482646795
  endloop
endfacet
facet normal -0.0526059 -0.724226 0.687553
  outer loop
    vertex -12.91385277992576 -171.1262204781595 181.7939742434791
    vertex -25.778584112593 -184.4321694230847 166.7940031387356
    vertex -1.905250460689092 -186.9720164374637 165.9452773958658
  endloop
endfacet
facet normal 0.314309 0.90006 0.30183
  outer loop
    vertex 91.11457764604384 219.2411295624575 78.30364518054542
    vertex 79.57256032770029 228.7692656364523 61.90985982097523
    vertex 65.3501324843634 227.8724702051549 79.39456849732835
  endloop
endfacet
facet normal -0.949584 -0.241213 0.200265
  outer loop
    vertex -241.2162495992564 -49.68889145069505 42.96201805863262
    vertex -236.5671185248916 -69.81646844208665 40.76345381717565
    vertex -233.9508436094585 -61.76956868542959 62.86114188303182
  endloop
endfacet
facet normal -0.7969 0.257107 0.546669
  outer loop
    vertex -207.0953955127171 58.97152242371872 127.0191194287699
    vertex -195.591477409212 54.88568880243335 145.7104496237801
    vertex -193.6476230572148 76.48799913679424 138.3841901097832
  endloop
endfacet
facet normal 0.714639 -0.287069 0.637873
  outer loop
    vertex 178.9929639799619 -84.20052849171259 152.8783498320948
    vertex 186.2504207648262 -60.65434792488426 155.3442333745681
    vertex 169.5773412516288 -69.59562120923439 169.9999260074233
  endloop
endfacet
facet normal 0.510262 0.0247212 0.859663
  outer loop
    vertex 138.4783776112535 0.9761728751274564 208.1412645793067
    vertex 126.4678710504557 19.994211263988 214.7233315406044
    vertex 115.7300951463884 3.412758863413425 221.5736856089822
  endloop
endfacet
facet normal 0.772979 -0.603375 0.196066
  outer loop
    vertex 201.5124602174297 -141.4625950418433 43.371218349803
    vertex 189.5592714622946 -150.6474948707779 62.23033739136419
    vertex 186.9053059456501 -160.672022427315 41.84385042607016
  endloop
endfacet
facet normal 0.379675 0.686191 0.620475
  outer loop
    vertex 106.5382092476797 170.1282831963329 149.0167011679092
    vertex 86.64291094455554 180.3811926061898 149.8520314744597
    vertex 92.65281848074704 163.2436928138917 165.1270782883822
  endloop
endfacet
facet normal 0.333934 -0.87328 0.354781
  outer loop
    vertex 86.12111996640661 -221.9529533010825 76.28918151782268
    vertex 92.19085449791845 -211.6229769348342 96.00292693549633
    vertex 74.35685005413833 -217.5532141043075 98.19194408357399
  endloop
endfacet
facet normal 0.675278 0.649424 0.349641
  outer loop
    vertex 176.7983867630865 158.9997038279867 77.21026240457041
    vertex 160.5176789578746 172.2752498699643 83.99591075890589
    vertex 169.5193478725125 155.0537536884006 98.59778985360113
  endloop
endfacet
facet normal -0.923217 0.334641 0.188907
  outer loop
    vertex -235.7116105406645 72.2484892801066 41.47520286952697
    vertex -228.0254494858198 82.66078297842978 60.59364112002805
    vertex -227.1416729459368 95.69367190308112 41.82560900963136
  endloop
endfacet
facet normal -0.20709 0.612801 0.76262
  outer loop
    vertex -45.10837404129616 144.0985097026701 199.250731724679
    vertex -41.93717493973855 162.1044623516326 185.6432510051521
    vertex -64.942147838857 154.454401335111 185.5434055478354
  endloop
endfacet
facet normal 0.494708 -0.702705 0.511341
  outer loop
    vertex 115.395368652749 -173.5355412201063 138.0917261349895
    vertex 122.2310092838139 -183.8178590222834 117.3480936100972
    vertex 134.5687109541652 -167.9753243595662 127.1831452608122
  endloop
endfacet
facet normal 0.818234 -0.571948 0.0580394
  outer loop
    vertex 205.1908603018192 -142.8170537736979 -1.749004477676146e-14
    vertex 210.8497044484363 -132.4594177525102 22.29136116689659
    vertex 196.5977730597668 -152.9295183530065 21.49134812564993
  endloop
endfacet
facet normal 0.529405 0.124275 0.839217
  outer loop
    vertex 125.0317243424625 42.08531555524861 212.3579386850551
    vertex 126.4678710504557 19.994211263988 214.7233315406044
    vertex 143.246189116021 26.79894954639368 203.1313506255177
  endloop
endfacet
facet normal 0.330144 0.924237 0.191809
  outer loop
    vertex 79.57256032770029 228.7692656364523 61.90985982097523
    vertex 93.29289753242335 228.7073402965385 38.59258691106483
    vertex 71.11743763184801 236.1853092643358 40.72848821636099
  endloop
endfacet
facet normal 0.201279 -0.979434 0.0139708
  outer loop
    vertex 62.66313306468042 -242.019279716551 -2.963881362368221e-14
    vertex 50.04707153633961 -244.3748838574234 16.61946961570406
    vertex 37.85694437614447 -247.1170810820278 -3.026311423617423e-14
  endloop
endfacet
facet normal -0.249232 0.0943385 0.963838
  outer loop
    vertex -75.0840311862224 21.14819500932862 237.518719491062
    vertex -58.526482751712 10.80712138283568 242.8123904254687
    vertex -57.49663406105834 36.14324125107612 240.5988428557279
  endloop
endfacet
facet normal -0.276342 0.652935 0.705203
  outer loop
    vertex -64.942147838857 154.454401335111 185.5434055478354
    vertex -59.20327100090958 171.3038132773975 172.1916846407381
    vertex -81.7988705224204 161.4820817221273 172.4310936691654
  endloop
endfacet
facet normal -0.736436 0.662247 0.138168
  outer loop
    vertex -192.117297737967 155.1004323922024 39.1765207951549
    vertex -175.4899493826964 172.8395840622428 42.77564548723431
    vertex -184.5138452326153 167.4095265952199 20.70486229461206
  endloop
endfacet
facet normal -0.570057 0.101266 0.815341
  outer loop
    vertex -150.0613918235044 34.88310928821343 196.8876516452447
    vertex -147.4124706275135 12.37549495649514 201.535134971732
    vertex -130.7936626430563 27.15171020994955 211.3191956379952
  endloop
endfacet
facet normal -0.837352 -0.323364 0.440768
  outer loop
    vertex -202.9319659874452 -92.06925225906861 113.3219747839154
    vertex -208.4961504206896 -70.53097479939063 118.5526754383927
    vertex -216.1385191062202 -76.61334871741359 99.57175983618079
  endloop
endfacet
facet normal 0.393768 0.71725 0.57489
  outer loop
    vertex 99.12306694876723 187.1036147682789 132.9167218197684
    vertex 86.64291094455554 180.3811926061898 149.8520314744597
    vertex 106.5382092476797 170.1282831963329 149.0167011679092
  endloop
endfacet
facet normal -0.144093 0.496903 0.855759
  outer loop
    vertex -48.91977001568954 124.8701461956135 210.9841290019185
    vertex -37.34173011974508 112.5626433189121 220.080091150298
    vertex -24.08034672780016 129.7299549816038 212.344709568993
  endloop
endfacet
facet normal -0.279464 0.231412 0.931852
  outer loop
    vertex -75.97521078502496 45.9994891443046 233.6917079073069
    vertex -56.99867124797045 59.81558321058 235.9517905868569
    vertex -74.99396036032408 69.23390357170909 228.2160653978975
  endloop
endfacet
facet normal -0.0981975 0.47089 0.87671
  outer loop
    vertex -24.08034672780016 129.7299549816038 212.344709568993
    vertex -37.34173011974508 112.5626433189121 220.080091150298
    vertex -19.17193806109573 106.5740028463486 225.3317969312986
  endloop
endfacet
facet normal -0.0191788 0.242935 0.969853
  outer loop
    vertex -1.777422303068057e-14 72.57116940150479 239.2350840481018
    vertex -17.95418697423189 60.58819183434812 241.8816201788357
    vertex -1.194544239546323e-14 48.77258050384024 245.1963198262604
  endloop
endfacet
facet normal -0.74717 0.240616 0.619549
  outer loop
    vertex -180.9413504911798 72.50027908936978 156.5373348897685
    vertex -195.591477409212 54.88568880243335 145.7104496237801
    vertex -182.032510965111 50.70386801569538 163.6865379925414
  endloop
endfacet
facet normal -0.690457 -0.0142496 0.723233
  outer loop
    vertex -162.4465831430988 -0.7014030933910498 190.0279338908701
    vertex -179.6031321814178 6.359349357522852 173.7880133564256
    vertex -177.9005451034499 -15.17115523882868 174.9892342420378
  endloop
endfacet
facet normal 0.434421 -0.894287 0.107368
  outer loop
    vertex 120.5310697212357 -217.9332776139044 21.84828918509321
    vertex 109.283418737636 -221.131603543466 40.71791133285066
    vertex 95.89482818388009 -229.4874471101355 25.29216373616307
  endloop
endfacet
facet normal 0.725417 -0.634859 0.26594
  outer loop
    vertex 175.6394171764731 -160.2701711293137 77.22866941809471
    vertex 177.1793370835943 -166.5555012334366 58.02368067863992
    vertex 189.5592714622946 -150.6474948707779 62.23033739136419
  endloop
endfacet
facet normal -0.123864 -0.495311 0.85984
  outer loop
    vertex -20.74712935001588 -116.7579644724892 220.0843800817647
    vertex -42.0236298139737 -116.5100179077914 217.1622210799665
    vertex -34.1729444919735 -134.7373192373729 207.7933220040403
  endloop
endfacet
facet normal -0.16964 0.956034 0.239209
  outer loop
    vertex -52.19885042029291 234.9801887109919 67.52474308093693
    vertex -34.69733202476202 237.3983781405046 70.27165293787687
    vertex -40.38565640279067 242.1508556529773 47.24364363008729
  endloop
endfacet
facet normal 0.785355 -0.0950927 0.611698
  outer loop
    vertex 191.0804678177596 -14.01948859965629 160.5979724590266
    vertex 191.022344168136 -35.33784706990907 157.3585097570955
    vertex 204.2739791930956 -24.38809538817269 142.047042306259
  endloop
endfacet
facet normal -0.00490777 -0.409936 0.912101
  outer loop
    vertex -12.12656861662684 -95.13927136658351 230.8711012175881
    vertex -2.46391338122124 -114.5427486784713 222.202357899349
    vertex 11.68514235090524 -98.9445711826975 229.2889645877254
  endloop
endfacet
facet normal -0.246611 -0.967504 0.0558425
  outer loop
    vertex -50.01487244276547 -244.0056625943585 21.44176197102242
    vertex -73.54380600046274 -238.0746354545884 20.29227814049306
    vertex -62.66313306467994 -242.0192797165511 -2.963881362368223e-14
  endloop
endfacet
facet normal 0.988994 0.146703 0.0191827
  outer loop
    vertex 245.1963201008076 48.77258050403204 0
    vertex 246.6554813855485 36.5878844130718 17.95550658263547
    vertex 248.7961816680492 24.50428508239013 0
  endloop
endfacet
facet normal -0.858422 -0.274208 0.433499
  outer loop
    vertex -208.4961504206896 -70.53097479939063 118.5526754383927
    vertex -219.3622889777405 -58.0475056051833 104.9317552862929
    vertex -216.1385191062202 -76.61334871741359 99.57175983618079
  endloop
endfacet
facet normal 0.955107 -0.197102 0.221181
  outer loop
    vertex 238.4593063652182 -39.21189209103898 64.02801516882822
    vertex 235.0066633579328 -61.4829004275208 59.09078720402022
    vertex 241.2594093178285 -50.1078213396036 42.22681205360923
  endloop
endfacet
facet normal 0.709843 -0.235716 0.663747
  outer loop
    vertex 169.5773412516288 -69.59562120923439 169.9999260074233
    vertex 186.2504207648262 -60.65434792488426 155.3442333745681
    vertex 176.3364962543516 -46.10766911448322 171.1126030938937
  endloop
endfacet
facet normal 0.642233 0.631941 0.433806
  outer loop
    vertex 159.7541150376138 150.4364654613748 119.7810193145702
    vertex 169.5193478725125 155.0537536884006 98.59778985360113
    vertex 152.1637026029807 168.207627599153 105.130402965157
  endloop
endfacet
facet normal -0.186299 0.683022 0.706239
  outer loop
    vertex -36.47810091407853 178.0381491037321 171.6734272315304
    vertex -59.20327100090958 171.3038132773975 172.1916846407381
    vertex -41.93717493973855 162.1044623516326 185.6432510051521
  endloop
endfacet
facet normal -0.932619 0.287158 0.218547
  outer loop
    vertex -234.2616052379491 60.9665961266927 62.48659430681144
    vertex -228.0254494858198 82.66078297842978 60.59364112002805
    vertex -235.7116105406645 72.2484892801066 41.47520286952697
  endloop
endfacet
facet normal 0.550877 0.0597916 0.832442
  outer loop
    vertex 143.246189116021 26.79894954639368 203.1313506255177
    vertex 126.4678710504557 19.994211263988 214.7233315406044
    vertex 138.4783776112535 0.9761728751274564 208.1412645793067
  endloop
endfacet
facet normal -0.301528 -0.877324 0.373341
  outer loop
    vertex -63.04673188666422 -220.4477852413485 99.63876545097979
    vertex -84.57227214177401 -212.4133137950863 101.1341431336021
    vertex -76.82848858995696 -223.9389893014552 80.3038754458688
  endloop
endfacet
facet normal 0.534499 -0.705326 0.465646
  outer loop
    vertex 134.5687109541652 -167.9753243595662 127.1831452608122
    vertex 122.2310092838139 -183.8178590222834 117.3480936100972
    vertex 140.4173359388218 -178.3664867823209 104.7299773740844
  endloop
endfacet
facet normal -0.0368554 -0.967758 0.249172
  outer loop
    vertex -21.87204134709664 -242.3189829859701 57.47281350304713
    vertex 1.985058206915605 -243.8855778050095 54.91706913730771
    vertex -5.585549470225423 -238.4584234656151 74.87577655963958
  endloop
endfacet
facet normal 0.476994 0.216487 0.851827
  outer loop
    vertex 107.3544344498587 54.845115002143 219.0137866992685
    vertex 125.0317243424625 42.08531555524861 212.3579386850551
    vertex 124.2580579405166 64.9748915830553 206.9739077773366
  endloop
endfacet
facet normal -0.0983513 0.286281 0.953085
  outer loop
    vertex -21.23837811379698 83.91799210222131 234.5350760475433
    vertex -37.79081975208254 70.37278262567415 236.8956002292681
    vertex -17.95418697423189 60.58819183434812 241.8816201788357
  endloop
endfacet
facet normal -0.25239 0.191504 0.948486
  outer loop
    vertex -75.97521078502496 45.9994891443046 233.6917079073069
    vertex -57.49663406105834 36.14324125107612 240.5988428557279
    vertex -56.99867124797045 59.81558321058 235.9517905868569
  endloop
endfacet
facet normal 0.312128 0.754529 0.577288
  outer loop
    vertex 86.64291094455554 180.3811926061898 149.8520314744597
    vertex 79.26783975592943 195.9597021910633 133.4781056863562
    vertex 65.709644653946 189.9066554834944 148.7202232466234
  endloop
endfacet
facet normal -0.794309 0.581578 0.175613
  outer loop
    vertex -192.117297737967 155.1004323922024 39.1765207951549
    vertex -205.2954237381228 137.9768550700303 36.27914631256446
    vertex -199.2236845106378 140.4762187748527 55.46490321568767
  endloop
endfacet
facet normal -0.0180303 0.740831 0.67145
  outer loop
    vertex -4.73316756274763e-14 193.2526132978954 158.5983210108419
    vertex -16.94076328095712 182.1054913908 170.4423672235688
    vertex -4.32963728503437e-14 176.7766952833548 176.7766952833548
  endloop
endfacet
facet normal -0.858405 0.0449346 0.511
  outer loop
    vertex -217.6033971627496 -1.226260437604101 123.0741964368236
    vertex -207.4039218567291 14.70889890300052 138.8065614137499
    vertex -217.4562596124625 22.85767515173993 121.2035554017077
  endloop
endfacet
facet normal -0.223393 -0.116782 0.967707
  outer loop
    vertex -46.40880992578559 -38.44868856866463 242.6271227802493
    vertex -52.93521281084902 -16.41648244013949 243.7793312587487
    vertex -68.66793069374573 -28.77454177055604 238.6561146087262
  endloop
endfacet
facet normal 0.776631 -0.561908 0.284788
  outer loop
    vertex 188.8198481339911 -140.3920437545854 84.48158971673703
    vertex 189.5592714622946 -150.6474948707779 62.23033739136419
    vertex 202.8098805124606 -129.736565199241 67.35410913095465
  endloop
endfacet
facet normal -0.289796 -0.939212 0.184119
  outer loop
    vertex -84.47074136292717 -231.8243560022107 40.27607003864378
    vertex -61.149747613063 -239.1332246201787 39.69898297959115
    vertex -69.4099084437081 -232.7641925433935 59.18695193586226
  endloop
endfacet
facet normal -0.899883 0.376939 0.219379
  outer loop
    vertex -227.1416729459368 95.69367190308112 41.82560900963136
    vertex -228.0254494858198 82.66078297842978 60.59364112002805
    vertex -218.9302795375062 103.3010477342361 62.43737853752747
  endloop
endfacet
facet normal 0.687066 -0.0771258 0.72249
  outer loop
    vertex 165.9488459608457 -30.29256909253488 184.5083759129582
    vertex 179.9030645838923 -24.49287496665613 171.8574596262601
    vertex 174.7559469169279 -6.737449321565898 178.6476022615675
  endloop
endfacet
facet normal -0.282355 0.13611 0.949605
  outer loop
    vertex -75.0840311862224 21.14819500932862 237.518719491062
    vertex -57.49663406105834 36.14324125107612 240.5988428557279
    vertex -75.97521078502496 45.9994891443046 233.6917079073069
  endloop
endfacet
facet normal -0.328461 -0.806806 0.491099
  outer loop
    vertex -70.94987022935486 -208.0381590794839 119.1060043879277
    vertex -76.69129673900352 -196.6950127984109 133.9011461665773
    vertex -94.29654547112597 -196.2350899287836 122.8818578670345
  endloop
endfacet
facet normal 0.0166812 0.740848 0.671466
  outer loop
    vertex -4.32963728503437e-14 176.7766952833548 176.7766952833548
    vertex 16.12754123136876 181.4792448007551 171.1875758353336
    vertex -4.73316756274763e-14 193.2526132978954 158.5983210108419
  endloop
endfacet
facet normal -0.137634 -0.968086 0.209443
  outer loop
    vertex -45.98700402908385 -238.662082638292 58.52867477725865
    vertex -36.78525771774131 -244.1519558803428 39.20034763165366
    vertex -21.87204134709664 -242.3189829859701 57.47281350304713
  endloop
endfacet
facet normal -0.112579 -0.772749 0.624648
  outer loop
    vertex -16.45766089499323 -198.6918186996035 150.8333735607252
    vertex -25.778584112593 -184.4321694230847 166.7940031387356
    vertex -41.38241776643185 -194.2661728357423 151.8161703889213
  endloop
endfacet
facet normal -0.799122 -0.526036 0.291016
  outer loop
    vertex -202.8014903441078 -120.8287032549753 82.29204082977793
    vertex -206.6756375718445 -126.8879294202947 60.70118781129325
    vertex -193.0366590901941 -143.5848816960618 67.97227372704351
  endloop
endfacet
facet normal -0.961907 -0.237057 0.13616
  outer loop
    vertex -241.2091539603271 -62.17193221076121 21.27897767571932
    vertex -236.5671185248916 -69.81646844208665 40.76345381717565
    vertex -241.2162495992564 -49.68889145069505 42.96201805863262
  endloop
endfacet
facet normal 0.638775 0.711557 0.292666
  outer loop
    vertex 166.3289214811855 175.6329660292699 63.14864307858868
    vertex 151.0640121268521 186.207421650174 70.75634503373242
    vertex 160.5176789578746 172.2752498699643 83.99591075890589
  endloop
endfacet
facet normal -0.261041 -0.689928 0.675171
  outer loop
    vertex -76.17486603659249 -175.1581163843784 161.2979356624992
    vertex -53.98024018201941 -179.2422555614141 165.7056048875481
    vertex -61.94955100638951 -163.6992425784446 178.5071738316147
  endloop
endfacet
facet normal 0.909485 -0.20333 0.362621
  outer loop
    vertex 228.41597396131 -60.92760469433706 81.32631693072508
    vertex 231.5709276788012 -38.57597740883639 85.94649161502981
    vertex 222.317856491781 -48.94342253633302 103.340757087075
  endloop
endfacet
facet normal -0.83101 0.356166 0.42728
  outer loop
    vertex -202.4718590907523 101.8772892505253 105.4806342951129
    vertex -214.8256019752649 85.04001010475186 95.48904344137473
    vertex -205.6178587902499 80.22552960547293 117.4102233454746
  endloop
endfacet
facet normal -0.514068 0.85767 0.0116607
  outer loop
    vertex -138.8925582549005 207.8674030756364 0
    vertex -128.361822680087 213.968305238731 15.5179519109695
    vertex -117.8491842064993 220.4803160870888 0
  endloop
endfacet
facet normal -0.764644 0.180336 0.618706
  outer loop
    vertex -182.032510965111 50.70386801569538 163.6865379925414
    vertex -195.591477409212 54.88568880243335 145.7104496237801
    vertex -195.8084626445928 32.13345468718391 152.0739525580493
  endloop
endfacet
facet normal 0.766802 0.634744 0.0954698
  outer loop
    vertex 183.5792434489814 168.5840103447956 19.44460929834973
    vertex 187.9318328052565 160.7279446829575 36.71721689411213
    vertex 200.0984411369641 148.0924527507386 23.00520142983225
  endloop
endfacet
facet normal 0.0929205 -0.00569455 0.995657
  outer loop
    vertex 15.40289102093316 -12.77503503761382 249.1978118442957
    vertex 36.39475337928732 2.366815411006432 247.3253325303962
    vertex 21.23837813191896 12.22257262882971 248.7961816681651
  endloop
endfacet
facet normal -0.931133 -0.293108 0.216978
  outer loop
    vertex -233.9508436094585 -61.76956868542959 62.86114188303182
    vertex -236.5671185248916 -69.81646844208665 40.76345381717565
    vertex -228.7128062497259 -86.83504461467855 51.47938698296775
  endloop
endfacet
facet normal 0.553633 0.82657 0.101354
  outer loop
    vertex 128.1364859477325 213.8835292691761 18.29964142621501
    vertex 138.7764827457357 204.1546463864804 39.5217433260938
    vertex 149.1271003655039 199.7892924303184 18.58350254310638
  endloop
endfacet
facet normal 0.884348 0.0454438 0.464612
  outer loop
    vertex 226.3053683356896 2.32412206919911 106.2095980552386
    vertex 223.8062648709025 23.51323902039505 108.8939088990069
    vertex 214.024575453595 13.95730325984666 128.4471673008832
  endloop
endfacet
facet normal -0.833589 -0.517747 0.192529
  outer loop
    vertex -202.5920895121193 -139.9378022203686 43.28806737250364
    vertex -206.6756375718445 -126.8879294202947 60.70118781129325
    vertex -215.1229896509508 -120.244485169241 41.99241729194846
  endloop
endfacet
facet normal 0.32818 0.9352 0.133038
  outer loop
    vertex 71.11743763184801 236.1853092643358 40.72848821636099
    vertex 93.29289753242335 228.7073402965385 38.59258691106483
    vertex 83.4534739536347 234.8161045036861 19.92271946256287
  endloop
endfacet
facet normal 0.23548 0.954248 0.18428
  outer loop
    vertex 45.90016772454653 241.8227158805135 43.76012667978611
    vertex 61.62383365568567 235.0228950879272 58.87904474484572
    vertex 71.11743763184801 236.1853092643358 40.72848821636099
  endloop
endfacet
facet normal 0.476123 -0.768318 0.427778
  outer loop
    vertex 122.2310092838139 -183.8178590222834 117.3480936100972
    vertex 107.3268765590935 -199.115864550785 106.4603872445641
    vertex 125.2941778802118 -194.3542965039003 95.01461161208759
  endloop
endfacet
facet normal 0.351278 0.752224 0.557461
  outer loop
    vertex 99.12306694876723 187.1036147682789 132.9167218197684
    vertex 79.26783975592943 195.9597021910633 133.4781056863562
    vertex 86.64291094455554 180.3811926061898 149.8520314744597
  endloop
endfacet
facet normal -0.798263 0.169281 0.578032
  outer loop
    vertex -195.591477409212 54.88568880243335 145.7104496237801
    vertex -207.018222613188 36.31434309781748 135.3688442421317
    vertex -195.8084626445928 32.13345468718391 152.0739525580493
  endloop
endfacet
facet normal 0.950964 -0.247275 0.185802
  outer loop
    vertex 241.2594093178285 -50.1078213396036 42.22681205360923
    vertex 235.0066633579328 -61.4829004275208 59.09078720402022
    vertex 234.9484739133859 -73.92204127933768 42.83394003435754
  endloop
endfacet
facet normal -0.165915 -0.42142 0.891559
  outer loop
    vertex -51.60182075685876 -98.03612126711896 224.1119609067659
    vertex -42.0236298139737 -116.5100179077914 217.1622210799665
    vertex -29.82070702782932 -102.1226637213907 226.2336999361681
  endloop
endfacet
facet normal 0.411562 -0.887219 0.208469
  outer loop
    vertex 91.06401786657526 -227.2321733689649 50.72360432789388
    vertex 109.283418737636 -221.131603543466 40.71791133285066
    vertex 109.6788515415665 -216.0194656702232 61.69392171092958
  endloop
endfacet
facet normal 0.742229 -0.634581 0.215413
  outer loop
    vertex 189.5592714622946 -150.6474948707779 62.23033739136419
    vertex 177.1793370835943 -166.5555012334366 58.02368067863992
    vertex 186.9053059456501 -160.672022427315 41.84385042607016
  endloop
endfacet
facet normal 0.607524 0.700253 0.374914
  outer loop
    vertex 152.1637026029807 168.207627599153 105.130402965157
    vertex 160.5176789578746 172.2752498699643 83.99591075890589
    vertex 143.5308369154316 184.3075388688038 89.04846978179989
  endloop
endfacet
facet normal -0.608697 -0.78667 0.103143
  outer loop
    vertex -142.3173482615777 -204.4475021806204 21.14216724695076
    vertex -151.4725621006111 -195.0151645623687 39.05314995475759
    vertex -162.2471540283736 -188.9858872164555 21.45216638715931
  endloop
endfacet
facet normal -0.692993 -0.655425 0.300298
  outer loop
    vertex -176.7187169756342 -155.2558976627764 84.65282813592944
    vertex -180.1801441268335 -161.0405787338098 64.03942272938701
    vertex -164.7601394464829 -173.679149779821 72.03922113219981
  endloop
endfacet
facet normal 0.976636 0.19372 0.0930327
  outer loop
    vertex 241.6969413464097 60.85138299743668 19.48583411325923
    vertex 242.2468309062398 50.0363640838022 36.23306756482044
    vertex 246.6554813855485 36.5878844130718 17.95550658263547
  endloop
endfacet
facet normal 0.696249 -0.139152 0.704184
  outer loop
    vertex 176.3364962543516 -46.10766911448322 171.1126030938937
    vertex 179.9030645838923 -24.49287496665613 171.8574596262601
    vertex 165.9488459608457 -30.29256909253488 184.5083759129582
  endloop
endfacet
facet normal 0.432815 -0.276675 0.857975
  outer loop
    vertex 120.2238627883247 -69.38627362996287 207.9225044289386
    vertex 107.8003648357697 -56.0682444856004 218.4844005909298
    vertex 98.04098966467305 -78.18303141449374 216.276161294794
  endloop
endfacet
facet normal -0.19707 -0.970512 0.138817
  outer loop
    vertex -50.01487244276547 -244.0056625943585 21.44176197102242
    vertex -36.78525771774131 -244.1519558803428 39.20034763165366
    vertex -61.149747613063 -239.1332246201787 39.69898297959115
  endloop
endfacet
facet normal 0.0495175 0.837231 0.544603
  outer loop
    vertex -5.091114849681968e-14 207.8674030144878 138.8925582180984
    vertex 17.93622525498956 202.5482195034343 145.4390270855484
    vertex 21.23837812228281 213.6569622443249 128.0610548889163
  endloop
endfacet
facet normal 0.477513 0.124177 0.869805
  outer loop
    vertex 107.8461879276549 28.37249824671099 223.750309704173
    vertex 126.4678710504557 19.994211263988 214.7233315406044
    vertex 125.0317243424625 42.08531555524861 212.3579386850551
  endloop
endfacet
facet normal -0.185035 0.835604 0.51723
  outer loop
    vertex -40.71973225572508 203.3601750915582 139.594206870317
    vertex -38.96466065072165 215.3725802562128 120.8155904432672
    vertex -58.05723644800637 209.1595770790188 124.0226939400458
  endloop
endfacet
facet normal -0.20016 0.280243 0.938829
  outer loop
    vertex -54.42271746030183 80.81689646568435 230.2320504836175
    vertex -56.99867124797045 59.81558321058 235.9517905868569
    vertex -37.79081975208254 70.37278262567415 236.8956002292681
  endloop
endfacet
facet normal 0.955061 0.236979 0.178045
  outer loop
    vertex 238.718916604669 50.76710550652472 54.18468283179738
    vertex 242.2468309062398 50.0363640838022 36.23306756482044
    vertex 235.5685923766413 71.64422472170406 43.29599692481741
  endloop
endfacet
facet normal -0.853962 -0.239027 0.462185
  outer loop
    vertex -212.7820712389899 -49.17556285567915 121.6780759918259
    vertex -219.3622889777405 -58.0475056051833 104.9317552862929
    vertex -208.4961504206896 -70.53097479939063 118.5526754383927
  endloop
endfacet
facet normal -0.132269 0.678692 0.722414
  outer loop
    vertex -21.23837812193873 167.2828031981168 184.5681311844753
    vertex -36.47810091407853 178.0381491037321 171.6734272315304
    vertex -41.93717493973855 162.1044623516326 185.6432510051521
  endloop
endfacet
facet normal -0.751497 0.016519 0.659529
  outer loop
    vertex -194.6566479775824 10.21881463816278 156.5387020053585
    vertex -190.647653629752 -7.441400224905818 161.5490567232223
    vertex -179.6031321814178 6.359349357522852 173.7880133564256
  endloop
endfacet
facet normal 0.783171 0.60681 0.135735
  outer loop
    vertex 200.0984411369641 148.0924527507386 23.00520142983225
    vertex 187.9318328052565 160.7279446829575 36.71721689411213
    vertex 197.712126856132 146.2969455936064 44.80087726826525
  endloop
endfacet
facet normal -0.861101 0.372942 0.34557
  outer loop
    vertex -211.3097905874677 104.4183632997456 83.33653345131945
    vertex -220.6808527487653 89.54787977862142 76.03379812446117
    vertex -214.8256019752649 85.04001010475186 95.48904344137473
  endloop
endfacet
facet normal -0.826729 -0.240365 0.508669
  outer loop
    vertex -212.7820712389899 -49.17556285567915 121.6780759918259
    vertex -208.4961504206896 -70.53097479939063 118.5526754383927
    vertex -198.8731701005479 -62.05893844749251 138.1960577329502
  endloop
endfacet
facet normal -0.0117184 -0.984489 0.175055
  outer loop
    vertex 1.985058206915605 -243.8855778050095 54.91706913730771
    vertex -13.88275624312062 -246.7050510546657 37.99851132885185
    vertex 6.793829934501384 -247.276375890263 36.16957010248326
  endloop
endfacet
facet normal 0.90238 0.320567 0.288007
  outer loop
    vertex 230.5699641337947 68.69026731222201 67.96424660007754
    vertex 225.896742949986 87.79208617920426 61.34501714802203
    vertex 219.7052292836994 87.30742431029296 81.28361388188608
  endloop
endfacet
facet normal 0.64522 0.661441 0.382344
  outer loop
    vertex 169.5193478725125 155.0537536884006 98.59778985360113
    vertex 160.5176789578746 172.2752498699643 83.99591075890589
    vertex 152.1637026029807 168.207627599153 105.130402965157
  endloop
endfacet
facet normal -0.206902 0.903017 0.376499
  outer loop
    vertex -48.96395547690973 221.2083639525881 105.6853385360265
    vertex -40.96183137776563 230.0526648684851 88.87012859835399
    vertex -61.63642458799445 226.4405248195557 86.17215259846225
  endloop
endfacet
facet normal 0.981362 -0.0709919 0.178576
  outer loop
    vertex 243.0949482109847 -14.53675979201724 56.51131540716313
    vertex 244.2919801224893 -30.16699772973804 43.71934006600842
    vertex 247.418618768377 -11.8832113697828 33.80556720851763
  endloop
endfacet
facet normal -0.416672 -0.837163 0.354319
  outer loop
    vertex -111.6747488162469 -209.3412487151334 78.7717719949021
    vertex -94.3953826486852 -215.5680117205162 84.37976094699312
    vertex -105.064939510997 -203.810668990717 99.61209610838904
  endloop
endfacet
facet normal -0.219322 0.0937605 0.971137
  outer loop
    vertex -57.49663406105834 36.14324125107612 240.5988428557279
    vertex -58.526482751712 10.80712138283568 242.8123904254687
    vertex -41.92572689361206 24.16887755111937 245.2714797573522
  endloop
endfacet
facet normal -0.0579992 -0.761062 0.646081
  outer loop
    vertex -1.905250460689092 -186.9720164374637 165.9452773958658
    vertex -25.778584112593 -184.4321694230847 166.7940031387356
    vertex -16.45766089499323 -198.6918186996035 150.8333735607252
  endloop
endfacet
facet normal -0.149149 -0.983435 0.10301
  outer loop
    vertex -25.62151793827986 -247.9450507128325 19.15175306726104
    vertex -36.78525771774131 -244.1519558803428 39.20034763165366
    vertex -50.01487244276547 -244.0056625943585 21.44176197102242
  endloop
endfacet
facet normal 0.631179 0.736813 0.242319
  outer loop
    vertex 153.1568560753979 190.835711554847 51.23191029480644
    vertex 151.0640121268521 186.207421650174 70.75634503373242
    vertex 166.3289214811855 175.6329660292699 63.14864307858868
  endloop
endfacet
facet normal 0.0394465 -0.442753 0.895775
  outer loop
    vertex 11.68514235090524 -98.9445711826975 229.2889645877254
    vertex -2.46391338122124 -114.5427486784713 222.202357899349
    vertex 14.95986078889215 -121.1883717707585 218.1503635402183
  endloop
endfacet
facet normal 0.977822 -0.158916 0.136417
  outer loop
    vertex 246.649067484771 -34.48791206626055 21.79039766050063
    vertex 244.2919801224893 -30.16699772973804 43.71934006600842
    vertex 241.2594093178285 -50.1078213396036 42.22681205360923
  endloop
endfacet
facet normal 0.673844 -0.704355 0.2232
  outer loop
    vertex 169.8439773694099 -178.3461201098288 42.96143378787425
    vertex 177.1793370835943 -166.5555012334366 58.02368067863992
    vertex 160.7076330498021 -179.8933161960155 65.66164380770998
  endloop
endfacet
facet normal 0.140803 0.14484 0.979386
  outer loop
    vertex 42.4046882469021 24.14921202209591 245.1910642201198
    vertex 42.66632187246582 47.68466028504884 241.6728328782005
    vertex 21.23837813219939 36.55000790818222 246.4001384257434
  endloop
endfacet
facet normal -0.843685 0.0990142 0.527629
  outer loop
    vertex -207.4039218567291 14.70889890300052 138.8065614137499
    vertex -207.018222613188 36.31434309781748 135.3688442421317
    vertex -217.4562596124625 22.85767515173993 121.2035554017077
  endloop
endfacet
facet normal 0.734021 0.0707032 0.675437
  outer loop
    vertex 174.0132995297473 18.0698152610036 178.5857031321478
    vertex 189.0366811982657 6.484784444603999 163.4719570209285
    vertex 189.1827521329541 27.31560369304179 161.1326909422354
  endloop
endfacet
facet normal -0.259992 -0.726862 0.63567
  outer loop
    vertex -76.17486603659249 -175.1581163843784 161.2979356624992
    vertex -66.69209884571465 -189.6861011548394 148.5642856820893
    vertex -53.98024018201941 -179.2422555614141 165.7056048875481
  endloop
endfacet
facet normal 0.154332 -0.618448 0.770521
  outer loop
    vertex 50.59121784927 -157.2662549457978 187.6375594912997
    vertex 39.54376446565783 -143.9786422339586 200.5154389875012
    vertex 25.68499424332324 -157.7218960479216 192.2604602557923
  endloop
endfacet
facet normal -0.806961 -0.327784 0.491296
  outer loop
    vertex -193.6511539776109 -83.93035737700008 133.9959912598458
    vertex -208.4961504206896 -70.53097479939063 118.5526754383927
    vertex -202.9319659874452 -92.06925225906861 113.3219747839154
  endloop
endfacet
facet normal 0.597559 -0.102228 0.795281
  outer loop
    vertex 155.0405915871215 -14.22953262462526 195.601470755207
    vertex 139.0506285468827 -23.23853955485319 206.4579690398856
    vertex 148.5040482836677 -38.51013157887555 197.3917865797353
  endloop
endfacet
facet normal -0.097615 -0.366985 0.925091
  outer loop
    vertex -34.9673273397322 -84.74010421332059 232.5863296856279
    vertex -29.82070702782932 -102.1226637213907 226.2336999361681
    vertex -12.12656861662684 -95.13927136658351 230.8711012175881
  endloop
endfacet
facet normal 0.362867 0.781358 0.507748
  outer loop
    vertex 90.38957302484192 202.3219404209936 115.7391788145686
    vertex 79.26783975592943 195.9597021910633 133.4781056863562
    vertex 99.12306694876723 187.1036147682789 132.9167218197684
  endloop
endfacet
facet normal 0.958404 0.253075 0.131962
  outer loop
    vertex 235.5685923766413 71.64422472170406 43.29599692481741
    vertex 242.2468309062398 50.0363640838022 36.23306756482044
    vertex 241.6969413464097 60.85138299743668 19.48583411325923
  endloop
endfacet
facet normal -0.84907 0.510642 0.135373
  outer loop
    vertex -214.3330046360868 120.8166506406656 44.32493713067799
    vertex -205.2954237381228 137.9768550700303 36.27914631256446
    vertex -213.6569622436032 128.0610548893656 21.23837812683451
  endloop
endfacet
facet normal 0.275485 0.922203 0.271385
  outer loop
    vertex 79.57256032770029 228.7692656364523 61.90985982097523
    vertex 61.62383365568567 235.0228950879272 58.87904474484572
    vertex 65.3501324843634 227.8724702051549 79.39456849732835
  endloop
endfacet
facet normal 0.54921 -0.781457 0.29613
  outer loop
    vertex 127.0447233614948 -203.0415283282647 71.65037362166164
    vertex 143.4268770417609 -194.9821292580387 62.53559156231829
    vertex 143.4184376122334 -187.4614208027903 82.39761806912327
  endloop
endfacet
facet normal -0.0486498 0.696423 0.715981
  outer loop
    vertex -4.32963728503437e-14 176.7766952833548 176.7766952833548
    vertex -16.94076328095712 182.1054913908 170.4423672235688
    vertex -21.23837812193873 167.2828031981168 184.5681311844753
  endloop
endfacet
facet normal 0.146808 0.737885 0.658767
  outer loop
    vertex 26.64301910721583 191.0735460215 159.0001557974779
    vertex 34.14642344212855 175.7873803981238 174.450046313769
    vertex 49.708162425675 183.8720863341104 161.9263859147241
  endloop
endfacet
facet normal 0.281321 0.811384 0.512362
  outer loop
    vertex 68.0416945130272 209.6980848182847 117.8857117353046
    vertex 59.43475764263833 202.3768827847331 134.2054652325874
    vertex 79.26783975592943 195.9597021910633 133.4781056863562
  endloop
endfacet
facet normal 0.134815 0.059714 0.98907
  outer loop
    vertex 21.23837813191896 12.22257262882971 248.7961816681651
    vertex 36.39475337928732 2.366815411006432 247.3253325303962
    vertex 42.4046882469021 24.14921202209591 245.1910642201198
  endloop
endfacet
facet normal -0.867067 0.401691 0.294685
  outer loop
    vertex -218.9302795375062 103.3010477342361 62.43737853752747
    vertex -220.6808527487653 89.54787977862142 76.03379812446117
    vertex -211.3097905874677 104.4183632997456 83.33653345131945
  endloop
endfacet
facet normal -0.284235 0.0353576 0.958102
  outer loop
    vertex -73.00251985447592 -4.112387009415596 239.0684428526309
    vertex -58.526482751712 10.80712138283568 242.8123904254687
    vertex -75.0840311862224 21.14819500932862 237.518719491062
  endloop
endfacet
facet normal 0.427493 0.903857 0.0170767
  outer loop
    vertex 95.67085809127255 230.9698831278216 0
    vertex 106.2523062517895 225.639484662839 17.24153059517521
    vertex 117.8491842064995 220.4803160870887 0
  endloop
endfacet
facet normal -0.0483197 0.838415 0.542887
  outer loop
    vertex -21.23837812238537 213.6569622445079 128.0610548885942
    vertex -18.34530733509097 203.1441108456351 144.5542110334991
    vertex -5.091114849681968e-14 207.8674030144878 138.8925582180984
  endloop
endfacet
facet normal 1.12218e-15 -0.999892 0.0147043
  outer loop
    vertex 12.66229220967848 -249.6791267927632 -3.057687434406636e-14
    vertex -0.3509605375789856 -249.4313527463289 16.8486525822547
    vertex -12.66229220967787 -249.6791267927632 -3.057687434406636e-14
  endloop
endfacet
facet normal -0.803345 -0.291526 0.519279
  outer loop
    vertex -198.8731701005479 -62.05893844749251 138.1960577329502
    vertex -208.4961504206896 -70.53097479939063 118.5526754383927
    vertex -193.6511539776109 -83.93035737700008 133.9959912598458
  endloop
endfacet
facet normal 0.609091 0.723031 0.325936
  outer loop
    vertex 160.5176789578746 172.2752498699643 83.99591075890589
    vertex 151.0640121268521 186.207421650174 70.75634503373242
    vertex 143.5308369154316 184.3075388688038 89.04846978179989
  endloop
endfacet
facet normal -0.268462 -0.811951 0.518327
  outer loop
    vertex -56.23563754076632 -202.6354117885372 135.1903952197548
    vertex -76.69129673900352 -196.6950127984109 133.9011461665773
    vertex -70.94987022935486 -208.0381590794839 119.1060043879277
  endloop
endfacet
facet normal 0.0221839 -0.962562 0.270154
  outer loop
    vertex -5.585549470225423 -238.4584234656151 74.87577655963958
    vertex 1.985058206915605 -243.8855778050095 54.91706913730771
    vertex 18.60079650393683 -239.0876029189699 70.64791928910651
  endloop
endfacet
facet normal 0.113077 0.992507 0.0462915
  outer loop
    vertex 24.50428508239019 248.7961816680492 0
    vertex 17.88824602801245 248.7135553138918 17.93259761342331
    vertex 36.9289704919015 246.4485670341205 19.98386712417935
  endloop
endfacet
facet normal -0.884769 -0.264421 0.383752
  outer loop
    vertex -216.1385191062202 -76.61334871741359 99.57175983618079
    vertex -219.3622889777405 -58.0475056051833 104.9317552862929
    vertex -226.6175718416 -59.72678043508915 87.04704378366858
  endloop
endfacet
facet normal -0.25002 0.282864 0.926001
  outer loop
    vertex -74.99396036032408 69.23390357170909 228.2160653978975
    vertex -56.99867124797045 59.81558321058 235.9517905868569
    vertex -54.42271746030183 80.81689646568435 230.2320504836175
  endloop
endfacet
facet normal 0.590355 0.79731 0.125607
  outer loop
    vertex 138.7764827457357 204.1546463864804 39.5217433260938
    vertex 157.5531807896704 191.2718561653226 33.04651664138884
    vertex 149.1271003655039 199.7892924303184 18.58350254310638
  endloop
endfacet
facet normal -0.597851 0.774489 0.206738
  outer loop
    vertex -139.5983729351353 199.1310494591877 57.9579107210176
    vertex -148.5598861643101 197.1944436188667 39.29773057942187
    vertex -159.2480845268884 185.2849570098525 53.00502127510285
  endloop
endfacet
facet normal -0.112036 0.992647 0.0458245
  outer loop
    vertex -35.70882282110969 246.5842813887191 20.5200425131041
    vertex -17.91261831180737 248.7132409235566 17.91261830432471
    vertex -24.5042850823901 248.7961816680492 0
  endloop
endfacet
facet normal -0.827045 0.554144 0.0944489
  outer loop
    vertex -213.6569622436032 128.0610548893656 21.23837812683451
    vertex -205.2954237381228 137.9768550700303 36.27914631256446
    vertex -199.9849932680011 148.6946144141279 19.89759060367312
  endloop
endfacet
facet normal 0.858708 -0.340057 0.383382
  outer loop
    vertex 209.3502764262225 -96.78124288625791 96.46684811714019
    vertex 219.8181021307217 -84.40847765888613 83.9953026957873
    vertex 216.7172173471668 -73.25813878460738 100.8310111380228
  endloop
endfacet
facet normal -0.177615 0.934271 0.309177
  outer loop
    vertex -40.96183137776563 230.0526648684851 88.87012859835399
    vertex -34.69733202476202 237.3983781405046 70.27165293787687
    vertex -52.19885042029291 234.9801887109919 67.52474308093693
  endloop
endfacet
facet normal 0.212062 0.142175 0.966859
  outer loop
    vertex 42.4046882469021 24.14921202209591 245.1910642201198
    vertex 68.35218818882868 37.07687629328726 237.59899750237
    vertex 42.66632187246582 47.68466028504884 241.6728328782005
  endloop
endfacet
facet normal -0.482985 -0.829261 0.281162
  outer loop
    vertex -131.5219499750142 -200.8406642100229 69.74958261127217
    vertex -116.4734088848139 -212.9505991412038 59.88311404856371
    vertex -111.6747488162469 -209.3412487151334 78.7717719949021
  endloop
endfacet
facet normal 0.59577 0.786464 0.16289
  outer loop
    vertex 153.1568560753979 190.835711554847 51.23191029480644
    vertex 157.5531807896704 191.2718561653226 33.04651664138884
    vertex 138.7764827457357 204.1546463864804 39.5217433260938
  endloop
endfacet
facet normal -0.09968 -0.978689 0.17953
  outer loop
    vertex -36.78525771774131 -244.1519558803428 39.20034763165366
    vertex -13.88275624312062 -246.7050510546657 37.99851132885185
    vertex -21.87204134709664 -242.3189829859701 57.47281350304713
  endloop
endfacet
facet normal 0.396885 -0.193083 0.89733
  outer loop
    vertex 88.70847637649433 -55.38085043830267 227.076567755661
    vertex 107.8003648357697 -56.0682444856004 218.4844005909298
    vertex 103.902957363119 -36.16065708866412 224.4918313215738
  endloop
endfacet
facet normal 0.815038 0.546719 0.191861
  outer loop
    vertex 206.4981522378979 129.0747956150108 56.5527210598848
    vertex 207.8673207647273 133.7919603326073 37.29461500608414
    vertex 197.712126856132 146.2969455936064 44.80087726826525
  endloop
endfacet
facet normal 0.459813 0.0680266 0.885406
  outer loop
    vertex 115.7300951463884 3.412758863413425 221.5736856089822
    vertex 126.4678710504557 19.994211263988 214.7233315406044
    vertex 107.8461879276549 28.37249824671099 223.750309704173
  endloop
endfacet
facet normal 0.998699 -0.0506483 0.0059586
  outer loop
    vertex 250 1.530808498934192e-14 0
    vertex 249.2819924216838 -12.48309789183256 14.23588849698304
    vertex 248.7173308479738 -25.29208049685802 -3.097386542425438e-15
  endloop
endfacet
facet normal -0.219555 0.650751 0.726855
  outer loop
    vertex -41.93717493973855 162.1044623516326 185.6432510051521
    vertex -59.20327100090958 171.3038132773975 172.1916846407381
    vertex -64.942147838857 154.454401335111 185.5434055478354
  endloop
endfacet
facet normal -0.096584 0.382141 0.919043
  outer loop
    vertex -19.17193806109573 106.5740028463486 225.3317969312986
    vertex -36.91695943441062 95.66844331958873 228.0015067031898
    vertex -21.23837811379698 83.91799210222131 234.5350760475433
  endloop
endfacet
facet normal 0.396916 -0.790394 0.46662
  outer loop
    vertex 88.54440735647054 -204.4549548945794 113.3933831621004
    vertex 107.3268765590935 -199.115864550785 106.4603872445641
    vertex 102.1843938736375 -189.7382260927562 126.7191982607665
  endloop
endfacet
facet normal -0.0468381 0.992284 0.114795
  outer loop
    vertex -6.093547686933876e-14 248.7961812346481 24.50428506004544
    vertex -17.91261831180737 248.7132409235566 17.91261830432471
    vertex -21.23837813222485 246.4001384257437 36.5500079081658
  endloop
endfacet
facet normal -0.744109 -0.072348 0.664129
  outer loop
    vertex -177.9005451034499 -15.17115523882868 174.9892342420378
    vertex -190.647653629752 -7.441400224905818 161.5490567232223
    vertex -191.2016624717569 -26.80321322979487 158.8191173272112
  endloop
endfacet
facet normal 0.0460547 0.99254 0.112882
  outer loop
    vertex 20.82510447387018 246.5442244664154 35.80866383860397
    vertex 17.88824602801245 248.7135553138918 17.93259761342331
    vertex -6.093547686933876e-14 248.7961812346481 24.50428506004544
  endloop
endfacet
facet normal -0.202091 0.861485 0.465835
  outer loop
    vertex -58.05723644800637 209.1595770790188 124.0226939400458
    vertex -38.96466065072165 215.3725802562128 120.8155904432672
    vertex -48.96395547690973 221.2083639525881 105.6853385360265
  endloop
endfacet
facet normal -0.126657 -0.449963 0.88402
  outer loop
    vertex -29.82070702782932 -102.1226637213907 226.2336999361681
    vertex -42.0236298139737 -116.5100179077914 217.1622210799665
    vertex -20.74712935001588 -116.7579644724892 220.0843800817647
  endloop
endfacet
facet normal 0.415882 -0.407666 0.812927
  outer loop
    vertex 111.9065244468656 -91.95984250093595 203.7653482646795
    vertex 93.21382324696698 -99.41336984516967 209.590469849444
    vertex 100.3452157540632 -113.358557092838 198.948926132061
  endloop
endfacet
facet normal -0.482173 -0.856276 0.185204
  outer loop
    vertex -108.9216019122644 -221.0653255479315 42.02625937736141
    vertex -116.4734088848139 -212.9505991412038 59.88311404856371
    vertex -132.8011574330761 -206.9671605850948 45.03828397906509
  endloop
endfacet
facet normal -0.183606 0.0474135 0.981856
  outer loop
    vertex -41.92572689361206 24.16887755111937 245.2714797573522
    vertex -58.526482751712 10.80712138283568 242.8123904254687
    vertex -42.19315161171048 -0.5104050478495652 246.4132249773911
  endloop
endfacet
facet normal -0.879779 0.130867 0.457015
  outer loop
    vertex -217.4562596124625 22.85767515173993 121.2035554017077
    vertex -215.3689278710634 42.88352351849147 119.4873563114846
    vertex -224.870456600761 35.49404011445314 103.3123945348226
  endloop
endfacet
facet normal -0.293237 -0.946367 0.135653
  outer loop
    vertex -73.54380600046274 -238.0746354545884 20.29227814049306
    vertex -61.149747613063 -239.1332246201787 39.69898297959115
    vertex -84.47074136292717 -231.8243560022107 40.27607003864378
  endloop
endfacet
facet normal 0.713123 -0.676856 0.182545
  outer loop
    vertex 186.9053059456501 -160.672022427315 41.84385042607016
    vertex 177.1793370835943 -166.5555012334366 58.02368067863992
    vertex 169.8439773694099 -178.3461201098288 42.96143378787425
  endloop
endfacet
facet normal 0.949902 -0.025427 0.311513
  outer loop
    vertex 239.555198954852 4.144296671681412 71.38719394119929
    vertex 233.5765533590486 -2.368074111672417 89.08639596430608
    vertex 236.6704887207447 -18.84273854437853 78.30728556674674
  endloop
endfacet
facet normal 0.314666 -0.92558 0.210444
  outer loop
    vertex 67.44029076326655 -233.3110233044883 59.31082183192702
    vertex 75.85945645840344 -234.803555967974 40.15760165435804
    vertex 91.06401786657526 -227.2321733689649 50.72360432789388
  endloop
endfacet
facet normal -0.881546 0.326524 0.340967
  outer loop
    vertex -214.8256019752649 85.04001010475186 95.48904344137473
    vertex -220.6808527487653 89.54787977862142 76.03379812446117
    vertex -225.5476283474025 71.6806443666902 80.56148316682162
  endloop
endfacet
facet normal -0.680013 0.0324052 0.732484
  outer loop
    vertex -166.0080067963441 20.7226065867117 185.7738282314205
    vertex -179.6031321814178 6.359349357522852 173.7880133564256
    vertex -162.4465831430988 -0.7014030933910498 190.0279338908701
  endloop
endfacet
facet normal 0.388129 -0.820545 0.419597
  outer loop
    vertex 88.54440735647054 -204.4549548945794 113.3933831621004
    vertex 92.19085449791845 -211.6229769348342 96.00292693549633
    vertex 107.3268765590935 -199.115864550785 106.4603872445641
  endloop
endfacet
facet normal -0.180541 0.144855 0.972842
  outer loop
    vertex -42.26690264002545 48.41236134516046 241.598328243811
    vertex -57.49663406105834 36.14324125107612 240.5988428557279
    vertex -41.92572689361206 24.16887755111937 245.2714797573522
  endloop
endfacet
facet normal 0.215128 0.784783 0.581237
  outer loop
    vertex 65.709644653946 189.9066554834944 148.7202232466234
    vertex 59.43475764263833 202.3768827847331 134.2054652325874
    vertex 41.01899941751503 201.0959531263551 142.7510396564196
  endloop
endfacet
facet normal -0.217805 0.192416 0.956837
  outer loop
    vertex -56.99867124797045 59.81558321058 235.9517905868569
    vertex -57.49663406105834 36.14324125107612 240.5988428557279
    vertex -42.26690264002545 48.41236134516046 241.598328243811
  endloop
endfacet
facet normal -0.877599 -0.184379 0.44252
  outer loop
    vertex -225.2653659109698 -38.85449640920308 101.2217517620799
    vertex -219.3622889777405 -58.0475056051833 104.9317552862929
    vertex -212.7820712389899 -49.17556285567915 121.6780759918259
  endloop
endfacet
facet normal 0.564396 0.764346 0.311821
  outer loop
    vertex 143.5308369154316 184.3075388688038 89.04846978179989
    vertex 151.0640121268521 186.207421650174 70.75634503373242
    vertex 135.3341386651968 198.6391156543604 68.75443726628075
  endloop
endfacet
facet normal 0.857686 0.497399 0.130264
  outer loop
    vertex 214.260416484591 127.1758362173137 20.4641298441104
    vertex 207.8673207647273 133.7919603326073 37.29461500608414
    vertex 217.4119270722213 116.2345857892467 41.49186707229958
  endloop
endfacet
facet normal 0.647582 0.741783 0.174344
  outer loop
    vertex 171.3216595793192 177.6734574917956 39.76218633197831
    vertex 157.5531807896704 191.2718561653226 33.04651664138884
    vertex 153.1568560753979 190.835711554847 51.23191029480644
  endloop
endfacet
facet normal 0.0449745 0.696694 0.715957
  outer loop
    vertex 18.60294838233677 167.1984516886698 184.9286566879122
    vertex 16.12754123136876 181.4792448007551 171.1875758353336
    vertex -4.32963728503437e-14 176.7766952833548 176.7766952833548
  endloop
endfacet
facet normal -0.247913 -0.962988 0.1058
  outer loop
    vertex -50.01487244276547 -244.0056625943585 21.44176197102242
    vertex -61.149747613063 -239.1332246201787 39.69898297959115
    vertex -73.54380600046274 -238.0746354545884 20.29227814049306
  endloop
endfacet
facet normal 0.333879 0.0534358 0.9411
  outer loop
    vertex 95.02773360767705 9.29301353891038 231.0484142874692
    vertex 86.57571854522598 25.75488366133641 233.1122710754817
    vertex 71.24726126724863 15.25816976637728 239.1464321651001
  endloop
endfacet
facet normal -0.827806 0.526636 0.193371
  outer loop
    vertex -199.2236845106378 140.4762187748527 55.46490321568767
    vertex -205.2954237381228 137.9768550700303 36.27914631256446
    vertex -214.3330046360868 120.8166506406656 44.32493713067799
  endloop
endfacet
facet normal 0.968459 0.168611 0.183461
  outer loop
    vertex 244.8316550673357 32.05233952238139 39.11659760422857
    vertex 242.2468309062398 50.0363640838022 36.23306756482044
    vertex 238.718916604669 50.76710550652472 54.18468283179738
  endloop
endfacet
facet normal 0.760039 0.621499 0.189945
  outer loop
    vertex 197.712126856132 146.2969455936064 44.80087726826525
    vertex 187.9318328052565 160.7279446829575 36.71721689411213
    vertex 182.6992275752425 161.5111178318214 55.09220507590212
  endloop
endfacet
facet normal 0.632547 0.769859 0.08486
  outer loop
    vertex 149.1271003655039 199.7892924303184 18.58350254310638
    vertex 157.5531807896704 191.2718561653226 33.04651664138884
    vertex 167.0648311981345 185.0553905205452 18.54304764668739
  endloop
endfacet
facet normal 0.38852 -0.259734 0.884076
  outer loop
    vertex 98.04098966467305 -78.18303141449374 216.276161294794
    vertex 107.8003648357697 -56.0682444856004 218.4844005909298
    vertex 88.70847637649433 -55.38085043830267 227.076567755661
  endloop
endfacet
facet normal -0.703037 0.0753363 0.707152
  outer loop
    vertex -182.1645982147375 27.62791445881306 168.975612145421
    vertex -179.6031321814178 6.359349357522852 173.7880133564256
    vertex -166.0080067963441 20.7226065867117 185.7738282314205
  endloop
endfacet
facet normal -0.0902821 0.953058 0.289015
  outer loop
    vertex -20.88934536120232 241.6597555487125 60.53261764137528
    vertex -34.69733202476202 237.3983781405046 70.27165293787687
    vertex -21.23837811379906 234.5350760475445 83.9179921022173
  endloop
endfacet
facet normal 0.730533 -0.143549 0.667619
  outer loop
    vertex 191.022344168136 -35.33784706990907 157.3585097570955
    vertex 179.9030645838923 -24.49287496665613 171.8574596262601
    vertex 176.3364962543516 -46.10766911448322 171.1126030938937
  endloop
endfacet
facet normal 0.979969 0.159887 0.118731
  outer loop
    vertex 246.6554813855485 36.5878844130718 17.95550658263547
    vertex 242.2468309062398 50.0363640838022 36.23306756482044
    vertex 244.8316550673357 32.05233952238139 39.11659760422857
  endloop
endfacet
facet normal -0.882639 -0.450695 0.133502
  outer loop
    vertex -215.1229896509508 -120.244485169241 41.99241729194846
    vertex -224.3957791537212 -102.6077030806038 40.22677673536674
    vertex -223.1934056155273 -110.6398258085658 21.0602145001647
  endloop
endfacet
facet normal 0.67898 -0.679911 0.276961
  outer loop
    vertex 160.7076330498021 -179.8933161960155 65.66164380770998
    vertex 177.1793370835943 -166.5555012334366 58.02368067863992
    vertex 175.6394171764731 -160.2701711293137 77.22866941809471
  endloop
endfacet
facet normal 0.444064 -0.764821 0.46675
  outer loop
    vertex 102.1843938736375 -189.7382260927562 126.7191982607665
    vertex 107.3268765590935 -199.115864550785 106.4603872445641
    vertex 122.2310092838139 -183.8178590222834 117.3480936100972
  endloop
endfacet
facet normal 0.33243 -0.845365 0.418148
  outer loop
    vertex 74.35685005413833 -217.5532141043075 98.19194408357399
    vertex 92.19085449791845 -211.6229769348342 96.00292693549633
    vertex 88.54440735647054 -204.4549548945794 113.3933831621004
  endloop
endfacet
facet normal 0.106604 0.989004 0.102506
  outer loop
    vertex 36.9289704919015 246.4485670341205 19.98386712417935
    vertex 17.88824602801245 248.7135553138918 17.93259761342331
    vertex 20.82510447387018 246.5442244664154 35.80866383860397
  endloop
endfacet
facet normal -0.103043 0.989185 0.104381
  outer loop
    vertex -21.23837813222485 246.4001384257437 36.5500079081658
    vertex -17.91261831180737 248.7132409235566 17.91261830432471
    vertex -35.70882282110969 246.5842813887191 20.5200425131041
  endloop
endfacet
facet normal -0.903181 0.318844 0.287406
  outer loop
    vertex -225.5476283474025 71.6806443666902 80.56148316682162
    vertex -220.6808527487653 89.54787977862142 76.03379812446117
    vertex -228.0254494858198 82.66078297842978 60.59364112002805
  endloop
endfacet
facet normal 0.770289 0.065828 0.634288
  outer loop
    vertex 189.0366811982657 6.484784444603999 163.4719570209285
    vertex 199.7837348684197 16.19002573154386 149.4133272129261
    vertex 189.1827521329541 27.31560369304179 161.1326909422354
  endloop
endfacet
facet normal 0.844648 0.502979 0.183253
  outer loop
    vertex 217.4119270722213 116.2345857892467 41.49186707229958
    vertex 207.8673207647273 133.7919603326073 37.29461500608414
    vertex 206.4981522378979 129.0747956150108 56.5527210598848
  endloop
endfacet
facet normal -0.892119 0.369947 0.259349
  outer loop
    vertex -228.0254494858198 82.66078297842978 60.59364112002805
    vertex -220.6808527487653 89.54787977862142 76.03379812446117
    vertex -218.9302795375062 103.3010477342361 62.43737853752747
  endloop
endfacet
facet normal -0.38167 -0.841562 0.382232
  outer loop
    vertex -105.064939510997 -203.810668990717 99.61209610838904
    vertex -94.3953826486852 -215.5680117205162 84.37976094699312
    vertex -84.57227214177401 -212.4133137950863 101.1341431336021
  endloop
endfacet
facet normal -0.195043 0.457637 0.867483
  outer loop
    vertex -53.60453132508113 104.171694776924 220.850203143945
    vertex -37.34173011974508 112.5626433189121 220.080091150298
    vertex -48.91977001568954 124.8701461956135 210.9841290019185
  endloop
endfacet
facet normal 0.193296 0.87565 0.442577
  outer loop
    vertex 55.76576887670186 221.2958878370535 102.0701182913025
    vertex 38.98008500950971 223.3303189203841 105.3760960729278
    vertex 43.03374630689425 214.9534208100575 120.1795471819069
  endloop
endfacet
facet normal 0.751488 -0.101117 0.651952
  outer loop
    vertex 191.0804678177596 -14.01948859965629 160.5979724590266
    vertex 179.9030645838923 -24.49287496665613 171.8574596262601
    vertex 191.022344168136 -35.33784706990907 157.3585097570955
  endloop
endfacet
facet normal -0.101619 0.701595 0.705293
  outer loop
    vertex -21.23837812193873 167.2828031981168 184.5681311844753
    vertex -16.94076328095712 182.1054913908 170.4423672235688
    vertex -36.47810091407853 178.0381491037321 171.6734272315304
  endloop
endfacet
facet normal -0.83529 0.187612 0.51681
  outer loop
    vertex -215.3689278710634 42.88352351849147 119.4873563114846
    vertex -207.018222613188 36.31434309781748 135.3688442421317
    vertex -207.0953955127171 58.97152242371872 127.0191194287699
  endloop
endfacet
facet normal -0.353293 -0.769285 0.532339
  outer loop
    vertex -94.29654547112597 -196.2350899287836 122.8818578670345
    vertex -76.69129673900352 -196.6950127984109 133.9011461665773
    vertex -87.60070677748163 -185.1983464925306 143.2748708899026
  endloop
endfacet
facet normal -0.731075 -0.0197614 0.682011
  outer loop
    vertex -179.6031321814178 6.359349357522852 173.7880133564256
    vertex -190.647653629752 -7.441400224905818 161.5490567232223
    vertex -177.9005451034499 -15.17115523882868 174.9892342420378
  endloop
endfacet
facet normal -0.103166 -0.986244 0.129146
  outer loop
    vertex -25.62151793827986 -247.9450507128325 19.15175306726104
    vertex -13.88275624312062 -246.7050510546657 37.99851132885185
    vertex -36.78525771774131 -244.1519558803428 39.20034763165366
  endloop
endfacet
facet normal -0.111575 0.737534 0.666029
  outer loop
    vertex -36.47810091407853 178.0381491037321 171.6734272315304
    vertex -16.94076328095712 182.1054913908 170.4423672235688
    vertex -27.34538895031076 192.1575528193393 157.5680951133161
  endloop
endfacet
facet normal -0.31044 -0.733066 0.605179
  outer loop
    vertex -87.60070677748163 -185.1983464925306 143.2748708899026
    vertex -66.69209884571465 -189.6861011548394 148.5642856820893
    vertex -76.17486603659249 -175.1581163843784 161.2979356624992
  endloop
endfacet
facet normal -0.945853 -0.130494 0.297208
  outer loop
    vertex -239.3083194376678 -36.1778425942306 62.63139750274015
    vertex -233.0256634590023 -43.54151157682519 79.39254964476828
    vertex -234.4520948880925 -24.1937560598735 83.34792961016012
  endloop
endfacet
facet normal 0.78797 0.113321 0.605195
  outer loop
    vertex 189.1827521329541 27.31560369304179 161.1326909422354
    vertex 199.7837348684197 16.19002573154386 149.4133272129261
    vertex 203.2537166197282 33.48437325489952 141.657062753658
  endloop
endfacet
facet normal -0.179221 0.2408 0.953884
  outer loop
    vertex -37.79081975208254 70.37278262567415 236.8956002292681
    vertex -56.99867124797045 59.81558321058 235.9517905868569
    vertex -42.26690264002545 48.41236134516046 241.598328243811
  endloop
endfacet
facet normal 0.28959 0.933546 0.211256
  outer loop
    vertex 71.11743763184801 236.1853092643358 40.72848821636099
    vertex 61.62383365568567 235.0228950879272 58.87904474484572
    vertex 79.57256032770029 228.7692656364523 61.90985982097523
  endloop
endfacet
facet normal 0.274319 0.78483 0.555689
  outer loop
    vertex 79.26783975592943 195.9597021910633 133.4781056863562
    vertex 59.43475764263833 202.3768827847331 134.2054652325874
    vertex 65.709644653946 189.9066554834944 148.7202232466234
  endloop
endfacet
facet normal 0.666672 0.735289 0.122057
  outer loop
    vertex 167.0648311981345 185.0553905205452 18.54304764668739
    vertex 157.5531807896704 191.2718561653226 33.04651664138884
    vertex 171.3216595793192 177.6734574917956 39.76218633197831
  endloop
endfacet
facet normal -0.263863 -0.787826 0.556513
  outer loop
    vertex -66.69209884571465 -189.6861011548394 148.5642856820893
    vertex -76.69129673900352 -196.6950127984109 133.9011461665773
    vertex -56.23563754076632 -202.6354117885372 135.1903952197548
  endloop
endfacet
facet normal -0.131024 0.936353 0.325692
  outer loop
    vertex -21.23837811379906 234.5350760475445 83.9179921022173
    vertex -34.69733202476202 237.3983781405046 70.27165293787687
    vertex -40.96183137776563 230.0526648684851 88.87012859835399
  endloop
endfacet
facet normal 0.186377 0.900936 0.391889
  outer loop
    vertex 41.26200871112638 229.6730538258302 89.70916889281858
    vertex 38.98008500950971 223.3303189203841 105.3760960729278
    vertex 55.76576887670186 221.2958878370535 102.0701182913025
  endloop
endfacet
facet normal -0.332296 -0.872161 0.359046
  outer loop
    vertex -84.57227214177401 -212.4133137950863 101.1341431336021
    vertex -94.3953826486852 -215.5680117205162 84.37976094699312
    vertex -76.82848858995696 -223.9389893014552 80.3038754458688
  endloop
endfacet
facet normal -0.853777 0.132148 0.503589
  outer loop
    vertex -217.4562596124625 22.85767515173993 121.2035554017077
    vertex -207.018222613188 36.31434309781748 135.3688442421317
    vertex -215.3689278710634 42.88352351849147 119.4873563114846
  endloop
endfacet
facet normal 0.0922366 0.698659 0.709484
  outer loop
    vertex 34.14642344212855 175.7873803981238 174.450046313769
    vertex 16.12754123136876 181.4792448007551 171.1875758353336
    vertex 18.60294838233677 167.1984516886698 184.9286566879122
  endloop
endfacet
facet normal -0.122032 0.418843 0.899821
  outer loop
    vertex -19.17193806109573 106.5740028463486 225.3317969312986
    vertex -37.34173011974508 112.5626433189121 220.080091150298
    vertex -36.91695943441062 95.66844331958873 228.0015067031898
  endloop
endfacet
facet normal 0.109855 0.732721 0.671604
  outer loop
    vertex 26.64301910721583 191.0735460215 159.0001557974779
    vertex 16.12754123136876 181.4792448007551 171.1875758353336
    vertex 34.14642344212855 175.7873803981238 174.450046313769
  endloop
endfacet
facet normal -0.307974 -0.759462 0.573035
  outer loop
    vertex -87.60070677748163 -185.1983464925306 143.2748708899026
    vertex -76.69129673900352 -196.6950127984109 133.9011461665773
    vertex -66.69209884571465 -189.6861011548394 148.5642856820893
  endloop
endfacet
facet normal -0.171647 0.414691 0.893627
  outer loop
    vertex -36.91695943441062 95.66844331958873 228.0015067031898
    vertex -37.34173011974508 112.5626433189121 220.080091150298
    vertex -53.60453132508113 104.171694776924 220.850203143945
  endloop
endfacet
facet normal -0.059878 -0.0392014 0.997436
  outer loop
    vertex -21.20542256961148 12.1020943181196 248.804882120025
    vertex -32.04618240676199 -24.64221291210033 246.7099583234273
    vertex -2.959892086168626 -29.12689962999915 248.2798073883218
  endloop
endfacet
endsolid Gmsh Surface 2
